{"annotatable": {"parts": ["s1p1", "s1p2", "s1p3"]}, "anncomplete": true, "sources": [], "strength_pitch": {"value": "2", "confidence": {"state": "pre-added", "who": ["user:anne"], "prob": 1}}, "entities": [{"classId": "major_claim", "part": "s1p2", "offsets": [{"start": 66, "text": "Auf einer benutzerfreundlichen Plattform werden Projekte zertifizierter Hilfswerke ansprechend beworben, Spendenprozesse integriert und individualisiert und aktive Projektteilnahmen zug\u00e4nglich."}], "coordinates": [], "confidence": {"state": "pre-added", "who": ["user:anne"], "prob": 1}, "normalizations": {}, "fields": {"specificity": {"value": "4", "confidence": {"state": "pre-added", "who": ["user:anne"], "prob": 1}}, "evidence": {"value": "4", "confidence": {"state": "pre-added", "who": ["user:anne"], "prob": 1}}}}, {"classId": "claim", "part": "s1p2", "offsets": [{"start": 260, "text": "\u00dcber die Erstellung eines Benutzerprofils wird zertifizierten Hilfswerken und potenziellen Spendern/Projektteilnehmern (Nachfrager) der Zugang zur Plattform gew\u00e4hrt."}], "coordinates": [], "confidence": {"state": "pre-added", "who": ["user:anne"], "prob": 1}, "normalizations": {}, "fields": {"evidence": {"value": "4", "confidence": {"state": "pre-added", "who": ["user:anne"], "prob": 1}}}}, {"classId": "premise", "part": "s1p2", "offsets": [{"start": 426, "text": "Im Rahmen der Profilerstellung wird aus Sicht des Nachfragers eine Pr\u00e4ferenzabfrage vorgenommen, um eine individuelle Angebots\u00fcbersicht schalten zu k\u00f6nnen."}], "coordinates": [], "confidence": {"state": "pre-added", "who": ["user:anne"], "prob": 1}, "normalizations": {}, "fields": {"strength_premise": {"value": "3", "confidence": {"state": "pre-added", "who": ["user:anne"], "prob": 1}}, "relevance_premise": {"value": "4", "confidence": {"state": "pre-added", "who": ["user:anne"], "prob": 1}}}}, {"classId": "claim", "part": "s1p2", "offsets": [{"start": 582, "text": "Weiter werden pers\u00f6nliche Daten (bspw. Zahlungsinformationen) erfasst"}], "coordinates": [], "confidence": {"state": "pre-added", "who": ["user:anne"], "prob": 1}, "normalizations": {}, "fields": {"evidence": {"value": "4", "confidence": {"state": "pre-added", "who": ["user:anne"], "prob": 1}}}}, {"classId": "premise", "part": "s1p2", "offsets": [{"start": 653, "text": "um Transaktionen effizienter zu gestalten. Dar\u00fcber hinaus besteht die M\u00f6glichkeit, individuelle Spendenportfolios zu kreieren \u2013 differenzierbar nach Budget, Anzahl Projekten und jeweiligen Spendenanteilen."}], "coordinates": [], "confidence": {"state": "pre-added", "who": ["user:anne"], "prob": 1}, "normalizations": {}, "fields": {"strength_premise": {"value": "3", "confidence": {"state": "pre-added", "who": ["user:anne"], "prob": 1}}, "relevance_premise": {"value": "3", "confidence": {"state": "pre-added", "who": ["user:anne"], "prob": 1}}}}, {"classId": "claim", "part": "s1p2", "offsets": [{"start": 859, "text": "Erg\u00e4nzend soll ein Forum den Erfahrungsaustausch sicherstellen und erbrachte Leistungen \u00fcber soziale Medien teilbar werden."}], "coordinates": [], "confidence": {"state": "pre-added", "who": ["user:anne"], "prob": 1}, "normalizations": {}, "fields": {"evidence": {"value": "3", "confidence": {"state": "pre-added", "who": ["user:anne"], "prob": 1}}}}, {"classId": "premise", "part": "s1p2", "offsets": [{"start": 983, "text": "Zuletzt ist vorgesehen, ein Punktesystem einzuf\u00fchren, das f\u00fcr den einzelnen nachfrageseitigen Benutzer den Grad an sozialem Engagement misst."}], "coordinates": [], "confidence": {"state": "pre-added", "who": ["user:anne"], "prob": 1}, "normalizations": {}, "fields": {"strength_premise": {"value": "3", "confidence": {"state": "pre-added", "who": ["user:anne"], "prob": 1}}, "relevance_premise": {"value": "3", "confidence": {"state": "pre-added", "who": ["user:anne"], "prob": 1}}}}, {"classId": "claim", "part": "s1p2", "offsets": [{"start": 1125, "text": "F\u00fcr in der \u00d6ffentlichkeit stehende Pers\u00f6nlichkeiten, wie Politiker oder \u201eInstagramer\u201c, k\u00f6nnte es zur Selbstverst\u00e4ndlichkeit werden, \u00fcber ein Profil auf der Plattform zu verf\u00fcgen und sich sozial zu engagieren,"}], "coordinates": [], "confidence": {"state": "pre-added", "who": ["user:anne"], "prob": 1}, "normalizations": {}, "fields": {"evidence": {"value": "4", "confidence": {"state": "pre-added", "who": ["user:anne"], "prob": 1}}}}, {"classId": "premise", "part": "s1p2", "offsets": [{"start": 1334, "text": "um eine entsprechend hohe Punktzahl auf den sozialen Netzwerken teilen zu k\u00f6nnen."}], "coordinates": [], "confidence": {"state": "pre-added", "who": ["user:anne"], "prob": 1}, "normalizations": {}, "fields": {"strength_premise": {"value": "3", "confidence": {"state": "pre-added", "who": ["user:anne"], "prob": 1}}, "relevance_premise": {"value": "3", "confidence": {"state": "pre-added", "who": ["user:anne"], "prob": 1}}}}, {"classId": "claim", "part": "s1p2", "offsets": [{"start": 1416, "text": "Weitergehend sollen die Benutzer mit hohem Punktestand mittels Partnerschaften von speziellen Angeboten profitieren, gewisserma\u00dfen als zus\u00e4tzliches Tool zur Anerkennung von geleistetem sozialem Engagement."}], "coordinates": [], "confidence": {"state": "pre-added", "who": ["user:anne"], "prob": 1}, "normalizations": {}, "fields": {"evidence": {"value": "3", "confidence": {"state": "pre-added", "who": ["user:anne"], "prob": 1}}}}, {"classId": "premise", "part": "s1p2", "offsets": [{"start": 1622, "text": "Den Partnerunternehmen wird erlaubt, unter Einhaltung bestimmter Auflagen, Werbung auf der Plattform zu schalten."}], "coordinates": [], "confidence": {"state": "pre-added", "who": ["user:anne"], "prob": 1}, "normalizations": {}, "fields": {"strength_premise": {"value": "3", "confidence": {"state": "pre-added", "who": ["user:anne"], "prob": 1}}, "relevance_premise": {"value": "3", "confidence": {"state": "pre-added", "who": ["user:anne"], "prob": 1}}}}, {"classId": "claim", "part": "s1p2", "offsets": [{"start": 1736, "text": "Im Gegenzug wird daf\u00fcr eine Werbegeb\u00fchr verrechnet,"}], "coordinates": [], "confidence": {"state": "pre-added", "who": ["user:anne"], "prob": 1}, "normalizations": {}, "fields": {"evidence": {"value": "3", "confidence": {"state": "pre-added", "who": ["user:anne"], "prob": 1}}}}, {"classId": "premise", "part": "s1p2", "offsets": [{"start": 1788, "text": "um die Finanzierung der Plattform zu garantieren."}], "coordinates": [], "confidence": {"state": "pre-added", "who": ["user:anne"], "prob": 1}, "normalizations": {}, "fields": {"strength_premise": {"value": "3", "confidence": {"state": "pre-added", "who": ["user:anne"], "prob": 1}}, "relevance_premise": {"value": "3", "confidence": {"state": "pre-added", "who": ["user:anne"], "prob": 1}}}}], "relations": [{"classId": "support", "type": "linked", "directed": false, "entities": ["s1p2|e_3|426,580", "s1p2|e_2|260,424"], "confidence": {"state": "pre-added", "who": ["user:anne"], "prob": 1}}, {"classId": "support", "type": "linked", "directed": false, "entities": ["s1p2|e_3|653,857", "s1p2|e_2|582,650"], "confidence": {"state": "pre-added", "who": ["user:anne"], "prob": 1}}, {"classId": "support", "type": "linked", "directed": false, "entities": ["s1p2|e_3|983,1123", "s1p2|e_2|859,981"], "confidence": {"state": "pre-added", "who": ["user:anne"], "prob": 1}}, {"classId": "support", "type": "linked", "directed": false, "entities": ["s1p2|e_3|1622,1734", "s1p2|e_2|1416,1620"], "confidence": {"state": "pre-added", "who": ["user:anne"], "prob": 1}}, {"classId": "support", "type": "linked", "directed": false, "entities": ["s1p2|e_3|1788,1836", "s1p2|e_2|1736,1786"], "confidence": {"state": "pre-added", "who": ["user:anne"], "prob": 1}}]}