{"annotatable": {"parts": ["s1p1", "s1p2", "s1p3"]}, "anncomplete": true, "sources": [], "strength_pitch": {"value": "4", "confidence": {"state": "pre-added", "who": ["user:anne"], "prob": 1}}, "entities": [{"classId": "major_claim", "part": "s1p1", "offsets": [{"start": 198, "text": "Bei SmartArt handelt es sich um eine neuartige App, die Kunstinteressenten und K\u00fcnstler auf eine neue Weise zusammenbringt."}], "coordinates": [], "confidence": {"state": "pre-added", "who": ["user:anne"], "prob": 1}, "normalizations": {}, "fields": {"specificity": {"value": "4", "confidence": {"state": "pre-added", "who": ["user:anne"], "prob": 1}}, "evidence": {"value": "4", "confidence": {"state": "pre-added", "who": ["user:anne"], "prob": 1}}}}, {"classId": "claim", "part": "s1p1", "offsets": [{"start": 322, "text": "Sammler und solche, die es gerne werden wollen, k\u00f6nnen auf der App durch pr\u00e4ferenzorientierte und lernende Empfehlungen neue, aufstrebende K\u00fcnstler entdecken."}], "coordinates": [], "confidence": {"state": "pre-added", "who": ["user:anne"], "prob": 1}, "normalizations": {}, "fields": {"evidence": {"value": "4", "confidence": {"state": "pre-added", "who": ["user:anne"], "prob": 1}}}}, {"classId": "premise", "part": "s1p1", "offsets": [{"start": 481, "text": "Die Empfehlungen k\u00f6nnen durch Swipen erkundet werden \u2013 der Algorithmus im Hintergrund lernt den User so mit der Zeit genau kennen und kann sehr gute Empfehlungen genau nach dem Geschmack des K\u00e4ufers treffen."}], "coordinates": [], "confidence": {"state": "pre-added", "who": ["user:anne"], "prob": 1}, "normalizations": {}, "fields": {"strength_premise": {"value": "4", "confidence": {"state": "pre-added", "who": ["user:anne"], "prob": 1}}, "relevance_premise": {"value": "4", "confidence": {"state": "pre-added", "who": ["user:anne"], "prob": 1}}}}, {"classId": "claim", "part": "s1p1", "offsets": [{"start": 689, "text": "Durch den Einbau von Aspekten aus Social Media, wie zB einer Chatfunktion oder durch eine Einbindung von Facebook oder Whatsapp wird das Teilen und das Besprechen von neu entdeckten Kunstwerken wesentlich erleichtert"}], "coordinates": [], "confidence": {"state": "pre-added", "who": ["user:anne"], "prob": 1}, "normalizations": {}, "fields": {"evidence": {"value": "4", "confidence": {"state": "pre-added", "who": ["user:anne"], "prob": 1}}}}, {"classId": "premise", "part": "s1p1", "offsets": [{"start": 908, "text": "die Kunden k\u00f6nnen so direkt pr\u00fcfen, wie ein potenziell zu erwerbendes Werk in der Peergroup ankommt."}], "coordinates": [], "confidence": {"state": "pre-added", "who": ["user:anne"], "prob": 1}, "normalizations": {}, "fields": {"strength_premise": {"value": "4", "confidence": {"state": "pre-added", "who": ["user:anne"], "prob": 1}}, "relevance_premise": {"value": "4", "confidence": {"state": "pre-added", "who": ["user:anne"], "prob": 1}}}}, {"classId": "claim", "part": "s1p2", "offsets": [{"start": 0, "text": "Es sind zahlreiche Informationen zu den K\u00fcnstlern und zu potenziellen Erwerbsm\u00f6glichkeiten verf\u00fcgbar, eine Kooperation mit grossen Auktionsh\u00e4usern oder Galerien ist langfristig auf jeden fall denkbar."}], "coordinates": [], "confidence": {"state": "pre-added", "who": ["user:anne"], "prob": 1}, "normalizations": {}, "fields": {"evidence": {"value": "4", "confidence": {"state": "pre-added", "who": ["user:anne"], "prob": 1}}}}, {"classId": "premise", "part": "s1p2", "offsets": [{"start": 201, "text": "So kann die neue App die Kundenbed\u00fcrfnisse nach dem Finden von neuen, avantgardistischen K\u00fcnstlern erf\u00fcllen. Peers k\u00f6nnen beeindruckt werden, neue, interessante und ungew\u00f6hnliche Kunst wird gefunden."}], "coordinates": [], "confidence": {"state": "pre-added", "who": ["user:anne"], "prob": 1}, "normalizations": {}, "fields": {"strength_premise": {"value": "3", "confidence": {"state": "pre-added", "who": ["user:anne"], "prob": 1}}, "relevance_premise": {"value": "4", "confidence": {"state": "pre-added", "who": ["user:anne"], "prob": 1}}}}, {"classId": "claim", "part": "s1p2", "offsets": [{"start": 401, "text": "Durch die aufstrebende Natur der K\u00fcnstler, die noch nicht im Mainstream angekommen sind, k\u00f6nnen niedrigere Preise erzielt werden."}], "coordinates": [], "confidence": {"state": "pre-added", "who": ["user:anne"], "prob": 1}, "normalizations": {}, "fields": {"evidence": {"value": "4", "confidence": {"state": "pre-added", "who": ["user:anne"], "prob": 1}}}}, {"classId": "premise", "part": "s1p2", "offsets": [{"start": 531, "text": "Galeristen, Auktionsh\u00e4user und K\u00fcnstler selbst k\u00f6nnen durch das Verwenden der App neue, interessierte Kunden akquirieren und mehr Sichtbarkeit im Markt und so langfristig h\u00f6here Preise erzielen."}], "coordinates": [], "confidence": {"state": "pre-added", "who": ["user:anne"], "prob": 1}, "normalizations": {}, "fields": {"strength_premise": {"value": "4", "confidence": {"state": "pre-added", "who": ["user:anne"], "prob": 1}}, "relevance_premise": {"value": "4", "confidence": {"state": "pre-added", "who": ["user:anne"], "prob": 1}}}}, {"classId": "claim", "part": "s1p3", "offsets": [{"start": 0, "text": "Eine Kommerzialisierung ist durch Provisionen auf jeden Kauf, der durch das Verwenden der App zustande kam oder durch Werbung, zum Beispiel durch das vermehrte Anzeigen bestimmter K\u00fcnstler oder Galerien, denkbar. Zus\u00e4tzlich ist ein Subscription-Model eingebaut \u2013 die Zahlungsbereitschaft daf\u00fcr sollte gegeben sein,"}], "coordinates": [], "confidence": {"state": "pre-added", "who": ["user:anne"], "prob": 1}, "normalizations": {}, "fields": {"evidence": {"value": "4", "confidence": {"state": "pre-added", "who": ["user:anne"], "prob": 1}}}}, {"classId": "premise", "part": "s1p3", "offsets": [{"start": 315, "text": "da es sich um ein hochpreisiges Produkt handelt. Mit der Premium- Version bekommen die Kunden interessante Kunstwerke vorausgew\u00e4hlt zugesandt."}], "coordinates": [], "confidence": {"state": "pre-added", "who": ["user:anne"], "prob": 1}, "normalizations": {}, "fields": {"strength_premise": {"value": "3", "confidence": {"state": "pre-added", "who": ["user:anne"], "prob": 1}}, "relevance_premise": {"value": "3", "confidence": {"state": "pre-added", "who": ["user:anne"], "prob": 1}}}}], "relations": [{"classId": "support", "type": "linked", "directed": false, "entities": ["s1p1|e_3|481,687", "s1p1|e_2|322,479"], "confidence": {"state": "pre-added", "who": ["user:anne"], "prob": 1}}, {"classId": "support", "type": "linked", "directed": false, "entities": ["s1p1|e_3|908,1007", "s1p1|e_2|689,904"], "confidence": {"state": "pre-added", "who": ["user:anne"], "prob": 1}}, {"classId": "support", "type": "linked", "directed": false, "entities": ["s1p2|e_3|201,399", "s1p2|e_2|0,199"], "confidence": {"state": "pre-added", "who": ["user:anne"], "prob": 1}}, {"classId": "support", "type": "linked", "directed": false, "entities": ["s1p2|e_3|531,724", "s1p2|e_2|401,529"], "confidence": {"state": "pre-added", "who": ["user:anne"], "prob": 1}}, {"classId": "support", "type": "linked", "directed": false, "entities": ["s1p3|e_3|315,456", "s1p3|e_2|0,313"], "confidence": {"state": "pre-added", "who": ["user:anne"], "prob": 1}}]}