{"annotatable": {"parts": ["s1p1", "s1p2"]}, "anncomplete": true, "sources": [], "strength_pitch": {"value": "4", "confidence": {"state": "pre-added", "who": ["user:anne"], "prob": 1}}, "entities": [{"classId": "major_claim", "part": "s1p1", "offsets": [{"start": 70, "text": "Die Webseite bietet die beste Auswahl an Haushaltprodukten, welche die Artikel anhand eines Abos in regelm\u00e4ssigen Abst\u00e4nden zu den Kunden liefert."}], "coordinates": [], "confidence": {"state": "pre-added", "who": ["user:anne"], "prob": 1}, "normalizations": {}, "fields": {"specificity": {"value": "3", "confidence": {"state": "pre-added", "who": ["user:anne"], "prob": 1}}, "evidence": {"value": "3", "confidence": {"state": "pre-added", "who": ["user:anne"], "prob": 1}}}}, {"classId": "claim", "part": "s1p1", "offsets": [{"start": 217, "text": "Die Kunden k\u00f6nnen dabei selber entscheiden, welche Produkte sie ben\u00f6tigen und wie viel sie bereit sind auszugeben."}], "coordinates": [], "confidence": {"state": "pre-added", "who": ["user:anne"], "prob": 1}, "normalizations": {}, "fields": {"evidence": {"value": "3", "confidence": {"state": "pre-added", "who": ["user:anne"], "prob": 1}}}}, {"classId": "premise", "part": "s1p1", "offsets": [{"start": 332, "text": "Mit den vorhandenen Filter k\u00f6nnen die Artikel optimal auf die Bed\u00fcrfnisse zugeschnitten werden (nachhaltig hergestellt, extra weich, extrem billig,...)."}], "coordinates": [], "confidence": {"state": "pre-added", "who": ["user:anne"], "prob": 1}, "normalizations": {}, "fields": {"strength_premise": {"value": "3", "confidence": {"state": "pre-added", "who": ["user:anne"], "prob": 1}}, "relevance_premise": {"value": "3", "confidence": {"state": "pre-added", "who": ["user:anne"], "prob": 1}}}}, {"classId": "claim", "part": "s1p1", "offsets": [{"start": 485, "text": "Essential@Home wird dann innerhalb der Pr\u00e4ferenzen und angegebenen Preispanne immer die bestm\u00f6gliche Variante zusammenstellen und dabei auch laufende Aktionen beachten."}], "coordinates": [], "confidence": {"state": "pre-added", "who": ["user:anne"], "prob": 1}, "normalizations": {}, "fields": {"evidence": {"value": "3", "confidence": {"state": "pre-added", "who": ["user:anne"], "prob": 1}}}}, {"classId": "claim", "part": "s1p1", "offsets": [{"start": 654, "text": "Die Artikel k\u00f6nnen anhand eines Subscription-Modells in dem gew\u00fcnschten Abstand (Monatlich, jeden 2 Monat, etc.) bequem nach Hause geliefert werden."}], "coordinates": [], "confidence": {"state": "pre-added", "who": ["user:anne"], "prob": 1}, "normalizations": {}, "fields": {"evidence": {"value": "4", "confidence": {"state": "pre-added", "who": ["user:anne"], "prob": 1}}}}, {"classId": "premise", "part": "s1p1", "offsets": [{"start": 803, "text": "So muss sich der User nach der einmaligen Zusammenstellung der Pr\u00e4ferenzen nicht mehr um den Einkauf seiner Haushaltartikel k\u00fcmmern."}], "coordinates": [], "confidence": {"state": "pre-added", "who": ["user:anne"], "prob": 1}, "normalizations": {}, "fields": {"strength_premise": {"value": "3", "confidence": {"state": "pre-added", "who": ["user:anne"], "prob": 1}}, "relevance_premise": {"value": "3", "confidence": {"state": "pre-added", "who": ["user:anne"], "prob": 1}}}}, {"classId": "claim", "part": "s1p1", "offsets": [{"start": 936, "text": "Um den Lieferungszeitpunkt zu optimieren, k\u00f6nnen die User in der App angeben, wie lange sie die Produkte verwendet haben."}], "coordinates": [], "confidence": {"state": "pre-added", "who": ["user:anne"], "prob": 1}, "normalizations": {}, "fields": {"evidence": {"value": "4", "confidence": {"state": "pre-added", "who": ["user:anne"], "prob": 1}}}}, {"classId": "premise", "part": "s1p1", "offsets": [{"start": 1058, "text": "Kombiniert mit den R\u00fcckmeldungen anderer User wird Essentials@Home berechnen, wann welche Produkte nachbestellt werden m\u00fcssen."}], "coordinates": [], "confidence": {"state": "pre-added", "who": ["user:anne"], "prob": 1}, "normalizations": {}, "fields": {"strength_premise": {"value": "3", "confidence": {"state": "pre-added", "who": ["user:anne"], "prob": 1}}, "relevance_premise": {"value": "3", "confidence": {"state": "pre-added", "who": ["user:anne"], "prob": 1}}}}, {"classId": "claim", "part": "s1p1", "offsets": [{"start": 1185, "text": "Zudem wird das Sammeln von Loyalit\u00e4tspunkten so einfach wie noch nie."}], "coordinates": [], "confidence": {"state": "pre-added", "who": ["user:anne"], "prob": 1}, "normalizations": {}, "fields": {"evidence": {"value": "3", "confidence": {"state": "pre-added", "who": ["user:anne"], "prob": 1}}}}, {"classId": "premise", "part": "s1p1", "offsets": [{"start": 1255, "text": "Die Punkte werden automatisch gesammelt und zum bestm\u00f6glichen Zeitpunkt eingel\u00f6st."}], "coordinates": [], "confidence": {"state": "pre-added", "who": ["user:anne"], "prob": 1}, "normalizations": {}, "fields": {"strength_premise": {"value": "3", "confidence": {"state": "pre-added", "who": ["user:anne"], "prob": 1}}, "relevance_premise": {"value": "3", "confidence": {"state": "pre-added", "who": ["user:anne"], "prob": 1}}}}, {"classId": "claim", "part": "s1p1", "offsets": [{"start": 1338, "text": "Da es sich bei Haushaltartikel um Low- Involvement-Produkte handelt und der Kunde so wenig Zeit wie m\u00f6glich beim Einkauf aufwenden will,"}], "coordinates": [], "confidence": {"state": "pre-added", "who": ["user:anne"], "prob": 1}, "normalizations": {}, "fields": {"evidence": {"value": "4", "confidence": {"state": "pre-added", "who": ["user:anne"], "prob": 1}}}}, {"classId": "premise", "part": "s1p1", "offsets": [{"start": 1475, "text": "wird hier ein Algorithmus entscheiden, wann die Punkte eingel\u00f6st werden sollen. Der Kunde wird abh\u00e4ngig von den Punkten und beispielweise von Aktionen das bestm\u00f6gliche Angebot erhalten ohne eine Aktion daf\u00fcr vornehmen zu m\u00fcssen."}], "coordinates": [], "confidence": {"state": "pre-added", "who": ["user:anne"], "prob": 1}, "normalizations": {}, "fields": {"strength_premise": {"value": "3", "confidence": {"state": "pre-added", "who": ["user:anne"], "prob": 1}}, "relevance_premise": {"value": "3", "confidence": {"state": "pre-added", "who": ["user:anne"], "prob": 1}}}}, {"classId": "claim", "part": "s1p1", "offsets": [{"start": 1704, "text": "Essentials@Home bietet die Produkte nicht selber an sondern bringt verschiedene Anbieter f\u00fcr den Konsumenten auf einer Plattform zusammen."}], "coordinates": [], "confidence": {"state": "pre-added", "who": ["user:anne"], "prob": 1}, "normalizations": {}, "fields": {"evidence": {"value": "4", "confidence": {"state": "pre-added", "who": ["user:anne"], "prob": 1}}}}], "relations": [{"classId": "support", "type": "linked", "directed": false, "entities": ["s1p1|e_3|803,934", "s1p1|e_2|654,801"], "confidence": {"state": "pre-added", "who": ["user:anne"], "prob": 1}}, {"classId": "support", "type": "linked", "directed": false, "entities": ["s1p1|e_3|1058,1183", "s1p1|e_2|936,1056"], "confidence": {"state": "pre-added", "who": ["user:anne"], "prob": 1}}, {"classId": "support", "type": "linked", "directed": false, "entities": ["s1p1|e_3|1255,1336", "s1p1|e_2|1185,1253"], "confidence": {"state": "pre-added", "who": ["user:anne"], "prob": 1}}, {"classId": "support", "type": "linked", "directed": false, "entities": ["s1p1|e_3|1475,1702", "s1p1|e_2|1338,1473"], "confidence": {"state": "pre-added", "who": ["user:anne"], "prob": 1}}]}