{"annotatable": {"parts": ["s1p1", "s1p2", "s1p3", "s1p4"]}, "anncomplete": true, "sources": [], "strength_pitch": {"value": "2", "confidence": {"state": "pre-added", "who": ["user:anne"], "prob": 1}}, "entities": [{"classId": "claim", "part": "s1p1", "offsets": [{"start": 0, "text": "Der Laptopkauf kann zu einem sehr langwierigem Prozess verkommen"}], "coordinates": [], "confidence": {"state": "pre-added", "who": ["user:anne"], "prob": 1}, "normalizations": {}, "fields": {"evidence": {"value": "4", "confidence": {"state": "pre-added", "who": ["user:anne"], "prob": 1}}}}, {"classId": "premise", "part": "s1p1", "offsets": [{"start": 66, "text": "da man sich nie sicher ist, ob man alles ausgew\u00e4hlt hat was man braucht und es scheint, als h\u00e4tte man nach dem Kauf trotzdem eine wichtige Komponente vergessen, die man Schlussendlich trotzdem brauchen w\u00fcrde (z.B. eine kleine separate und nicht CPU integrierte Grafikkarte f\u00fcr gelegentliches gamen oder f\u00fcr gelegentliche Videobearbeitung)."}], "coordinates": [], "confidence": {"state": "pre-added", "who": ["user:anne"], "prob": 1}, "normalizations": {}, "fields": {"strength_premise": {"value": "4", "confidence": {"state": "pre-added", "who": ["user:anne"], "prob": 1}}, "relevance_premise": {"value": "3", "confidence": {"state": "pre-added", "who": ["user:anne"], "prob": 1}}}}, {"classId": "major_claim", "part": "s1p2", "offsets": [{"start": 0, "text": "Das Ziel dieses Projektes ist es eine unabh\u00e4ngige Online Plattform zu schaffen, die einem erlaubt eine massgeschneiderte Konfiguration eines Laptops zu erstellen die passend zu den Needs des Users geh\u00f6ren."}], "coordinates": [], "confidence": {"state": "pre-added", "who": ["user:anne"], "prob": 1}, "normalizations": {}, "fields": {"specificity": {"value": "3", "confidence": {"state": "pre-added", "who": ["user:anne"], "prob": 1}}, "evidence": {"value": "4", "confidence": {"state": "pre-added", "who": ["user:anne"], "prob": 1}}}}, {"classId": "claim", "part": "s1p4", "offsets": [{"start": 0, "text": "Bei dieser Plattform kann man durch das durchgehen eines Fragenkataloges genau das passende Ger\u00e4t aussuchen"}], "coordinates": [], "confidence": {"state": "pre-added", "who": ["user:anne"], "prob": 1}, "normalizations": {}, "fields": {"evidence": {"value": "4", "confidence": {"state": "pre-added", "who": ["user:anne"], "prob": 1}}}}, {"classId": "premise", "part": "s1p4", "offsets": [{"start": 108, "text": "und das Ziel ist es, dass man den Kauf nicht nach einer kurzen Zeit bereut, sondern gl\u00fccklich mit dem Ger\u00e4t sein kann, bis irgendwann die Hardware nachgibt und ein neues Ger\u00e4t f\u00e4llig wird, diese Plattform wird die Vertrauensplattform f\u00fcr den Kauf eines Laptops."}], "coordinates": [], "confidence": {"state": "pre-added", "who": ["user:anne"], "prob": 1}, "normalizations": {}, "fields": {"strength_premise": {"value": "3", "confidence": {"state": "pre-added", "who": ["user:anne"], "prob": 1}}, "relevance_premise": {"value": "3", "confidence": {"state": "pre-added", "who": ["user:anne"], "prob": 1}}}}], "relations": [{"classId": "support", "type": "linked", "directed": false, "entities": ["s1p1|e_3|66,404", "s1p1|e_2|0,63"], "confidence": {"state": "pre-added", "who": ["user:anne"], "prob": 1}}, {"classId": "support", "type": "linked", "directed": false, "entities": ["s1p4|e_3|108,368", "s1p4|e_2|0,106"], "confidence": {"state": "pre-added", "who": ["user:anne"], "prob": 1}}]}