{"annotatable": {"parts": ["s1p1", "s1p2"]}, "anncomplete": true, "sources": [], "strength_pitch": {"value": "5", "confidence": {"state": "pre-added", "who": ["user:anne"], "prob": 1}}, "entities": [{"classId": "major_claim", "part": "s1p2", "offsets": [{"start": 139, "text": "5 Gr\u00fcne Daumen greift genau diese Pains auf und bietet jedem die M\u00f6glichkeit das eigene Bio-Gem\u00fcse zu servieren."}], "coordinates": [], "confidence": {"state": "pre-added", "who": ["user:anne"], "prob": 1}, "normalizations": {}, "fields": {"specificity": {"value": "4", "confidence": {"state": "pre-added", "who": ["user:anne"], "prob": 1}}, "evidence": {"value": "4", "confidence": {"state": "pre-added", "who": ["user:anne"], "prob": 1}}}}, {"classId": "claim", "part": "s1p2", "offsets": [{"start": 437, "text": "Ziel ist es Garten-Neulinge und langj\u00e4hrige Hobbyg\u00e4rtner zusammenzuf\u00fchren und dabei ein kollaboratives Umfeld zu kreieren."}], "coordinates": [], "confidence": {"state": "pre-added", "who": ["user:anne"], "prob": 1}, "normalizations": {}, "fields": {"evidence": {"value": "3", "confidence": {"state": "pre-added", "who": ["user:anne"], "prob": 1}}}}, {"classId": "premise", "part": "s1p2", "offsets": [{"start": 560, "text": "Dabei wird dem User die M\u00f6glichkeit gegeben, innerhalb der Community verschiedene Value Gaps entlang des User Journey zu erschliessen. Die Hauptfunktionen erf\u00fcllen dabei funktionale sowie soziale Bed\u00fcrfnisse der potenziellen User."}], "coordinates": [], "confidence": {"state": "pre-added", "who": ["user:anne"], "prob": 1}, "normalizations": {}, "fields": {"strength_premise": {"value": "4", "confidence": {"state": "pre-added", "who": ["user:anne"], "prob": 1}}, "relevance_premise": {"value": "4", "confidence": {"state": "pre-added", "who": ["user:anne"], "prob": 1}}}}, {"classId": "claim", "part": "s1p2", "offsets": [{"start": 791, "text": "Der Garten-Neuling User hat online Zugang zu allen relevanten Informationen."}], "coordinates": [], "confidence": {"state": "pre-added", "who": ["user:anne"], "prob": 1}, "normalizations": {}, "fields": {"evidence": {"value": "3", "confidence": {"state": "pre-added", "who": ["user:anne"], "prob": 1}}}}, {"classId": "premise", "part": "s1p2", "offsets": [{"start": 868, "text": "Von der Auswahl des richtigen Equipments bis hin zur Zubereitung eines herrlichen saisonalen Gerichts kann der Garten-Neuling auf die Expertise von erfahrenen Hobbyg\u00e4rtnern vertrauen und zur\u00fcckgreifen."}], "coordinates": [], "confidence": {"state": "pre-added", "who": ["user:anne"], "prob": 1}, "normalizations": {}, "fields": {"strength_premise": {"value": "4", "confidence": {"state": "pre-added", "who": ["user:anne"], "prob": 1}}, "relevance_premise": {"value": "4", "confidence": {"state": "pre-added", "who": ["user:anne"], "prob": 1}}}}, {"classId": "claim", "part": "s1p2", "offsets": [{"start": 1070, "text": "Dies kann im Community Forum geschehen, wo Fragen gepostet und beantwortet werden k\u00f6nnen oder durch die \u00abMeet & Garden\u00bb-Funktion, wobei sich die User treffen und einander helfen k\u00f6nnen."}], "coordinates": [], "confidence": {"state": "pre-added", "who": ["user:anne"], "prob": 1}, "normalizations": {}, "fields": {"evidence": {"value": "4", "confidence": {"state": "pre-added", "who": ["user:anne"], "prob": 1}}}}, {"classId": "premise", "part": "s1p2", "offsets": [{"start": 1256, "text": "Diese Treffen, nebst den Fortschritten des eigenen Kleingartens, k\u00f6nnen dann mit der Foto-Upload Funktion in die Community verewigt und somit mit vielen Hobbyg\u00e4rtnern geteilt werden."}], "coordinates": [], "confidence": {"state": "pre-added", "who": ["user:anne"], "prob": 1}, "normalizations": {}, "fields": {"strength_premise": {"value": "4", "confidence": {"state": "pre-added", "who": ["user:anne"], "prob": 1}}, "relevance_premise": {"value": "4", "confidence": {"state": "pre-added", "who": ["user:anne"], "prob": 1}}}}, {"classId": "claim", "part": "s1p2", "offsets": [{"start": 1439, "text": "Des Weiteren besteht f\u00fcr die Garten-Neulinge die M\u00f6glichkeit durch die Plattform Gartenzubeh\u00f6r von bereits etablierteren G\u00e4rtnern auszuleihen und so die Kostenh\u00fcrden zu \u00fcberwinden"}], "coordinates": [], "confidence": {"state": "pre-added", "who": ["user:anne"], "prob": 1}, "normalizations": {}, "fields": {"evidence": {"value": "3", "confidence": {"state": "pre-added", "who": ["user:anne"], "prob": 1}}}}, {"classId": "claim", "part": "s1p2", "offsets": [{"start": 1620, "text": "Ein weiterer Kostentreiber und Zeittreiber wird durch die Funktion \u00abShared-Garden\u00bb bezwungen"}], "coordinates": [], "confidence": {"state": "pre-added", "who": ["user:anne"], "prob": 1}, "normalizations": {}, "fields": {"evidence": {"value": "3", "confidence": {"state": "pre-added", "who": ["user:anne"], "prob": 1}}}}, {"classId": "premise", "part": "s1p2", "offsets": [{"start": 1714, "text": "Vor allem junge urbane Garteninteressierte, welche kein Gartenplatz zuhause haben und keine Zeit haben, sich um einen pflegeintensiven Schrebergarten zu k\u00fcmmern, begr\u00fcssen die M\u00f6glichkeit einen Kleingarten zu teilen."}], "coordinates": [], "confidence": {"state": "pre-added", "who": ["user:anne"], "prob": 1}, "normalizations": {}, "fields": {"strength_premise": {"value": "4", "confidence": {"state": "pre-added", "who": ["user:anne"], "prob": 1}}, "relevance_premise": {"value": "4", "confidence": {"state": "pre-added", "who": ["user:anne"], "prob": 1}}}}, {"classId": "premise", "part": "s1p2", "offsets": [{"start": 1931, "text": "Somit k\u00f6nnen sie ihrer neuen Passion nachgehen ohne ihre ganze Freizeit daf\u00fcr aufzugeben und haben dabei noch die Gelegenheit mit anderen Usern in Kontakt zu kommen."}], "coordinates": [], "confidence": {"state": "pre-added", "who": ["user:anne"], "prob": 1}, "normalizations": {}, "fields": {"strength_premise": {"value": "3", "confidence": {"state": "pre-added", "who": ["user:anne"], "prob": 1}}, "relevance_premise": {"value": "4", "confidence": {"state": "pre-added", "who": ["user:anne"], "prob": 1}}}}, {"classId": "claim", "part": "s1p2", "offsets": [{"start": 2360, "text": "Des Weiteren bietet sich die M\u00f6glichkeit, dass User Premium-Profile gegen eine kleine monatliche Geb\u00fchr erstellen."}], "coordinates": [], "confidence": {"state": "pre-added", "who": ["user:anne"], "prob": 1}, "normalizations": {}, "fields": {"evidence": {"value": "4", "confidence": {"state": "pre-added", "who": ["user:anne"], "prob": 1}}}}, {"classId": "premise", "part": "s1p2", "offsets": [{"start": 2475, "text": "Diese Premium-Profile k\u00f6nnen dann Zugriff auf die Shared Garden Funktion haben, wobei die Plattform Schrebergarten an Shared-Garden User vermietet."}], "coordinates": [], "confidence": {"state": "pre-added", "who": ["user:anne"], "prob": 1}, "normalizations": {}, "fields": {"strength_premise": {"value": "4", "confidence": {"state": "pre-added", "who": ["user:anne"], "prob": 1}}, "relevance_premise": {"value": "4", "confidence": {"state": "pre-added", "who": ["user:anne"], "prob": 1}}}}], "relations": [{"classId": "support", "type": "linked", "directed": false, "entities": ["s1p2|e_3|560,789", "s1p2|e_2|437,558"], "confidence": {"state": "pre-added", "who": ["user:anne"], "prob": 1}}, {"classId": "support", "type": "linked", "directed": false, "entities": ["s1p2|e_3|868,1068", "s1p2|e_2|791,866"], "confidence": {"state": "pre-added", "who": ["user:anne"], "prob": 1}}, {"classId": "support", "type": "linked", "directed": false, "entities": ["s1p2|e_3|1256,1437", "s1p2|e_2|1070,1254"], "confidence": {"state": "pre-added", "who": ["user:anne"], "prob": 1}}, {"classId": "support", "type": "linked", "directed": false, "entities": ["s1p2|e_3|1714,1929", "s1p2|e_2|1620,1711"], "confidence": {"state": "pre-added", "who": ["user:anne"], "prob": 1}}, {"classId": "support", "type": "linked", "directed": false, "entities": ["s1p2|e_3|2475,2621", "s1p2|e_2|2360,2473"], "confidence": {"state": "pre-added", "who": ["user:anne"], "prob": 1}}, {"classId": "r_7", "type": "linked", "directed": false, "entities": ["s1p2|e_3|1931,2095", "s1p2|e_3|1714,1929"], "confidence": {"state": "pre-added", "who": ["user:anne"], "prob": 1}}]}