{"annotatable": {"parts": ["s1p1", "s1p2"]}, "anncomplete": true, "sources": [], "strength_pitch": {"value": "5", "confidence": {"state": "pre-added", "who": ["user:anne"], "prob": 1}}, "entities": [{"classId": "major_claim", "part": "s1p1", "offsets": [{"start": 157, "text": "Es ist eine plattformbasiertes Kaufportal, welche Nutzern die M\u00f6glichkeit bietet durch Abos an unterschiedliche Destinationen zum gleichen Preis zu fliegen."}], "coordinates": [], "confidence": {"state": "pre-added", "who": ["user:anne"], "prob": 1}, "normalizations": {}, "fields": {"specificity": {"value": "3", "confidence": {"state": "pre-added", "who": ["user:anne"], "prob": 1}}, "evidence": {"value": "4", "confidence": {"state": "pre-added", "who": ["user:anne"], "prob": 1}}}}, {"classId": "claim", "part": "s1p1", "offsets": [{"start": 314, "text": "Dabei k\u00f6nnen zwischen drei unterschiedlichen Abos ausgew\u00e4hlt werden:"}], "coordinates": [], "confidence": {"state": "pre-added", "who": ["user:anne"], "prob": 1}, "normalizations": {}, "fields": {"evidence": {"value": "3", "confidence": {"state": "pre-added", "who": ["user:anne"], "prob": 1}}}}, {"classId": "premise", "part": "s1p1", "offsets": [{"start": 383, "text": "Swiss Abo europaweit (beinhaltet Swiss Fl\u00fcge), Streckenabo (immer zur gleichen Destination) und Star Alliance Abo europaweit (Fl\u00fcge aller Airlines der Star Alliance)."}], "coordinates": [], "confidence": {"state": "pre-added", "who": ["user:anne"], "prob": 1}, "normalizations": {}, "fields": {"strength_premise": {"value": "3", "confidence": {"state": "pre-added", "who": ["user:anne"], "prob": 1}}, "relevance_premise": {"value": "3", "confidence": {"state": "pre-added", "who": ["user:anne"], "prob": 1}}}}, {"classId": "claim", "part": "s1p1", "offsets": [{"start": 550, "text": "Um das Erlebnis so angenehm wie m\u00f6glich zu gestalten, haben die Nutzer die M\u00f6glichkeit, ebenfalls ihre Unterkunft und Transportm\u00f6glichkeiten an der Zieldestination direkt \u00fcber die App zu buchen."}], "coordinates": [], "confidence": {"state": "pre-added", "who": ["user:anne"], "prob": 1}, "normalizations": {}, "fields": {"evidence": {"value": "4", "confidence": {"state": "pre-added", "who": ["user:anne"], "prob": 1}}}}, {"classId": "premise", "part": "s1p1", "offsets": [{"start": 745, "text": "Dabei erhalten sie Empfehlungen je nach Kundengruppe."}], "coordinates": [], "confidence": {"state": "pre-added", "who": ["user:anne"], "prob": 1}, "normalizations": {}, "fields": {"strength_premise": {"value": "3", "confidence": {"state": "pre-added", "who": ["user:anne"], "prob": 1}}, "relevance_premise": {"value": "3", "confidence": {"state": "pre-added", "who": ["user:anne"], "prob": 1}}}}, {"classId": "premise", "part": "s1p1", "offsets": [{"start": 799, "text": "F\u00fcr die Ermittlung der idealen Zieldestination steht den Nutzern das ehrliche Feedback und Empfehlungen von anderen Nutzern zur Verf\u00fcgung."}], "coordinates": [], "confidence": {"state": "pre-added", "who": ["user:anne"], "prob": 1}, "normalizations": {}, "fields": {"strength_premise": {"value": "4", "confidence": {"state": "pre-added", "who": ["user:anne"], "prob": 1}}, "relevance_premise": {"value": "3", "confidence": {"state": "pre-added", "who": ["user:anne"], "prob": 1}}}}, {"classId": "claim", "part": "s1p1", "offsets": [{"start": 938, "text": "Die optimale Zieldestination kann mittels eines kurzen Fragebogens empfohlen werden oder durch die Verkn\u00fcpfung mit Google- bzw. Facebook-Accounts ermittelt werden."}], "coordinates": [], "confidence": {"state": "pre-added", "who": ["user:anne"], "prob": 1}, "normalizations": {}, "fields": {"evidence": {"value": "4", "confidence": {"state": "pre-added", "who": ["user:anne"], "prob": 1}}}}, {"classId": "premise", "part": "s1p1", "offsets": [{"start": 1102, "text": "Somit k\u00f6nnen die Nutzer Dienstleistungen in den Bereichen \u201eFlugbuchung\u201c (Ermittlung der idealen Destination, Buchung des Fluges), \u201eTransport\u201c (Transportm\u00f6glichkeiten an der Zieldestination und Buchung), \u201eUnterkunft\u201c (Hotelempfehlungen und Buchungsm\u00f6glichkeit), sowie \u201eFreizeit\u201c (Sightseeing Empfehlungen, Must-do\u2018s und Restaurantempfehlungen)."}], "coordinates": [], "confidence": {"state": "pre-added", "who": ["user:anne"], "prob": 1}, "normalizations": {}, "fields": {"strength_premise": {"value": "4", "confidence": {"state": "pre-added", "who": ["user:anne"], "prob": 1}}, "relevance_premise": {"value": "4", "confidence": {"state": "pre-added", "who": ["user:anne"], "prob": 1}}}}, {"classId": "claim", "part": "s1p2", "offsets": [{"start": 0, "text": "Dem Nutzen bietet sie Transparenz, Einfachheit und Zeitersparnis und Verg\u00fcnstigungen (bspw. bei U-Bahn Tickets)."}], "coordinates": [], "confidence": {"state": "pre-added", "who": ["user:anne"], "prob": 1}, "normalizations": {}, "fields": {"evidence": {"value": "4", "confidence": {"state": "pre-added", "who": ["user:anne"], "prob": 1}}}}, {"classId": "claim", "part": "s1p2", "offsets": [{"start": 113, "text": "Der Nutzer hat ebenfalls die M\u00f6glichkeit seine Meinung \u00fcber die Plattform kund zu geben."}], "coordinates": [], "confidence": {"state": "pre-added", "who": ["user:anne"], "prob": 1}, "normalizations": {}, "fields": {"evidence": {"value": "3", "confidence": {"state": "pre-added", "who": ["user:anne"], "prob": 1}}}}, {"classId": "claim", "part": "s1p2", "offsets": [{"start": 202, "text": "Swiss generiert einen Umsatz durch den Absatz der Abos. Swiss kann des Weiteren durch Partnerschaften mit Hotels und Taxianbietern profitieren."}], "coordinates": [], "confidence": {"state": "pre-added", "who": ["user:anne"], "prob": 1}, "normalizations": {}, "fields": {"evidence": {"value": "3", "confidence": {"state": "pre-added", "who": ["user:anne"], "prob": 1}}}}], "relations": [{"classId": "support", "type": "linked", "directed": false, "entities": ["s1p1|e_3|383,548", "s1p1|e_2|314,381"], "confidence": {"state": "pre-added", "who": ["user:anne"], "prob": 1}}, {"classId": "support", "type": "linked", "directed": false, "entities": ["s1p1|e_3|745,797", "s1p1|e_2|550,743"], "confidence": {"state": "pre-added", "who": ["user:anne"], "prob": 1}}, {"classId": "support", "type": "linked", "directed": false, "entities": ["s1p1|e_3|799,936", "s1p1|e_2|938,1100"], "confidence": {"state": "pre-added", "who": ["user:anne"], "prob": 1}}, {"classId": "support", "type": "linked", "directed": false, "entities": ["s1p1|e_3|1102,1444", "s1p1|e_2|938,1100"], "confidence": {"state": "pre-added", "who": ["user:anne"], "prob": 1}}, {"classId": "r_7", "type": "linked", "directed": false, "entities": ["s1p1|e_3|799,936", "s1p1|e_3|745,797"], "confidence": {"state": "pre-added", "who": ["user:anne"], "prob": 1}}]}