{"annotatable": {"parts": ["s1p1", "s1p2", "s1p3", "s1p4"]}, "anncomplete": true, "sources": [], "strength_pitch": {"value": "2", "confidence": {"state": "pre-added", "who": ["user:anne"], "prob": 1}}, "entities": [{"classId": "major_claim", "part": "s1p1", "offsets": [{"start": 0, "text": "Die Swiss Business Cloud ist eine IT-Plattform bestehend aus einem virtuellen Server und Desktop, den Microsoft Office Applikationen sowie den spezifischen Fachanwendungen, einem Cockpit zur Administration und dem Management von Datenspeicher und Backup."}], "coordinates": [], "confidence": {"state": "pre-added", "who": ["user:anne"], "prob": 1}, "normalizations": {}, "fields": {"specificity": {"value": "4", "confidence": {"state": "pre-added", "who": ["user:anne"], "prob": 1}}, "evidence": {"value": "4", "confidence": {"state": "pre-added", "who": ["user:anne"], "prob": 1}}}}, {"classId": "claim", "part": "s1p1", "offsets": [{"start": 255, "text": "Der User loggt sich mit seinem Mailadresse und Passwort sowie einem zweiten Faktor (App, Token oder SMS) \u00fcber einen Webbrowser (cockpit.firmenname.ch) auf seinen Arbeitsoberfl\u00e4che ein,"}], "coordinates": [], "confidence": {"state": "pre-added", "who": ["user:anne"], "prob": 1}, "normalizations": {}, "fields": {"evidence": {"value": "4", "confidence": {"state": "pre-added", "who": ["user:anne"], "prob": 1}}}}, {"classId": "premise", "part": "s1p1", "offsets": [{"start": 440, "text": "wo standardm\u00e4ssig die Office Applikationen (Word, Excel, Powerpoint, Outlook), die Fileablage f\u00fcr die Daten sowie die spezifischen Fachanwendungen wie ein CRM, ERP, etc. bereitgestellt wird."}], "coordinates": [], "confidence": {"state": "pre-added", "who": ["user:anne"], "prob": 1}, "normalizations": {}, "fields": {"strength_premise": {"value": "3", "confidence": {"state": "pre-added", "who": ["user:anne"], "prob": 1}}, "relevance_premise": {"value": "4", "confidence": {"state": "pre-added", "who": ["user:anne"], "prob": 1}}}}, {"classId": "claim", "part": "s1p2", "offsets": [{"start": 0, "text": "Sie erm\u00f6glicht die IT einfacher und sicherer zu betreiben."}], "coordinates": [], "confidence": {"state": "pre-added", "who": ["user:anne"], "prob": 1}, "normalizations": {}, "fields": {"evidence": {"value": "4", "confidence": {"state": "pre-added", "who": ["user:anne"], "prob": 1}}}}, {"classId": "premise", "part": "s1p2", "offsets": [{"start": 59, "text": "Dies wird durch einen Desktop aus der Steckdose in zwei Schweizern Datacentern in Z\u00fcrich und Bern erm\u00f6glicht."}], "coordinates": [], "confidence": {"state": "pre-added", "who": ["user:anne"], "prob": 1}, "normalizations": {}, "fields": {"strength_premise": {"value": "3", "confidence": {"state": "pre-added", "who": ["user:anne"], "prob": 1}}, "relevance_premise": {"value": "3", "confidence": {"state": "pre-added", "who": ["user:anne"], "prob": 1}}}}, {"classId": "claim", "part": "s1p2", "offsets": [{"start": 242, "text": "Die schl\u00fcsselfertige IT mit h\u00f6chsten Sicherheitsstandards bringt dem Kunden nebst Effizienz- auch Produktivit\u00e4tsvorteile"}], "coordinates": [], "confidence": {"state": "pre-added", "who": ["user:anne"], "prob": 1}, "normalizations": {}, "fields": {"evidence": {"value": "3", "confidence": {"state": "pre-added", "who": ["user:anne"], "prob": 1}}}}, {"classId": "premise", "part": "s1p2", "offsets": [{"start": 364, "text": "Durch die Administration der gesamten IT \u2013 Infrastruktur (Server, Netzwerk, Backup) ist eine volle Konzentration auf die Kernkompetenzen m\u00f6glich."}], "coordinates": [], "confidence": {"state": "pre-added", "who": ["user:anne"], "prob": 1}, "normalizations": {}, "fields": {"strength_premise": {"value": "3", "confidence": {"state": "pre-added", "who": ["user:anne"], "prob": 1}}, "relevance_premise": {"value": "3", "confidence": {"state": "pre-added", "who": ["user:anne"], "prob": 1}}}}, {"classId": "claim", "part": "s1p2", "offsets": [{"start": 510, "text": "Dem Kunden wird ein Grundpaket (Office-Applikationen, Lizenzen, Cockpit, Support, Updates der Server) pro User pro Monat mit einem Staffelpreis (je mehr User pro Kunde, desto billiger wird der einzelne) verrechnet."}], "coordinates": [], "confidence": {"state": "pre-added", "who": ["user:anne"], "prob": 1}, "normalizations": {}, "fields": {"evidence": {"value": "4", "confidence": {"state": "pre-added", "who": ["user:anne"], "prob": 1}}}}, {"classId": "premise", "part": "s1p2", "offsets": [{"start": 725, "text": "Der Staffelpreis beginnt bei einem bis zehn User bei CHF 189.- pro User pro Monat. Pro f\u00fcnf zus\u00e4tzliche User wird jeder einzelne zehn Franken billiger"}], "coordinates": [], "confidence": {"state": "pre-added", "who": ["user:anne"], "prob": 1}, "normalizations": {}, "fields": {"strength_premise": {"value": "3", "confidence": {"state": "pre-added", "who": ["user:anne"], "prob": 1}}, "relevance_premise": {"value": "3", "confidence": {"state": "pre-added", "who": ["user:anne"], "prob": 1}}}}, {"classId": "claim", "part": "s1p3", "offsets": [{"start": 0, "text": "Die IT-Plattform ist f\u00fcr klein bis mittelgrosse Finanzdienstleister und Anw\u00e4lte mit sensitiven Kundendaten besonders geeignet."}], "coordinates": [], "confidence": {"state": "pre-added", "who": ["user:anne"], "prob": 1}, "normalizations": {}, "fields": {"evidence": {"value": "4", "confidence": {"state": "pre-added", "who": ["user:anne"], "prob": 1}}}}, {"classId": "premise", "part": "s1p3", "offsets": [{"start": 127, "text": "Dank dem Cloud-Produkt hat der User seinen Arbeitsplatz stets dabei und geniesst durch den weltweit gesch\u00fctzten Zugriff auf die Gesch\u00e4ftsdaten ein grosses St\u00fcck Freiheit und Flexibilit\u00e4t sowie Effizienz.."}], "coordinates": [], "confidence": {"state": "pre-added", "who": ["user:anne"], "prob": 1}, "normalizations": {}, "fields": {"strength_premise": {"value": "3", "confidence": {"state": "pre-added", "who": ["user:anne"], "prob": 1}}, "relevance_premise": {"value": "3", "confidence": {"state": "pre-added", "who": ["user:anne"], "prob": 1}}}}, {"classId": "claim", "part": "s1p3", "offsets": [{"start": 332, "text": "Durch die schl\u00fcsselfertige IT aus einer Hand k\u00f6nnen Gesch\u00e4ftsgeschehnisse innerhalb der Unternehmung auch von ausw\u00e4rts verfolgt werden."}], "coordinates": [], "confidence": {"state": "pre-added", "who": ["user:anne"], "prob": 1}, "normalizations": {}, "fields": {"evidence": {"value": "3", "confidence": {"state": "pre-added", "who": ["user:anne"], "prob": 1}}}}, {"classId": "premise", "part": "s1p3", "offsets": [{"start": 468, "text": "Zudem ist die L\u00f6sung auf die Firmengr\u00f6sse beliebig skalierbar und l\u00e4uft zuverl\u00e4ssig auf hochverf\u00fcgbaren Systemen, stets mit modernster Technologie."}], "coordinates": [], "confidence": {"state": "pre-added", "who": ["user:anne"], "prob": 1}, "normalizations": {}, "fields": {"strength_premise": {"value": "3", "confidence": {"state": "pre-added", "who": ["user:anne"], "prob": 1}}, "relevance_premise": {"value": "3", "confidence": {"state": "pre-added", "who": ["user:anne"], "prob": 1}}}}], "relations": [{"classId": "support", "type": "linked", "directed": false, "entities": ["s1p1|e_3|440,629", "s1p1|e_2|255,438"], "confidence": {"state": "pre-added", "who": ["user:anne"], "prob": 1}}, {"classId": "support", "type": "linked", "directed": false, "entities": ["s1p2|e_3|59,167", "s1p2|e_2|0,57"], "confidence": {"state": "pre-added", "who": ["user:anne"], "prob": 1}}, {"classId": "support", "type": "linked", "directed": false, "entities": ["s1p2|e_3|364,508", "s1p2|e_2|242,361"], "confidence": {"state": "pre-added", "who": ["user:anne"], "prob": 1}}, {"classId": "support", "type": "linked", "directed": false, "entities": ["s1p2|e_3|725,874", "s1p2|e_2|510,723"], "confidence": {"state": "pre-added", "who": ["user:anne"], "prob": 1}}, {"classId": "support", "type": "linked", "directed": false, "entities": ["s1p3|e_3|127,330", "s1p3|e_2|0,125"], "confidence": {"state": "pre-added", "who": ["user:anne"], "prob": 1}}, {"classId": "support", "type": "linked", "directed": false, "entities": ["s1p3|e_3|468,614", "s1p3|e_2|332,466"], "confidence": {"state": "pre-added", "who": ["user:anne"], "prob": 1}}]}