{"annotatable": {"parts": ["s1p1", "s1p2", "s1p3", "s1p4", "s1p5"]}, "anncomplete": true, "sources": [], "strength_pitch": {"value": "4", "confidence": {"state": "pre-added", "who": ["user:anne"], "prob": 1}}, "entities": [{"classId": "major_claim", "part": "s1p2", "offsets": [{"start": 2, "text": "Healthy ist eine von einem Krankenversicherer betriebene Plattform, die es allen erm\u00f6glicht, ihr Wohlbefinden nachhaltig zu verbessern."}], "coordinates": [], "confidence": {"state": "pre-added", "who": ["user:anne"], "prob": 1}, "normalizations": {}, "fields": {"specificity": {"value": "4", "confidence": {"state": "pre-added", "who": ["user:anne"], "prob": 1}}, "evidence": {"value": "4", "confidence": {"state": "pre-added", "who": ["user:anne"], "prob": 1}}}}, {"classId": "claim", "part": "s1p2", "offsets": [{"start": 138, "text": "Zum einen bietet Healthy die M\u00f6glichkeit, einen perfekten Arzt f\u00fcr spezifische Bed\u00fcrfnisse zu finden, ohne, dass man s\u00e4mtliche Vergleichsportale durchforsten muss."}], "coordinates": [], "confidence": {"state": "pre-added", "who": ["user:anne"], "prob": 1}, "normalizations": {}, "fields": {"evidence": {"value": "4", "confidence": {"state": "pre-added", "who": ["user:anne"], "prob": 1}}}}, {"classId": "premise", "part": "s1p2", "offsets": [{"start": 302, "text": "Durch ausf\u00fchrliche Kompetenzprofile und anonyme R\u00fcckmeldungen von Personen mit \u00e4hnlichen Komplexit\u00e4ten, bekommt man neue Dimensionen der Bewertbarkeit direkt auf sein Smartphone."}], "coordinates": [], "confidence": {"state": "pre-added", "who": ["user:anne"], "prob": 1}, "normalizations": {}, "fields": {"strength_premise": {"value": "3", "confidence": {"state": "pre-added", "who": ["user:anne"], "prob": 1}}, "relevance_premise": {"value": "4", "confidence": {"state": "pre-added", "who": ["user:anne"], "prob": 1}}}}, {"classId": "claim", "part": "s1p3", "offsets": [{"start": 2, "text": "Nachdem au\u00dferdem verschiedene Grunddaten und individuelle Ziele eingetragen wurden,"}], "coordinates": [], "confidence": {"state": "pre-added", "who": ["user:anne"], "prob": 1}, "normalizations": {}, "fields": {"evidence": {"value": "3", "confidence": {"state": "pre-added", "who": ["user:anne"], "prob": 1}}}}, {"classId": "premise", "part": "s1p3", "offsets": [{"start": 86, "text": "warten einfache L\u00f6sungen zu Fragen bez\u00fcglich Ern\u00e4hrungsplan, Sportprogramm und Tagesroutine, die man sich ab jetzt nicht mehr stellen muss. Individuelle Antworten bekommt man ganz ohne Aufwand."}], "coordinates": [], "confidence": {"state": "pre-added", "who": ["user:anne"], "prob": 1}, "normalizations": {}, "fields": {"strength_premise": {"value": "3", "confidence": {"state": "pre-added", "who": ["user:anne"], "prob": 1}}, "relevance_premise": {"value": "3", "confidence": {"state": "pre-added", "who": ["user:anne"], "prob": 1}}}}, {"classId": "claim", "part": "s1p3", "offsets": [{"start": 280, "text": "Die Durchf\u00fchrung von sportlichen Aktivit\u00e4ten, die Einhaltung des Essensplans und das Vorkommen von Abweichungen werden direkt in der App erfasst und in Health Points bewertet, die den aktuellen Weg zum gesunden Menschen bewerten."}], "coordinates": [], "confidence": {"state": "pre-added", "who": ["user:anne"], "prob": 1}, "normalizations": {}, "fields": {"evidence": {"value": "3", "confidence": {"state": "pre-added", "who": ["user:anne"], "prob": 1}}}}, {"classId": "premise", "part": "s1p3", "offsets": [{"start": 510, "text": "Diese Punkte sollen den Kunden durch ihre einfache Nachvollziehbarkeit motivieren, die App aktiv zu benutzen und den Fortschritt zu beobachten."}], "coordinates": [], "confidence": {"state": "pre-added", "who": ["user:anne"], "prob": 1}, "normalizations": {}, "fields": {"strength_premise": {"value": "3", "confidence": {"state": "pre-added", "who": ["user:anne"], "prob": 1}}, "relevance_premise": {"value": "3", "confidence": {"state": "pre-added", "who": ["user:anne"], "prob": 1}}}}, {"classId": "claim", "part": "s1p4", "offsets": [{"start": 2, "text": "Weitere allgemeine Fragen oder Denkanschl\u00fcssen k\u00f6nnen einfach in ein Forum gestellt werden,"}], "coordinates": [], "confidence": {"state": "pre-added", "who": ["user:anne"], "prob": 1}, "normalizations": {}, "fields": {"evidence": {"value": "4", "confidence": {"state": "pre-added", "who": ["user:anne"], "prob": 1}}}}, {"classId": "premise", "part": "s1p4", "offsets": [{"start": 94, "text": "entweder privat mit den Freunden oder der Familie, oder anonym zug\u00e4nglich f\u00fcr alle Nutzer teilen."}], "coordinates": [], "confidence": {"state": "pre-added", "who": ["user:anne"], "prob": 1}, "normalizations": {}, "fields": {"strength_premise": {"value": "3", "confidence": {"state": "pre-added", "who": ["user:anne"], "prob": 1}}, "relevance_premise": {"value": "3", "confidence": {"state": "pre-added", "who": ["user:anne"], "prob": 1}}}}, {"classId": "claim", "part": "s1p4", "offsets": [{"start": 192, "text": "Mit spezifischen Fragen kann man online auf verifizierte Fachexperten zugehen und eine Antwort in k\u00fcrzester Zeit bekommen."}], "coordinates": [], "confidence": {"state": "pre-added", "who": ["user:anne"], "prob": 1}, "normalizations": {}, "fields": {"evidence": {"value": "3", "confidence": {"state": "pre-added", "who": ["user:anne"], "prob": 1}}}}, {"classId": "premise", "part": "s1p4", "offsets": [{"start": 315, "text": "War man doch mal beim Arzt, kann die Rechnung unmittelbar hochgeladen werden, der Aufwand wird durch die Versicherung erstattet."}], "coordinates": [], "confidence": {"state": "pre-added", "who": ["user:anne"], "prob": 1}, "normalizations": {}, "fields": {"strength_premise": {"value": "3", "confidence": {"state": "pre-added", "who": ["user:anne"], "prob": 1}}, "relevance_premise": {"value": "4", "confidence": {"state": "pre-added", "who": ["user:anne"], "prob": 1}}}}, {"classId": "claim", "part": "s1p4", "offsets": [{"start": 444, "text": "Healthy kommt als kostenloses Angebot zu einer Basiskrankenversicherung"}], "coordinates": [], "confidence": {"state": "pre-added", "who": ["user:anne"], "prob": 1}, "normalizations": {}, "fields": {"evidence": {"value": "3", "confidence": {"state": "pre-added", "who": ["user:anne"], "prob": 1}}}}, {"classId": "premise", "part": "s1p4", "offsets": [{"start": 517, "text": "die einfach und schnell online abschlie\u00dfbar ist und individuell mit verschiedenen Paketen erweiterbar ist."}], "coordinates": [], "confidence": {"state": "pre-added", "who": ["user:anne"], "prob": 1}, "normalizations": {}, "fields": {"strength_premise": {"value": "3", "confidence": {"state": "pre-added", "who": ["user:anne"], "prob": 1}}, "relevance_premise": {"value": "3", "confidence": {"state": "pre-added", "who": ["user:anne"], "prob": 1}}}}, {"classId": "claim", "part": "s1p5", "offsets": [{"start": 60, "text": "Als prim\u00e4res Ziel soll die Gesundheit der Kunden gef\u00f6rdert werden und damit die mit dem Kranksein verbundenen Rechnungen von \u00c4rzten und anderen Instanzen in der Anzahl und der Intensit\u00e4t reduziert werden"}], "coordinates": [], "confidence": {"state": "pre-added", "who": ["user:anne"], "prob": 1}, "normalizations": {}, "fields": {"evidence": {"value": "4", "confidence": {"state": "pre-added", "who": ["user:anne"], "prob": 1}}}}, {"classId": "premise", "part": "s1p5", "offsets": [{"start": 265, "text": "Damit k\u00f6nnen das erneute Auszahlen von monet\u00e4ren Werten, die vorher \u00fcber die Krankenkassenbeitr\u00e4ge eingenommen wurden, vermindert werden."}], "coordinates": [], "confidence": {"state": "pre-added", "who": ["user:anne"], "prob": 1}, "normalizations": {}, "fields": {"strength_premise": {"value": "3", "confidence": {"state": "pre-added", "who": ["user:anne"], "prob": 1}}, "relevance_premise": {"value": "4", "confidence": {"state": "pre-added", "who": ["user:anne"], "prob": 1}}}}, {"classId": "claim", "part": "s1p5", "offsets": [{"start": 403, "text": "Au\u00dferdem k\u00f6nnen besonders gute \u00c4rzte, bestimmt durch ihren Erfolg und den damit verbundenen Rezensionen, den Kunden vorgeschlagen werden,"}], "coordinates": [], "confidence": {"state": "pre-added", "who": ["user:anne"], "prob": 1}, "normalizations": {}, "fields": {"evidence": {"value": "3", "confidence": {"state": "pre-added", "who": ["user:anne"], "prob": 1}}}}, {"classId": "premise", "part": "s1p5", "offsets": [{"start": 541, "text": "was den Nutzen von kostenintensiven Therapien und Ma\u00dfnahmen, bezahlt durch den Krankenversicherer, erh\u00f6ht."}], "coordinates": [], "confidence": {"state": "pre-added", "who": ["user:anne"], "prob": 1}, "normalizations": {}, "fields": {"strength_premise": {"value": "3", "confidence": {"state": "pre-added", "who": ["user:anne"], "prob": 1}}, "relevance_premise": {"value": "4", "confidence": {"state": "pre-added", "who": ["user:anne"], "prob": 1}}}}, {"classId": "claim", "part": "s1p5", "offsets": [{"start": 648, "text": "In der Priorisierung der \u00c4rzte k\u00f6nnen hier auch die in der Vergangenheit festgestellten Folgekosten ber\u00fccksichtigt werden."}], "coordinates": [], "confidence": {"state": "pre-added", "who": ["user:anne"], "prob": 1}, "normalizations": {}, "fields": {"evidence": {"value": "3", "confidence": {"state": "pre-added", "who": ["user:anne"], "prob": 1}}}}, {"classId": "premise", "part": "s1p5", "offsets": [{"start": 771, "text": "Durch die Abdeckung der User Journey k\u00f6nnen neue Datenpunkte au\u00dferdem in innovative Angebote und Gesch\u00e4ftsmodelle integriert werden."}], "coordinates": [], "confidence": {"state": "pre-added", "who": ["user:anne"], "prob": 1}, "normalizations": {}, "fields": {"strength_premise": {"value": "3", "confidence": {"state": "pre-added", "who": ["user:anne"], "prob": 1}}, "relevance_premise": {"value": "4", "confidence": {"state": "pre-added", "who": ["user:anne"], "prob": 1}}}}, {"classId": "claim", "part": "s1p5", "offsets": [{"start": 904, "text": "Letztlich kann direkt mit den Kunden in Kontakt getreten werden, die Positionierung im Markt der Krankenversicherern neu definiert und das Image verbessert werden."}], "coordinates": [], "confidence": {"state": "pre-added", "who": ["user:anne"], "prob": 1}, "normalizations": {}, "fields": {"evidence": {"value": "4", "confidence": {"state": "pre-added", "who": ["user:anne"], "prob": 1}}}}], "relations": [{"classId": "support", "type": "linked", "directed": false, "entities": ["s1p2|e_3|302,479", "s1p2|e_2|138,300"], "confidence": {"state": "pre-added", "who": ["user:anne"], "prob": 1}}, {"classId": "support", "type": "linked", "directed": false, "entities": ["s1p3|e_3|86,278", "s1p3|e_2|2,84"], "confidence": {"state": "pre-added", "who": ["user:anne"], "prob": 1}}, {"classId": "support", "type": "linked", "directed": false, "entities": ["s1p3|e_3|510,652", "s1p3|e_2|280,508"], "confidence": {"state": "pre-added", "who": ["user:anne"], "prob": 1}}, {"classId": "support", "type": "linked", "directed": false, "entities": ["s1p4|e_3|94,190", "s1p4|e_2|2,92"], "confidence": {"state": "pre-added", "who": ["user:anne"], "prob": 1}}, {"classId": "support", "type": "linked", "directed": false, "entities": ["s1p4|e_3|315,442", "s1p4|e_2|192,313"], "confidence": {"state": "pre-added", "who": ["user:anne"], "prob": 1}}, {"classId": "support", "type": "linked", "directed": false, "entities": ["s1p4|e_3|517,622", "s1p4|e_2|444,514"], "confidence": {"state": "pre-added", "who": ["user:anne"], "prob": 1}}, {"classId": "support", "type": "linked", "directed": false, "entities": ["s1p5|e_3|265,401", "s1p5|e_2|60,262"], "confidence": {"state": "pre-added", "who": ["user:anne"], "prob": 1}}, {"classId": "support", "type": "linked", "directed": false, "entities": ["s1p5|e_3|541,646", "s1p5|e_2|403,539"], "confidence": {"state": "pre-added", "who": ["user:anne"], "prob": 1}}, {"classId": "support", "type": "linked", "directed": false, "entities": ["s1p5|e_3|771,902", "s1p5|e_2|648,769"], "confidence": {"state": "pre-added", "who": ["user:anne"], "prob": 1}}]}