{"annotatable": {"parts": ["s1p1"]}, "anncomplete": true, "sources": [], "strength_pitch": {"value": "4", "confidence": {"state": "pre-added", "who": ["user:anne"], "prob": 1}}, "entities": [{"classId": "major_claim", "part": "s1p1", "offsets": [{"start": 0, "text": "Die Plattform \u201eBestSki4you\u201c soll als Online<Store entwickelt werden, welche dir den Kauf und das Designen deines perfekten Skis erm\u00f6glicht."}], "coordinates": [], "confidence": {"state": "pre-added", "who": ["user:anne"], "prob": 1}, "normalizations": {}, "fields": {"specificity": {"value": "3", "confidence": {"state": "pre-added", "who": ["user:anne"], "prob": 1}}, "evidence": {"value": "4", "confidence": {"state": "pre-added", "who": ["user:anne"], "prob": 1}}}}, {"classId": "claim", "part": "s1p1", "offsets": [{"start": 141, "text": "BestSki4you\u201c soll es der angestrebten Zielgruppe, den fortgeschrittenen und leidenschaftlichen Skifahrerinnen und Skifahren erm\u00f6glichen, basierend auf deren Angaben bez\u00fcglich individuellen F\u00e4higkeiten, bevorzugtem Fahrstil, K\u00f6rperbau und dem auf der Plattform im Selektionsalgorithmus vorhandenen Expertenwissen, das f\u00fcr sie optimale Skimodell zu w\u00e4hlen,"}], "coordinates": [], "confidence": {"state": "pre-added", "who": ["user:anne"], "prob": 1}, "normalizations": {}, "fields": {"evidence": {"value": "4", "confidence": {"state": "pre-added", "who": ["user:anne"], "prob": 1}}}}, {"classId": "premise", "part": "s1p1", "offsets": [{"start": 496, "text": "damit ein bestm\u00f6gliches Fahrerlebnis und Fahrspass erm\u00f6glicht werden kann. Das passende Modell kann anschliessend gew\u00e4hlt und direkt auf der Plattform gekauft werden."}], "coordinates": [], "confidence": {"state": "pre-added", "who": ["user:anne"], "prob": 1}, "normalizations": {}, "fields": {"strength_premise": {"value": "3", "confidence": {"state": "pre-added", "who": ["user:anne"], "prob": 1}}, "relevance_premise": {"value": "3", "confidence": {"state": "pre-added", "who": ["user:anne"], "prob": 1}}}}, {"classId": "claim", "part": "s1p1", "offsets": [{"start": 663, "text": "Weiter wird es dem Kunden erm\u00f6glicht, das Design und die Farbe nach seinen pers\u00f6nlichen Vorstellungen und W\u00fcnschen zu individualisieren"}], "coordinates": [], "confidence": {"state": "pre-added", "who": ["user:anne"], "prob": 1}, "normalizations": {}, "fields": {"evidence": {"value": "4", "confidence": {"state": "pre-added", "who": ["user:anne"], "prob": 1}}}}, {"classId": "premise", "part": "s1p1", "offsets": [{"start": 799, "text": "und somit nicht nur ein auf die individuellen Bed\u00fcrfnisse abgestimmtes, sondern auch einzigartiges Skimodell mit Wiedererkennungscharakter zu gestalten und zu fahren. Die Gestaltung kann direkt auf der Plattform via den bestehenden Templates vorgenommen werden, es k\u00f6nnen jedoch auch Fotos und Texte hochgeladen und zur Gestaltung verwendet werden."}], "coordinates": [], "confidence": {"state": "pre-added", "who": ["user:anne"], "prob": 1}, "normalizations": {}, "fields": {"strength_premise": {"value": "3", "confidence": {"state": "pre-added", "who": ["user:anne"], "prob": 1}}, "relevance_premise": {"value": "4", "confidence": {"state": "pre-added", "who": ["user:anne"], "prob": 1}}}}, {"classId": "claim", "part": "s1p1", "offsets": [{"start": 1148, "text": "Nach Abschluss der Individualisierung in einer zentralen Fertigung, werden die Ski dem Kunden bequem nach Hause geliefert."}], "coordinates": [], "confidence": {"state": "pre-added", "who": ["user:anne"], "prob": 1}, "normalizations": {}, "fields": {"evidence": {"value": "3", "confidence": {"state": "pre-added", "who": ["user:anne"], "prob": 1}}}}, {"classId": "premise", "part": "s1p1", "offsets": [{"start": 1271, "text": "F\u00fcr die Kundenbindung wird es dem Kunden erm\u00f6glicht, die Gestaltung des Designs so oft er m\u00f6chte zu erneuern und zus\u00e4tzlich den j\u00e4hrlichen Ski<Service erledigen zu lassen"}], "coordinates": [], "confidence": {"state": "pre-added", "who": ["user:anne"], "prob": 1}, "normalizations": {}, "fields": {"strength_premise": {"value": "3", "confidence": {"state": "pre-added", "who": ["user:anne"], "prob": 1}}, "relevance_premise": {"value": "4", "confidence": {"state": "pre-added", "who": ["user:anne"], "prob": 1}}}}, {"classId": "claim", "part": "s1p1", "offsets": [{"start": 1443, "text": "BestSki4you\u201c generiert seinen Ertrag aus dem Verkauf des optimal passenden Skis und aus der Individualisierung der Ski,"}], "coordinates": [], "confidence": {"state": "pre-added", "who": ["user:anne"], "prob": 1}, "normalizations": {}, "fields": {"evidence": {"value": "3", "confidence": {"state": "pre-added", "who": ["user:anne"], "prob": 1}}}}, {"classId": "premise", "part": "s1p1", "offsets": [{"start": 1563, "text": "wobei der Kunde f\u00fcr jedes Design einzeln zahlen oder das preislich attraktivere Abo<Modell w\u00e4hlen kann."}], "coordinates": [], "confidence": {"state": "pre-added", "who": ["user:anne"], "prob": 1}, "normalizations": {}, "fields": {"strength_premise": {"value": "4", "confidence": {"state": "pre-added", "who": ["user:anne"], "prob": 1}}, "relevance_premise": {"value": "4", "confidence": {"state": "pre-added", "who": ["user:anne"], "prob": 1}}}}], "relations": [{"classId": "support", "type": "linked", "directed": false, "entities": ["s1p1|e_3|496,661", "s1p1|e_2|141,494"], "confidence": {"state": "pre-added", "who": ["user:anne"], "prob": 1}}, {"classId": "support", "type": "linked", "directed": false, "entities": ["s1p1|e_3|799,1146", "s1p1|e_2|663,797"], "confidence": {"state": "pre-added", "who": ["user:anne"], "prob": 1}}, {"classId": "support", "type": "linked", "directed": false, "entities": ["s1p1|e_3|1271,1440", "s1p1|e_2|1148,1269"], "confidence": {"state": "pre-added", "who": ["user:anne"], "prob": 1}}, {"classId": "support", "type": "linked", "directed": false, "entities": ["s1p1|e_3|1563,1665", "s1p1|e_2|1443,1561"], "confidence": {"state": "pre-added", "who": ["user:anne"], "prob": 1}}]}