{"annotatable": {"parts": ["s1p1", "s1p2"]}, "anncomplete": true, "sources": [], "strength_pitch": {"value": "3", "confidence": {"state": "pre-added", "who": ["user:anne"], "prob": 1}}, "entities": [{"classId": "major_claim", "part": "s1p1", "offsets": [{"start": 0, "text": "APSY ist ein Portal, welches als digitale One-Stop-Solution f\u00fcr diverse professionelle Dienstleistungen agiert."}], "coordinates": [], "confidence": {"state": "pre-added", "who": ["user:anne"], "prob": 1}, "normalizations": {}, "fields": {"specificity": {"value": "3", "confidence": {"state": "pre-added", "who": ["user:anne"], "prob": 1}}, "evidence": {"value": "4", "confidence": {"state": "pre-added", "who": ["user:anne"], "prob": 1}}}}, {"classId": "claim", "part": "s1p1", "offsets": [{"start": 112, "text": "Das Portal erleichtert den Kontakt zwischen den Dienstleistern und potentiellen Kunden"}], "coordinates": [], "confidence": {"state": "pre-added", "who": ["user:anne"], "prob": 1}, "normalizations": {}, "fields": {"evidence": {"value": "3", "confidence": {"state": "pre-added", "who": ["user:anne"], "prob": 1}}}}, {"classId": "premise", "part": "s1p1", "offsets": [{"start": 200, "text": "Auf APSY erh\u00e4lt der Kunde die M\u00f6glichkeit, auf Bezahlung diverse Dienstleistungen in Anspruch zu nehmen, wie zum Beispiel Tutorate, Umzugshilfe oder Caterings"}], "coordinates": [], "confidence": {"state": "pre-added", "who": ["user:anne"], "prob": 1}, "normalizations": {}, "fields": {"strength_premise": {"value": "3", "confidence": {"state": "pre-added", "who": ["user:anne"], "prob": 1}}, "relevance_premise": {"value": "4", "confidence": {"state": "pre-added", "who": ["user:anne"], "prob": 1}}}}, {"classId": "claim", "part": "s1p1", "offsets": [{"start": 360, "text": "Die Preise f\u00fcr die Dienstleistung legen die Anbieter selber fest."}], "coordinates": [], "confidence": {"state": "pre-added", "who": ["user:anne"], "prob": 1}, "normalizations": {}, "fields": {"evidence": {"value": "3", "confidence": {"state": "pre-added", "who": ["user:anne"], "prob": 1}}}}, {"classId": "premise", "part": "s1p1", "offsets": [{"start": 426, "text": "Der Kunde erh\u00e4lt die M\u00f6glichkeit, die unterschiedlichen Anbieter des Angebots basierend auf der transparenten Offenlegung der Preise, sowie anhand von bisherigen Customer Feedback zu vergleichen."}], "coordinates": [], "confidence": {"state": "pre-added", "who": ["user:anne"], "prob": 1}, "normalizations": {}, "fields": {"strength_premise": {"value": "3", "confidence": {"state": "pre-added", "who": ["user:anne"], "prob": 1}}, "relevance_premise": {"value": "4", "confidence": {"state": "pre-added", "who": ["user:anne"], "prob": 1}}}}, {"classId": "claim", "part": "s1p1", "offsets": [{"start": 622, "text": "Sobald der Kunde eines der Angebote als passend ansieht, kontaktiert er den Anbieter direkt \u00fcber den APSY-Messenger und erkl\u00e4rt das Problem."}], "coordinates": [], "confidence": {"state": "pre-added", "who": ["user:anne"], "prob": 1}, "normalizations": {}, "fields": {"evidence": {"value": "4", "confidence": {"state": "pre-added", "who": ["user:anne"], "prob": 1}}}}, {"classId": "premise", "part": "s1p1", "offsets": [{"start": 763, "text": "Der Anbieter entscheidet anschliessend, ob er den Auftrag annehmen will oder nicht. Nach der Erf\u00fcllung des Auftrages, hinterl\u00e4sst der Kunde eine R\u00fcckmeldung auf APSY bez\u00fcglich seiner Zufriedenheit mit der vollzogenen Leistung des Anbieters."}], "coordinates": [], "confidence": {"state": "pre-added", "who": ["user:anne"], "prob": 1}, "normalizations": {}, "fields": {"strength_premise": {"value": "4", "confidence": {"state": "pre-added", "who": ["user:anne"], "prob": 1}}, "relevance_premise": {"value": "4", "confidence": {"state": "pre-added", "who": ["user:anne"], "prob": 1}}}}, {"classId": "claim", "part": "s1p2", "offsets": [{"start": 0, "text": "F\u00fcr Kunden ist APSY die M\u00f6glichkeit, kostenlos, werbefrei und vergleichend nach Dienstleistungen aller Art zu suchen."}], "coordinates": [], "confidence": {"state": "pre-added", "who": ["user:anne"], "prob": 1}, "normalizations": {}, "fields": {"evidence": {"value": "4", "confidence": {"state": "pre-added", "who": ["user:anne"], "prob": 1}}}}, {"classId": "claim", "part": "s1p2", "offsets": [{"start": 118, "text": "F\u00fcr die Anbieter von professionellen Dienstleistungen offeriert APSY die M\u00f6glichkeit f\u00fcr eine kleine Pr\u00e4mie rapide an digitaler Aufmerksamkeit und Sichtbarkeit zu gewinnen."}], "coordinates": [], "confidence": {"state": "pre-added", "who": ["user:anne"], "prob": 1}, "normalizations": {}, "fields": {"evidence": {"value": "4", "confidence": {"state": "pre-added", "who": ["user:anne"], "prob": 1}}}}, {"classId": "premise", "part": "s1p2", "offsets": [{"start": 291, "text": "Die Pr\u00e4mie muss nur bezahlt werden, wenn es tats\u00e4chlich zur Inkontaktnahme des Anbieters durch den Kunden kommt, und der Anbieter den Auftrag annimmt."}], "coordinates": [], "confidence": {"state": "pre-added", "who": ["user:anne"], "prob": 1}, "normalizations": {}, "fields": {"strength_premise": {"value": "3", "confidence": {"state": "pre-added", "who": ["user:anne"], "prob": 1}}, "relevance_premise": {"value": "3", "confidence": {"state": "pre-added", "who": ["user:anne"], "prob": 1}}}}, {"classId": "claim", "part": "s1p2", "offsets": [{"start": 442, "text": "Die Pr\u00e4mie wird in Form einer prozentualen Abgabe umgesetzt,"}], "coordinates": [], "confidence": {"state": "pre-added", "who": ["user:anne"], "prob": 1}, "normalizations": {}, "fields": {"evidence": {"value": "3", "confidence": {"state": "pre-added", "who": ["user:anne"], "prob": 1}}}}, {"classId": "premise", "part": "s1p2", "offsets": [{"start": 503, "text": "welche sich zwischen 5% und 30% des verlangten Preises der Dienstleistung bewegt"}], "coordinates": [], "confidence": {"state": "pre-added", "who": ["user:anne"], "prob": 1}, "normalizations": {}, "fields": {"strength_premise": {"value": "3", "confidence": {"state": "pre-added", "who": ["user:anne"], "prob": 1}}, "relevance_premise": {"value": "4", "confidence": {"state": "pre-added", "who": ["user:anne"], "prob": 1}}}}, {"classId": "claim", "part": "s1p2", "offsets": [{"start": 585, "text": "Die H\u00f6he der prozentualen Abgabe richtet sich nach dem finanziellen Wert der Dienstleistung,"}], "coordinates": [], "confidence": {"state": "pre-added", "who": ["user:anne"], "prob": 1}, "normalizations": {}, "fields": {"evidence": {"value": "3", "confidence": {"state": "pre-added", "who": ["user:anne"], "prob": 1}}}}, {"classId": "premise", "part": "s1p2", "offsets": [{"start": 678, "text": "sowie der Anzahl verf\u00fcgbaren und interessierten weiteren Anbietern f\u00fcr die vom Kunden gesuchte Dienstleistung."}], "coordinates": [], "confidence": {"state": "pre-added", "who": ["user:anne"], "prob": 1}, "normalizations": {}, "fields": {"strength_premise": {"value": "3", "confidence": {"state": "pre-added", "who": ["user:anne"], "prob": 1}}, "relevance_premise": {"value": "3", "confidence": {"state": "pre-added", "who": ["user:anne"], "prob": 1}}}}, {"classId": "claim", "part": "s1p2", "offsets": [{"start": 789, "text": "Es gibt weder f\u00fcr die Kunden noch f\u00fcr die Anbieter zus\u00e4tzliche Basiskosten, um sich beispielsweise f\u00fcr die Webseite anzumelden."}], "coordinates": [], "confidence": {"state": "pre-added", "who": ["user:anne"], "prob": 1}, "normalizations": {}, "fields": {"evidence": {"value": "3", "confidence": {"state": "pre-added", "who": ["user:anne"], "prob": 1}}}}, {"classId": "claim", "part": "s1p2", "offsets": [{"start": 917, "text": "APSY unterscheidet sich von globalen Playern wie upwork und fiverr,"}], "coordinates": [], "confidence": {"state": "pre-added", "who": ["user:anne"], "prob": 1}, "normalizations": {}, "fields": {"evidence": {"value": "3", "confidence": {"state": "pre-added", "who": ["user:anne"], "prob": 1}}}}, {"classId": "premise", "part": "s1p2", "offsets": [{"start": 985, "text": "dadurch, dass die angebotenen Dienstleistungen nicht digital stattfinden, sondern im Normalfall lokale Dienstleistungen (wie z.B. Tutorate, Umzugshilfe oder Caterings) sind, die im direkten Austausch mit dem Kunden vor Ort geschehen. Durch aggressives Marketing werden lokale Anbieter von Dienstleistungen sowie erste Kunden auf die Plattform gebracht, der Rest folgt durch weiteres Marketing sowie vor allem auch durch die Anziehungskraft der Netzwerkeffekte."}], "coordinates": [], "confidence": {"state": "pre-added", "who": ["user:anne"], "prob": 1}, "normalizations": {}, "fields": {"strength_premise": {"value": "4", "confidence": {"state": "pre-added", "who": ["user:anne"], "prob": 1}}, "relevance_premise": {"value": "4", "confidence": {"state": "pre-added", "who": ["user:anne"], "prob": 1}}}}], "relations": [{"classId": "support", "type": "linked", "directed": false, "entities": ["s1p1|e_3|200,357", "s1p1|e_2|112,197"], "confidence": {"state": "pre-added", "who": ["user:anne"], "prob": 1}}, {"classId": "support", "type": "linked", "directed": false, "entities": ["s1p1|e_3|426,620", "s1p1|e_2|360,424"], "confidence": {"state": "pre-added", "who": ["user:anne"], "prob": 1}}, {"classId": "support", "type": "linked", "directed": false, "entities": ["s1p1|e_3|763,1002", "s1p1|e_2|622,761"], "confidence": {"state": "pre-added", "who": ["user:anne"], "prob": 1}}, {"classId": "support", "type": "linked", "directed": false, "entities": ["s1p2|e_3|291,440", "s1p2|e_2|118,289"], "confidence": {"state": "pre-added", "who": ["user:anne"], "prob": 1}}, {"classId": "support", "type": "linked", "directed": false, "entities": ["s1p2|e_3|503,582", "s1p2|e_2|442,501"], "confidence": {"state": "pre-added", "who": ["user:anne"], "prob": 1}}, {"classId": "support", "type": "linked", "directed": false, "entities": ["s1p2|e_3|678,787", "s1p2|e_2|585,676"], "confidence": {"state": "pre-added", "who": ["user:anne"], "prob": 1}}, {"classId": "support", "type": "linked", "directed": false, "entities": ["s1p2|e_3|985,1444", "s1p2|e_2|917,983"], "confidence": {"state": "pre-added", "who": ["user:anne"], "prob": 1}}]}