{"annotatable": {"parts": ["s1p1", "s1p2", "s1p3", "s1p4"]}, "anncomplete": true, "sources": [], "strength_pitch": {"value": "2", "confidence": {"state": "pre-added", "who": ["user:anne"], "prob": 1}}, "entities": [{"classId": "major_claim", "part": "s1p1", "offsets": [{"start": 173, "text": "Das digitale Netzwerk f\u00fcr nachhaltige Unternehmer l\u00f6st dieses Problem. Es vereint die Community auf einer Plattform."}], "coordinates": [], "confidence": {"state": "pre-added", "who": ["user:anne"], "prob": 1}, "normalizations": {}, "fields": {"specificity": {"value": "4", "confidence": {"state": "pre-added", "who": ["user:anne"], "prob": 1}}, "evidence": {"value": "3", "confidence": {"state": "pre-added", "who": ["user:anne"], "prob": 1}}}}, {"classId": "claim", "part": "s1p2", "offsets": [{"start": 5, "text": "Die Spezialisierung der Plattform ist interessant f\u00fcr alle nachhaltigen Unternehmer, sowie f\u00fcr dessen \u00d6kosystem,"}], "coordinates": [], "confidence": {"state": "pre-added", "who": ["user:anne"], "prob": 1}, "normalizations": {}, "fields": {"evidence": {"value": "3", "confidence": {"state": "pre-added", "who": ["user:anne"], "prob": 1}}}}, {"classId": "premise", "part": "s1p2", "offsets": [{"start": 118, "text": "Firmen die interessiert sind an einer Zusammenarbeit mit nachhaltigen Unternehmern, sehen was in der Branche passiert und k\u00f6nnen Inserate schalten, Recruiter die auf der Suche sind nach nachhaltigkeitsaffinen Mitarbeitern, finden schnell die n\u00f6tigen Profile und Werbetreibende die ihr Produkt einer sehr spezifizierte Klientel vorstellen m\u00f6chten, erhalten die M\u00f6glichkeit, dies \u00fcber dieses Netzwerk zu tun."}], "coordinates": [], "confidence": {"state": "pre-added", "who": ["user:anne"], "prob": 1}, "normalizations": {}, "fields": {"strength_premise": {"value": "3", "confidence": {"state": "pre-added", "who": ["user:anne"], "prob": 1}}, "relevance_premise": {"value": "4", "confidence": {"state": "pre-added", "who": ["user:anne"], "prob": 1}}}}, {"classId": "claim", "part": "s1p3", "offsets": [{"start": 240, "text": "Ge\u00e4usserte \u00dcberlegungen von Unternehmern, Verbindungen zwischen nachhaltigen Unternehmern, Kommunikationsmassnahmen verschiedener Unternehmen, aufstrebende Themen etc. werden sicht- und messbar."}], "coordinates": [], "confidence": {"state": "pre-added", "who": ["user:anne"], "prob": 1}, "normalizations": {}, "fields": {"evidence": {"value": "4", "confidence": {"state": "pre-added", "who": ["user:anne"], "prob": 1}}}}, {"classId": "premise", "part": "s1p3", "offsets": [{"start": 435, "text": "Um die Qualit\u00e4t und Interaktion sicherzustellen werden weltweit Partnerschaften mit relevanten Co-Working Spaces (z.B. Impact Hubs) und lokalen Eventorganisatoren (z.B. \u00fcber Meetup) eingegangen."}], "coordinates": [], "confidence": {"state": "pre-added", "who": ["user:anne"], "prob": 1}, "normalizations": {}, "fields": {"strength_premise": {"value": "4", "confidence": {"state": "pre-added", "who": ["user:anne"], "prob": 1}}, "relevance_premise": {"value": "3", "confidence": {"state": "pre-added", "who": ["user:anne"], "prob": 1}}}}, {"classId": "claim", "part": "s1p4", "offsets": [{"start": 5, "text": "Jedes Mitglied bezahlt ab 90 Tagen Mitgliedschaft eine monatliche Geb\u00fchr von 1$."}], "coordinates": [], "confidence": {"state": "pre-added", "who": ["user:anne"], "prob": 1}, "normalizations": {}, "fields": {"evidence": {"value": "4", "confidence": {"state": "pre-added", "who": ["user:anne"], "prob": 1}}}}, {"classId": "premise", "part": "s1p4", "offsets": [{"start": 86, "text": "So wird verhindert, dass das Netzwerk viel Werbung schaltet."}], "coordinates": [], "confidence": {"state": "pre-added", "who": ["user:anne"], "prob": 1}, "normalizations": {}, "fields": {"strength_premise": {"value": "3", "confidence": {"state": "pre-added", "who": ["user:anne"], "prob": 1}}, "relevance_premise": {"value": "3", "confidence": {"state": "pre-added", "who": ["user:anne"], "prob": 1}}}}, {"classId": "premise", "part": "s1p4", "offsets": [{"start": 147, "text": "Gleichzeitig dient die Zahlungsbarriere als Filter und Qualit\u00e4tskontrolle f\u00fcr Mitglieder."}], "coordinates": [], "confidence": {"state": "pre-added", "who": ["user:anne"], "prob": 1}, "normalizations": {}, "fields": {"strength_premise": {"value": "3", "confidence": {"state": "pre-added", "who": ["user:anne"], "prob": 1}}, "relevance_premise": {"value": "4", "confidence": {"state": "pre-added", "who": ["user:anne"], "prob": 1}}}}, {"classId": "claim", "part": "s1p4", "offsets": [{"start": 284, "text": "Zahlende Mitglieder gewinnen viel Wissen, haben eine hohe Zeitersparnis und sind deshalb bereit diesen Betrag aufzuwenden."}], "coordinates": [], "confidence": {"state": "pre-added", "who": ["user:anne"], "prob": 1}, "normalizations": {}, "fields": {"evidence": {"value": "4", "confidence": {"state": "pre-added", "who": ["user:anne"], "prob": 1}}}}, {"classId": "claim", "part": "s1p4", "offsets": [{"start": 407, "text": "Weitere Einnahmen warden \u00fcber featured Content, sowie Spezialgeb\u00fchren f\u00fcr Recruiter generiert."}], "coordinates": [], "confidence": {"state": "pre-added", "who": ["user:anne"], "prob": 1}, "normalizations": {}, "fields": {"evidence": {"value": "4", "confidence": {"state": "pre-added", "who": ["user:anne"], "prob": 1}}}}], "relations": [{"classId": "support", "type": "linked", "directed": false, "entities": ["s1p2|e_3|118,523", "s1p2|e_2|5,116"], "confidence": {"state": "pre-added", "who": ["user:anne"], "prob": 1}}, {"classId": "r_7", "type": "linked", "directed": false, "entities": ["s1p4|e_3|147,235", "s1p4|e_3|86,145"], "confidence": {"state": "pre-added", "who": ["user:anne"], "prob": 1}}]}