{"annotatable": {"parts": ["s1p1", "s1p2", "s1p3"]}, "anncomplete": true, "sources": [], "strength_pitch": {"value": "3", "confidence": {"state": "pre-added", "who": ["user:anne"], "prob": 1}}, "entities": [{"classId": "major_claim", "part": "s1p1", "offsets": [{"start": 0, "text": "Cleanify soll einen OnDemand W\u00e4schelieferservice durch eine Applikation, welche sowohl \u00fcber den AppStore wie auch \u00fcber den Playstore herunterladen werden kann, anbieten."}], "coordinates": [], "confidence": {"state": "pre-added", "who": ["user:anne"], "prob": 1}, "normalizations": {}, "fields": {"specificity": {"value": "4", "confidence": {"state": "pre-added", "who": ["user:anne"], "prob": 1}}, "evidence": {"value": "3", "confidence": {"state": "pre-added", "who": ["user:anne"], "prob": 1}}}}, {"classId": "claim", "part": "s1p1", "offsets": [{"start": 170, "text": "Cleanify bietet eine simple W\u00e4schel\u00f6sung und dabei stets eine super Qualit\u00e4t an."}], "coordinates": [], "confidence": {"state": "pre-added", "who": ["user:anne"], "prob": 1}, "normalizations": {}, "fields": {"evidence": {"value": "4", "confidence": {"state": "pre-added", "who": ["user:anne"], "prob": 1}}}}, {"classId": "premise", "part": "s1p1", "offsets": [{"start": 251, "text": "Die W\u00e4sche wird von Cleanify selber gereinigt, f\u00fcr die Abholung und Lieferung der W\u00e4sche arbeitet Cleanify mit externen Fahrern zusammen, welche die W\u00e4sche beim Kunden abholen und wieder zur\u00fcckliefern."}], "coordinates": [], "confidence": {"state": "pre-added", "who": ["user:anne"], "prob": 1}, "normalizations": {}, "fields": {"strength_premise": {"value": "4", "confidence": {"state": "pre-added", "who": ["user:anne"], "prob": 1}}, "relevance_premise": {"value": "3", "confidence": {"state": "pre-added", "who": ["user:anne"], "prob": 1}}}}, {"classId": "claim", "part": "s1p2", "offsets": [{"start": 0, "text": "Cleanify spricht auf der einen Seite private Kunden an und zwar k\u00f6nnen sowohl berufst\u00e4tige Personen ihrer Arbeitskleidung abgeben, welche sehr schwer zu reinigen sind wie auch alle andere Personen, die gerne in grossen Mengen ihre W\u00e4sche abgeben, um sich nicht mehr darum k\u00fcmmern zu m\u00fcssen."}], "coordinates": [], "confidence": {"state": "pre-added", "who": ["user:anne"], "prob": 1}, "normalizations": {}, "fields": {"evidence": {"value": "3", "confidence": {"state": "pre-added", "who": ["user:anne"], "prob": 1}}}}, {"classId": "premise", "part": "s1p2", "offsets": [{"start": 291, "text": "Kunden sparen sich den Weg zu einer traditionellen W\u00e4scherei, ihre Kleider sind sicher und gehen nicht verloren (Tracker in der App)."}], "coordinates": [], "confidence": {"state": "pre-added", "who": ["user:anne"], "prob": 1}, "normalizations": {}, "fields": {"strength_premise": {"value": "3", "confidence": {"state": "pre-added", "who": ["user:anne"], "prob": 1}}, "relevance_premise": {"value": "3", "confidence": {"state": "pre-added", "who": ["user:anne"], "prob": 1}}}}, {"classId": "claim", "part": "s1p3", "offsets": [{"start": 84, "text": "Es werden in verschiedensten Unternehmen mobile Annahmestellen, welche von Cleanify zu Verf\u00fcgung gestellt werden, aufgebaut, sodass die Unternehmen ihre W\u00e4sche so abgeben k\u00f6nnen."}], "coordinates": [], "confidence": {"state": "pre-added", "who": ["user:anne"], "prob": 1}, "normalizations": {}, "fields": {"evidence": {"value": "3", "confidence": {"state": "pre-added", "who": ["user:anne"], "prob": 1}}}}, {"classId": "premise", "part": "s1p3", "offsets": [{"start": 263, "text": "Somit k\u00f6nnen nebst der Corporate-W\u00e4sche, welche das Unternehmen in seinem Gesch\u00e4ft braucht auch die Mitarbeiter von dieser Annahmestelle profitieren."}], "coordinates": [], "confidence": {"state": "pre-added", "who": ["user:anne"], "prob": 1}, "normalizations": {}, "fields": {"strength_premise": {"value": "3", "confidence": {"state": "pre-added", "who": ["user:anne"], "prob": 1}}, "relevance_premise": {"value": "3", "confidence": {"state": "pre-added", "who": ["user:anne"], "prob": 1}}}}, {"classId": "premise", "part": "s1p3", "offsets": [{"start": 413, "text": "Denn durch eine solche Annahmestelle k\u00f6nnen die Mitarbeiter ebenfalls ihre Arbeitskleider gleich durch diese \u201cBox\u201c von Cleanify reinigen lassen."}], "coordinates": [], "confidence": {"state": "pre-added", "who": ["user:anne"], "prob": 1}, "normalizations": {}, "fields": {"strength_premise": {"value": "4", "confidence": {"state": "pre-added", "who": ["user:anne"], "prob": 1}}, "relevance_premise": {"value": "3", "confidence": {"state": "pre-added", "who": ["user:anne"], "prob": 1}}}}, {"classId": "claim", "part": "s1p3", "offsets": [{"start": 558, "text": "Diese Annahmestelle/Box wird den Unternehmen kostenlos von Cleanify zu Verf\u00fcgung gestellt"}], "coordinates": [], "confidence": {"state": "pre-added", "who": ["user:anne"], "prob": 1}, "normalizations": {}, "fields": {"evidence": {"value": "3", "confidence": {"state": "pre-added", "who": ["user:anne"], "prob": 1}}}}, {"classId": "premise", "part": "s1p3", "offsets": [{"start": 649, "text": "Somit profitieren auch B2B Kunden enorm von Cleanify, denn diese erm\u00f6glicht ihnen eine enorme Zeitersparnis da die grosse Anzahl von W\u00e4sche beim Unternehmen abgeholt und wieder zur\u00fcckgeliefert wird."}], "coordinates": [], "confidence": {"state": "pre-added", "who": ["user:anne"], "prob": 1}, "normalizations": {}, "fields": {"strength_premise": {"value": "3", "confidence": {"state": "pre-added", "who": ["user:anne"], "prob": 1}}, "relevance_premise": {"value": "3", "confidence": {"state": "pre-added", "who": ["user:anne"], "prob": 1}}}}, {"classId": "premise", "part": "s1p3", "offsets": [{"start": 848, "text": "Ausserdem bietet Cleanify dem Unternehmen stets eine \u00fcbersichtliche Darstellung der abgegebenen W\u00e4sche durch die App."}], "coordinates": [], "confidence": {"state": "pre-added", "who": ["user:anne"], "prob": 1}, "normalizations": {}, "fields": {"strength_premise": {"value": "3", "confidence": {"state": "pre-added", "who": ["user:anne"], "prob": 1}}, "relevance_premise": {"value": "3", "confidence": {"state": "pre-added", "who": ["user:anne"], "prob": 1}}}}, {"classId": "claim", "part": "s1p3", "offsets": [{"start": 966, "text": "Somit ist auch die Sicherheit \u00fcber die abgegebene W\u00e4sche garantiert."}], "coordinates": [], "confidence": {"state": "pre-added", "who": ["user:anne"], "prob": 1}, "normalizations": {}, "fields": {"evidence": {"value": "3", "confidence": {"state": "pre-added", "who": ["user:anne"], "prob": 1}}}}], "relations": [{"classId": "support", "type": "linked", "directed": false, "entities": ["s1p1|e_3|251,451", "s1p1|e_2|170,249"], "confidence": {"state": "pre-added", "who": ["user:anne"], "prob": 1}}, {"classId": "support", "type": "linked", "directed": false, "entities": ["s1p2|e_3|291,423", "s1p2|e_2|0,289"], "confidence": {"state": "pre-added", "who": ["user:anne"], "prob": 1}}, {"classId": "support", "type": "linked", "directed": false, "entities": ["s1p3|e_3|263,411", "s1p3|e_2|84,261"], "confidence": {"state": "pre-added", "who": ["user:anne"], "prob": 1}}, {"classId": "support", "type": "linked", "directed": false, "entities": ["s1p3|e_3|649,846", "s1p3|e_2|558,646"], "confidence": {"state": "pre-added", "who": ["user:anne"], "prob": 1}}, {"classId": "support", "type": "linked", "directed": false, "entities": ["s1p3|e_2|966,1033", "s1p3|e_3|848,964"], "confidence": {"state": "pre-added", "who": ["user:anne"], "prob": 1}}, {"classId": "r_7", "type": "linked", "directed": false, "entities": ["s1p3|e_3|413,556", "s1p3|e_3|263,411"], "confidence": {"state": "pre-added", "who": ["user:anne"], "prob": 1}}]}