{"annotatable": {"parts": ["s1p1"]}, "anncomplete": true, "sources": [], "strength_pitch": {"value": "5", "confidence": {"state": "pre-added", "who": ["user:anne"], "prob": 1}}, "entities": [{"classId": "claim", "part": "s1p1", "offsets": [{"start": 235, "text": "Will man als Einzelperson auf Plastik verzichten, hat dies einen enormen Mehraufwand im t\u00e4glichen Leben zur Folge."}], "coordinates": [], "confidence": {"state": "pre-added", "who": ["user:anne"], "prob": 1}, "normalizations": {}, "fields": {"evidence": {"value": "4", "confidence": {"state": "pre-added", "who": ["user:anne"], "prob": 1}}}}, {"classId": "premise", "part": "s1p1", "offsets": [{"start": 350, "text": "Noch schlimmer, in vielen F\u00e4llen hat man sogar auf Dinge zu verzichten, da keine Alternativen existieren."}], "coordinates": [], "confidence": {"state": "pre-added", "who": ["user:anne"], "prob": 1}, "normalizations": {}, "fields": {"strength_premise": {"value": "3", "confidence": {"state": "pre-added", "who": ["user:anne"], "prob": 1}}, "relevance_premise": {"value": "3", "confidence": {"state": "pre-added", "who": ["user:anne"], "prob": 1}}}}, {"classId": "claim", "part": "s1p1", "offsets": [{"start": 598, "text": "Zwar sind durch den Nachhaltigkeitstrend immer mehr wiederverwendbare Flaschen bei vor allem jungen Leuten zu sehen,"}], "coordinates": [], "confidence": {"state": "pre-added", "who": ["user:anne"], "prob": 1}, "normalizations": {}, "fields": {"evidence": {"value": "3", "confidence": {"state": "pre-added", "who": ["user:anne"], "prob": 1}}}}, {"classId": "premise", "part": "s1p1", "offsets": [{"start": 715, "text": "doch damit verbunden haben diese auf Vieles zu verzichten."}], "coordinates": [], "confidence": {"state": "pre-added", "who": ["user:anne"], "prob": 1}, "normalizations": {}, "fields": {"strength_premise": {"value": "3", "confidence": {"state": "pre-added", "who": ["user:anne"], "prob": 1}}, "relevance_premise": {"value": "3", "confidence": {"state": "pre-added", "who": ["user:anne"], "prob": 1}}}}, {"classId": "major_claim", "part": "s1p1", "offsets": [{"start": 877, "text": "Diese Problem wird mit DrinkAble behoben. DrinkAble ist ein Unternehmen, welches zusammen mit Retailern und Getr\u00e4nkeherstellern ein breites Netzwerk an dezentralen Auff\u00fcllstationen f\u00fcr wiederverwendbare Flaschen installieren wird."}], "coordinates": [], "confidence": {"state": "pre-added", "who": ["user:anne"], "prob": 1}, "normalizations": {}, "fields": {"specificity": {"value": "3", "confidence": {"state": "pre-added", "who": ["user:anne"], "prob": 1}}, "evidence": {"value": "4", "confidence": {"state": "pre-added", "who": ["user:anne"], "prob": 1}}}}, {"classId": "claim", "part": "s1p1", "offsets": [{"start": 1108, "text": "Mit der DrinkAble-App, wird es dann f\u00fcr Besitzer wiederverwendbarer Flaschen m\u00f6glich, auf ein viel breiteres Sortiment Zugriff zu haben, ohne eine Plastikflasche kaufen zu m\u00fcssen."}], "coordinates": [], "confidence": {"state": "pre-added", "who": ["user:anne"], "prob": 1}, "normalizations": {}, "fields": {"evidence": {"value": "3", "confidence": {"state": "pre-added", "who": ["user:anne"], "prob": 1}}}}, {"classId": "premise", "part": "s1p1", "offsets": [{"start": 1288, "text": "Auf der Plattform k\u00f6nnen registrierte Benutzer die n\u00e4chste Auff\u00fcllstation ausfindig machen, direkt ihr gew\u00fcnschtes Getr\u00e4nk ausw\u00e4hlen und anschliessend auch direkt bezahlen."}], "coordinates": [], "confidence": {"state": "pre-added", "who": ["user:anne"], "prob": 1}, "normalizations": {}, "fields": {"strength_premise": {"value": "3", "confidence": {"state": "pre-added", "who": ["user:anne"], "prob": 1}}, "relevance_premise": {"value": "3", "confidence": {"state": "pre-added", "who": ["user:anne"], "prob": 1}}}}, {"classId": "claim", "part": "s1p1", "offsets": [{"start": 1461, "text": "Doch damit ist noch nicht Schluss"}], "coordinates": [], "confidence": {"state": "pre-added", "who": ["user:anne"], "prob": 1}, "normalizations": {}, "fields": {"evidence": {"value": "3", "confidence": {"state": "pre-added", "who": ["user:anne"], "prob": 1}}}}, {"classId": "premise", "part": "s1p1", "offsets": [{"start": 1496, "text": "DrinkAble erm\u00f6glicht es Usern ebenfalls, sich pers\u00f6nliche Ziele f\u00fcr den t\u00e4glichen Konsum zu setzen. Durch eine Analyse der Inhaltsstoffe der konsumierten Getr\u00e4nke hat der User somit immer die \u00dcbersicht \u00fcber seinen Konsum, kriegt Verbesserungsvorschl\u00e4ge und kann folglich ges\u00fcndere Gewohnheiten etablieren."}], "coordinates": [], "confidence": {"state": "pre-added", "who": ["user:anne"], "prob": 1}, "normalizations": {}, "fields": {"strength_premise": {"value": "3", "confidence": {"state": "pre-added", "who": ["user:anne"], "prob": 1}}, "relevance_premise": {"value": "3", "confidence": {"state": "pre-added", "who": ["user:anne"], "prob": 1}}}}, {"classId": "claim", "part": "s1p1", "offsets": [{"start": 1802, "text": "Auch erm\u00f6glicht ihm die Plattform, Feedback zu den Getr\u00e4nken zu geben und Vorschl\u00e4ge f\u00fcr neue Auff\u00fcllstationen einzubringen."}], "coordinates": [], "confidence": {"state": "pre-added", "who": ["user:anne"], "prob": 1}, "normalizations": {}, "fields": {"evidence": {"value": "3", "confidence": {"state": "pre-added", "who": ["user:anne"], "prob": 1}}}}, {"classId": "premise", "part": "s1p1", "offsets": [{"start": 1927, "text": "Somit handelt es sich bei DrinkAble um eine Plattform, welche nicht nur einen wertvollen Beitrag zur Plastikreduktion beitragen, sondern auch den Menschen zu einem ges\u00fcnderen Lebensstil verhelfen kann."}], "coordinates": [], "confidence": {"state": "pre-added", "who": ["user:anne"], "prob": 1}, "normalizations": {}, "fields": {"strength_premise": {"value": "3", "confidence": {"state": "pre-added", "who": ["user:anne"], "prob": 1}}, "relevance_premise": {"value": "4", "confidence": {"state": "pre-added", "who": ["user:anne"], "prob": 1}}}}], "relations": [{"classId": "support", "type": "linked", "directed": false, "entities": ["s1p1|e_3|350,454", "s1p1|e_2|235,348"], "confidence": {"state": "pre-added", "who": ["user:anne"], "prob": 1}}, {"classId": "support", "type": "linked", "directed": false, "entities": ["s1p1|e_3|715,772", "s1p1|e_2|598,713"], "confidence": {"state": "pre-added", "who": ["user:anne"], "prob": 1}}, {"classId": "support", "type": "linked", "directed": false, "entities": ["s1p1|e_3|1288,1459", "s1p1|e_2|1108,1286"], "confidence": {"state": "pre-added", "who": ["user:anne"], "prob": 1}}, {"classId": "support", "type": "linked", "directed": false, "entities": ["s1p1|e_3|1496,1800", "s1p1|e_2|1461,1493"], "confidence": {"state": "pre-added", "who": ["user:anne"], "prob": 1}}, {"classId": "support", "type": "linked", "directed": false, "entities": ["s1p1|e_3|1927,2127", "s1p1|e_2|1802,1925"], "confidence": {"state": "pre-added", "who": ["user:anne"], "prob": 1}}]}