{"annotatable": {"parts": ["s1p1", "s1p2"]}, "anncomplete": true, "sources": [], "strength_pitch": {"value": "2", "confidence": {"state": "pre-added", "who": ["user:anne"], "prob": 1}}, "entities": [{"classId": "major_claim", "part": "s1p1", "offsets": [{"start": 0, "text": "Mit Rebike wird eine Plattform geschaffen zur Optimierung des Prozesses der Fahrrad Reparatur. Es sollen sich Kunden, Fahrradwerkst\u00e4tte und Service Provider aufschalten k\u00f6nnen und voneinander profitieren."}], "coordinates": [], "confidence": {"state": "pre-added", "who": ["user:anne"], "prob": 1}, "normalizations": {}, "fields": {"specificity": {"value": "2", "confidence": {"state": "pre-added", "who": ["user:anne"], "prob": 1}}, "evidence": {"value": "3", "confidence": {"state": "pre-added", "who": ["user:anne"], "prob": 1}}}}, {"classId": "claim", "part": "s1p2", "offsets": [{"start": 0, "text": "Der Preis, die Verf\u00fcgbarkeit, die Location oder die Expertise k\u00f6nnen Entscheidungskriterien darstellen und werden auf der Plattform verglichen."}], "coordinates": [], "confidence": {"state": "pre-added", "who": ["user:anne"], "prob": 1}, "normalizations": {}, "fields": {"evidence": {"value": "3", "confidence": {"state": "pre-added", "who": ["user:anne"], "prob": 1}}}}, {"classId": "premise", "part": "s1p2", "offsets": [{"start": 144, "text": "Zudem k\u00f6nnen neben dem Bring- und Abholservice auch Ersatzf\u00e4hrr\u00e4der f\u00fcr die Zeit w\u00e4hrend der Reparatur bezogen werden."}], "coordinates": [], "confidence": {"state": "pre-added", "who": ["user:anne"], "prob": 1}, "normalizations": {}, "fields": {"strength_premise": {"value": "2", "confidence": {"state": "pre-added", "who": ["user:anne"], "prob": 1}}, "relevance_premise": {"value": "3", "confidence": {"state": "pre-added", "who": ["user:anne"], "prob": 1}}}}, {"classId": "claim", "part": "s1p2", "offsets": [{"start": 263, "text": "Die Fahrradwerkst\u00e4tte erhalten die M\u00f6glichkeit sich auf der Plattform je nach Expertise spezifisch zu positionieren."}], "coordinates": [], "confidence": {"state": "pre-added", "who": ["user:anne"], "prob": 1}, "normalizations": {}, "fields": {"evidence": {"value": "3", "confidence": {"state": "pre-added", "who": ["user:anne"], "prob": 1}}}}, {"classId": "premise", "part": "s1p2", "offsets": [{"start": 380, "text": "Zudem k\u00f6nnen sie rundum Pakete anzubieten, welche die Abholung und Lieferung des Fahrrads beinhalten. Weitere Services wie den Checkup des Bikes k\u00f6nnen einfach dazu gebucht werden."}], "coordinates": [], "confidence": {"state": "pre-added", "who": ["user:anne"], "prob": 1}, "normalizations": {}, "fields": {"strength_premise": {"value": "3", "confidence": {"state": "pre-added", "who": ["user:anne"], "prob": 1}}, "relevance_premise": {"value": "3", "confidence": {"state": "pre-added", "who": ["user:anne"], "prob": 1}}}}, {"classId": "claim", "part": "s1p2", "offsets": [{"start": 561, "text": "Des Weiteren k\u00f6nnen Service Provider oder Privatpersonen einen Zusatzverdienst erwerben und die Fahrrad Abholung, Lieferung oder direkt die Reparatur beim Kunden vor Ort anbieten."}], "coordinates": [], "confidence": {"state": "pre-added", "who": ["user:anne"], "prob": 1}, "normalizations": {}, "fields": {"evidence": {"value": "3", "confidence": {"state": "pre-added", "who": ["user:anne"], "prob": 1}}}}, {"classId": "premise", "part": "s1p2", "offsets": [{"start": 741, "text": "Zudem kann die Abrechnung der Services direkt via App vorgenommen werden. Und je nach Bedarf auch in Raten bezahlt werden."}], "coordinates": [], "confidence": {"state": "pre-added", "who": ["user:anne"], "prob": 1}, "normalizations": {}, "fields": {"strength_premise": {"value": "3", "confidence": {"state": "pre-added", "who": ["user:anne"], "prob": 1}}, "relevance_premise": {"value": "3", "confidence": {"state": "pre-added", "who": ["user:anne"], "prob": 1}}}}], "relations": [{"classId": "support", "type": "linked", "directed": false, "entities": ["s1p2|e_3|144,261", "s1p2|e_2|0,142"], "confidence": {"state": "pre-added", "who": ["user:anne"], "prob": 1}}, {"classId": "support", "type": "linked", "directed": false, "entities": ["s1p2|e_3|380,559", "s1p2|e_2|263,378"], "confidence": {"state": "pre-added", "who": ["user:anne"], "prob": 1}}, {"classId": "support", "type": "linked", "directed": false, "entities": ["s1p2|e_3|741,862", "s1p2|e_2|561,739"], "confidence": {"state": "pre-added", "who": ["user:anne"], "prob": 1}}]}