{"annotatable": {"parts": ["s1p1"]}, "anncomplete": true, "sources": [], "strength_pitch": {"value": "3", "confidence": {"state": "pre-added", "who": ["user:anne"], "prob": 1}}, "entities": [{"classId": "major_claim", "part": "s1p1", "offsets": [{"start": 162, "text": "Mit der Plattform PetriHeil.ch bieten wir eine Plattform f\u00fcr alle Fischerinteressierten."}], "coordinates": [], "confidence": {"state": "pre-added", "who": ["user:anne"], "prob": 1}, "normalizations": {}, "fields": {"specificity": {"value": "3", "confidence": {"state": "pre-added", "who": ["user:anne"], "prob": 1}}, "evidence": {"value": "4", "confidence": {"state": "pre-added", "who": ["user:anne"], "prob": 1}}}}, {"classId": "claim", "part": "s1p1", "offsets": [{"start": 251, "text": "Die Plattform hat zum einen eine funktionale, zum anderen eine soziale Komponente."}], "coordinates": [], "confidence": {"state": "pre-added", "who": ["user:anne"], "prob": 1}, "normalizations": {}, "fields": {"evidence": {"value": "3", "confidence": {"state": "pre-added", "who": ["user:anne"], "prob": 1}}}}, {"classId": "premise", "part": "s1p1", "offsets": [{"start": 334, "text": "Die funktionale Komponente besteht darin, dass die Plattform den digitalen Austausch von Informationen zwischen Kantone/Gemeinde und Fischer erm\u00f6glicht. Somit k\u00f6nnen mittels der Plattform Patente online gel\u00f6st werden und Fangstatistik online erhoben werden. Die soziale Komponente besteht darin, dass die Plattform den Austausch unter den Fischern erm\u00f6glicht."}], "coordinates": [], "confidence": {"state": "pre-added", "who": ["user:anne"], "prob": 1}, "normalizations": {}, "fields": {"strength_premise": {"value": "3", "confidence": {"state": "pre-added", "who": ["user:anne"], "prob": 1}}, "relevance_premise": {"value": "4", "confidence": {"state": "pre-added", "who": ["user:anne"], "prob": 1}}}}, {"classId": "claim", "part": "s1p1", "offsets": [{"start": 694, "text": "\u00dcber die Plattform k\u00f6nnen sich Personen (\u00e4hnlich wie bei einer Dating-Plattform) zum Fischen verabreden, Tipps \u00fcber die ideale Angelstelle und Fotos der gefangenen Fische austauschen."}], "coordinates": [], "confidence": {"state": "pre-added", "who": ["user:anne"], "prob": 1}, "normalizations": {}, "fields": {"evidence": {"value": "4", "confidence": {"state": "pre-added", "who": ["user:anne"], "prob": 1}}}}, {"classId": "premise", "part": "s1p1", "offsets": [{"start": 878, "text": "Fischer-Anf\u00e4nger k\u00f6nnen sich zudem f\u00fcr das Mentoren-Programm bewerben, wo Ihnen ein erfahrener Fischer zur Verf\u00fcgung gestellt wird"}], "coordinates": [], "confidence": {"state": "pre-added", "who": ["user:anne"], "prob": 1}, "normalizations": {}, "fields": {"strength_premise": {"value": "3", "confidence": {"state": "pre-added", "who": ["user:anne"], "prob": 1}}, "relevance_premise": {"value": "3", "confidence": {"state": "pre-added", "who": ["user:anne"], "prob": 1}}}}, {"classId": "premise", "part": "s1p1", "offsets": [{"start": 1010, "text": "Um den Nutzen f\u00fcr die Fischer zu maximieren, sind Zusatzfunktionen denkbar wie das Erstellen eines \u00abFischer- Tagebuchs\u00bb, Videos zur richtigen Montage des Zubeh\u00f6rs oder ein Rezeptbuch zur richtigen Zubereitung der Fische."}], "coordinates": [], "confidence": {"state": "pre-added", "who": ["user:anne"], "prob": 1}, "normalizations": {}, "fields": {"strength_premise": {"value": "3", "confidence": {"state": "pre-added", "who": ["user:anne"], "prob": 1}}, "relevance_premise": {"value": "3", "confidence": {"state": "pre-added", "who": ["user:anne"], "prob": 1}}}}, {"classId": "claim", "part": "s1p1", "offsets": [{"start": 1231, "text": "F\u00fcr Fischer ist die Nutzung der Plattform kostenlos"}], "coordinates": [], "confidence": {"state": "pre-added", "who": ["user:anne"], "prob": 1}, "normalizations": {}, "fields": {"evidence": {"value": "3", "confidence": {"state": "pre-added", "who": ["user:anne"], "prob": 1}}}}, {"classId": "premise", "part": "s1p1", "offsets": [{"start": 1284, "text": "Einnahmen werden \u00fcber verschieden Kan\u00e4le realisiert. Zum einen bezahlen die Gemeinden f\u00fcr jedes gel\u00f6ste Patent eine kleine Geb\u00fchr (Die Gemeinden sind bereit eine Geb\u00fchr zu bezahlen, weil f\u00fcr sie der administrative Aufwand: das Ausstellen der Patente wegf\u00e4llt)"}], "coordinates": [], "confidence": {"state": "pre-added", "who": ["user:anne"], "prob": 1}, "normalizations": {}, "fields": {"strength_premise": {"value": "3", "confidence": {"state": "pre-added", "who": ["user:anne"], "prob": 1}}, "relevance_premise": {"value": "3", "confidence": {"state": "pre-added", "who": ["user:anne"], "prob": 1}}}}, {"classId": "claim", "part": "s1p1", "offsets": [{"start": 1546, "text": "Des Weiteren werden \u00fcber die Plattform \u00abFischer \u2013 Reisen\u00bb in unterschiedlichen Preissegmenten vermarktet bzw. vermittelt."}], "coordinates": [], "confidence": {"state": "pre-added", "who": ["user:anne"], "prob": 1}, "normalizations": {}, "fields": {"evidence": {"value": "3", "confidence": {"state": "pre-added", "who": ["user:anne"], "prob": 1}}}}, {"classId": "premise", "part": "s1p1", "offsets": [{"start": 1668, "text": "Die Reiseanbieter bezahlen f\u00fcr jeden Kunden, welche \u00fcber die Plattform akquiriert wird, eine Provision."}], "coordinates": [], "confidence": {"state": "pre-added", "who": ["user:anne"], "prob": 1}, "normalizations": {}, "fields": {"strength_premise": {"value": "3", "confidence": {"state": "pre-added", "who": ["user:anne"], "prob": 1}}, "relevance_premise": {"value": "3", "confidence": {"state": "pre-added", "who": ["user:anne"], "prob": 1}}}}, {"classId": "claim", "part": "s1p1", "offsets": [{"start": 1893, "text": "Fischen ist f\u00fcr \u00fcber 150\u2019 000 Personen in der Schweiz ein Hobby."}], "coordinates": [], "confidence": {"state": "pre-added", "who": ["user:anne"], "prob": 1}, "normalizations": {}, "fields": {"evidence": {"value": "4", "confidence": {"state": "pre-added", "who": ["user:anne"], "prob": 1}}}}, {"classId": "premise", "part": "s1p1", "offsets": [{"start": 1958, "text": "Es handelt sich somit um einen interessanten Nischenmarkt. Es gibt Foren, in welchen Fischer sich austauschen k\u00f6nnen, jedoch ist die Produktidee in der beschriebenen Form einzigartig bzw. es bestehen zurzeit noch keine direkten Konkurrenten"}], "coordinates": [], "confidence": {"state": "pre-added", "who": ["user:anne"], "prob": 1}, "normalizations": {}, "fields": {"strength_premise": {"value": "4", "confidence": {"state": "pre-added", "who": ["user:anne"], "prob": 1}}, "relevance_premise": {"value": "4", "confidence": {"state": "pre-added", "who": ["user:anne"], "prob": 1}}}}, {"classId": "claim", "part": "s1p1", "offsets": [{"start": 2200, "text": "Das Gesch\u00e4ftsmodell l\u00e4sst sich mit \u00fcberschaubaren Entwicklungskosten umsetzen. Des Weiteren handelt es sich um ein digitales Gesch\u00e4ftsmodell,"}], "coordinates": [], "confidence": {"state": "pre-added", "who": ["user:anne"], "prob": 1}, "normalizations": {}, "fields": {"evidence": {"value": "4", "confidence": {"state": "pre-added", "who": ["user:anne"], "prob": 1}}}}, {"classId": "premise", "part": "s1p1", "offsets": [{"start": 2342, "text": "welches hohe Skalierungspotentiale mit sich bringt bzw. sich in einer sp\u00e4teren Phase auch f\u00fcr eine Internationalisierung eignen w\u00fcrde."}], "coordinates": [], "confidence": {"state": "pre-added", "who": ["user:anne"], "prob": 1}, "normalizations": {}, "fields": {"strength_premise": {"value": "3", "confidence": {"state": "pre-added", "who": ["user:anne"], "prob": 1}}, "relevance_premise": {"value": "3", "confidence": {"state": "pre-added", "who": ["user:anne"], "prob": 1}}}}], "relations": [{"classId": "support", "type": "linked", "directed": false, "entities": ["s1p1|e_3|334,692", "s1p1|e_2|251,332"], "confidence": {"state": "pre-added", "who": ["user:anne"], "prob": 1}}, {"classId": "support", "type": "linked", "directed": false, "entities": ["s1p1|e_3|878,1007", "s1p1|e_2|694,876"], "confidence": {"state": "pre-added", "who": ["user:anne"], "prob": 1}}, {"classId": "support", "type": "linked", "directed": false, "entities": ["s1p1|e_3|1284,1542", "s1p1|e_2|1231,1281"], "confidence": {"state": "pre-added", "who": ["user:anne"], "prob": 1}}, {"classId": "support", "type": "linked", "directed": false, "entities": ["s1p1|e_3|1668,1770", "s1p1|e_2|1546,1666"], "confidence": {"state": "pre-added", "who": ["user:anne"], "prob": 1}}, {"classId": "support", "type": "linked", "directed": false, "entities": ["s1p1|e_3|1958,2197", "s1p1|e_2|1893,1956"], "confidence": {"state": "pre-added", "who": ["user:anne"], "prob": 1}}, {"classId": "support", "type": "linked", "directed": false, "entities": ["s1p1|e_3|2342,2475", "s1p1|e_2|2200,2340"], "confidence": {"state": "pre-added", "who": ["user:anne"], "prob": 1}}, {"classId": "r_7", "type": "linked", "directed": false, "entities": ["s1p1|e_3|1010,1229", "s1p1|e_3|878,1007"], "confidence": {"state": "pre-added", "who": ["user:anne"], "prob": 1}}]}