{"annotatable": {"parts": ["s1p1", "s1p2", "s1p3"]}, "anncomplete": true, "sources": [], "strength_pitch": {"value": "3", "confidence": {"state": "pre-added", "who": ["user:anne"], "prob": 1}}, "entities": [{"classId": "major_claim", "part": "s1p1", "offsets": [{"start": 5, "text": "Die \u00abGrillsational-App\u00bb basierend auf einer interaktiven Plattform auf der man sich mit der lokalen Grill- Community austauschen kann - nicht nur Privatpersonen sondern auch Unternehmen (Metzgerei, Lieferdienst, Grillverk\u00e4ufer, etc.)."}], "coordinates": [], "confidence": {"state": "pre-added", "who": ["user:anne"], "prob": 1}, "normalizations": {}, "fields": {"specificity": {"value": "3", "confidence": {"state": "pre-added", "who": ["user:anne"], "prob": 1}}, "evidence": {"value": "3", "confidence": {"state": "pre-added", "who": ["user:anne"], "prob": 1}}}}, {"classId": "claim", "part": "s1p1", "offsets": [{"start": 240, "text": "Die Plattform versucht gezielt lokale/kleinere (keine Migros & Coop) Betriebe in die Grill- Community zu integrieren und die Konsumenten zu incentivieren prim\u00e4r lokal einzukaufen."}], "coordinates": [], "confidence": {"state": "pre-added", "who": ["user:anne"], "prob": 1}, "normalizations": {}, "fields": {"evidence": {"value": "4", "confidence": {"state": "pre-added", "who": ["user:anne"], "prob": 1}}}}, {"classId": "claim", "part": "s1p2", "offsets": [{"start": 9, "text": "Der Fokus liegt auf den Bed\u00fcrfnissen der Privatpersonen wie Samuel Meier und Hans M\u00fcller. Die L\u00f6sung soll gezielt nicht mit \u00fcbergeordneten Koch-Communities konkurrenzieren"}], "coordinates": [], "confidence": {"state": "pre-added", "who": ["user:anne"], "prob": 1}, "normalizations": {}, "fields": {"evidence": {"value": "3", "confidence": {"state": "pre-added", "who": ["user:anne"], "prob": 1}}}}, {"classId": "premise", "part": "s1p2", "offsets": [{"start": 182, "text": "sondern spricht ganz spezifisch die Grillfans an und generiert Dank dem klaren Fokus auch einen Mehrwert"}], "coordinates": [], "confidence": {"state": "pre-added", "who": ["user:anne"], "prob": 1}, "normalizations": {}, "fields": {"strength_premise": {"value": "3", "confidence": {"state": "pre-added", "who": ["user:anne"], "prob": 1}}, "relevance_premise": {"value": "4", "confidence": {"state": "pre-added", "who": ["user:anne"], "prob": 1}}}}, {"classId": "claim", "part": "s1p3", "offsets": [{"start": 6, "text": "Die Plattform verbindet die wichtigsten Mitglieder der Grill-Community und schliesst damit viele Value Gaps indem es eine aktive Interaktion aller Parteien erm\u00f6glicht."}], "coordinates": [], "confidence": {"state": "pre-added", "who": ["user:anne"], "prob": 1}, "normalizations": {}, "fields": {"evidence": {"value": "4", "confidence": {"state": "pre-added", "who": ["user:anne"], "prob": 1}}}}, {"classId": "premise", "part": "s1p3", "offsets": [{"start": 174, "text": "Daraus resultiert eine App-L\u00f6sung f\u00fcr alle Personen, die gerne grillieren und Unternehmen, die in das lokale Grill-Ecosystem eingebettet werden m\u00f6chten."}], "coordinates": [], "confidence": {"state": "pre-added", "who": ["user:anne"], "prob": 1}, "normalizations": {}, "fields": {"strength_premise": {"value": "3", "confidence": {"state": "pre-added", "who": ["user:anne"], "prob": 1}}, "relevance_premise": {"value": "3", "confidence": {"state": "pre-added", "who": ["user:anne"], "prob": 1}}}}, {"classId": "claim", "part": "s1p3", "offsets": [{"start": 327, "text": "Privatpersonen k\u00f6nnen sich einfach und schnell gegenseitig austauschen/Feedback geben (zu Rezepten, Zutaten, Grills, etc.) und k\u00f6nnen entsprechende Produkte direkt \u00fcber die App bei den integrierten Unternehmen bestellen"}], "coordinates": [], "confidence": {"state": "pre-added", "who": ["user:anne"], "prob": 1}, "normalizations": {}, "fields": {"evidence": {"value": "3", "confidence": {"state": "pre-added", "who": ["user:anne"], "prob": 1}}}}, {"classId": "claim", "part": "s1p3", "offsets": [{"start": 548, "text": "Die Unternehmen haben ein Interesse auf der Plattform vertreten zu sein,"}], "coordinates": [], "confidence": {"state": "pre-added", "who": ["user:anne"], "prob": 1}, "normalizations": {}, "fields": {"evidence": {"value": "4", "confidence": {"state": "pre-added", "who": ["user:anne"], "prob": 1}}}}, {"classId": "premise", "part": "s1p3", "offsets": [{"start": 621, "text": "um Zugang zu einem sehr aktiven Kundensegment zu haben und ihre Bed\u00fcrfnisse zu verstehen (basierend auf top gerateten Rezepten in der Community kann ein lokaler Metzger z.B. sein Angebot anpassen)."}], "coordinates": [], "confidence": {"state": "pre-added", "who": ["user:anne"], "prob": 1}, "normalizations": {}, "fields": {"strength_premise": {"value": "3", "confidence": {"state": "pre-added", "who": ["user:anne"], "prob": 1}}, "relevance_premise": {"value": "3", "confidence": {"state": "pre-added", "who": ["user:anne"], "prob": 1}}}}, {"classId": "claim", "part": "s1p3", "offsets": [{"start": 819, "text": "Zudem stellt die \u00abGrillsational-App\u00bb ein idealer Vertriebskanal und Werbeplattform f\u00fcr die im Grill-Ecosystem eingebetteten Unternehmen dar."}], "coordinates": [], "confidence": {"state": "pre-added", "who": ["user:anne"], "prob": 1}, "normalizations": {}, "fields": {"evidence": {"value": "3", "confidence": {"state": "pre-added", "who": ["user:anne"], "prob": 1}}}}, {"classId": "premise", "part": "s1p3", "offsets": [{"start": 960, "text": "Als Plattformbetreiber des Grill-Ecosystems welcher den Two- Sided-Market effizient zusammenf\u00fchrt, kann basierend auf einem Commission Model und Werbeeinnahmen nachhaltig und skalierbar Geld verdient werden."}], "coordinates": [], "confidence": {"state": "pre-added", "who": ["user:anne"], "prob": 1}, "normalizations": {}, "fields": {"strength_premise": {"value": "4", "confidence": {"state": "pre-added", "who": ["user:anne"], "prob": 1}}, "relevance_premise": {"value": "4", "confidence": {"state": "pre-added", "who": ["user:anne"], "prob": 1}}}}], "relations": [{"classId": "support", "type": "linked", "directed": false, "entities": ["s1p3|e_3|174,325", "s1p3|e_2|6,172"], "confidence": {"state": "pre-added", "who": ["user:anne"], "prob": 1}}, {"classId": "support", "type": "linked", "directed": false, "entities": ["s1p3|e_3|621,817", "s1p3|e_2|548,619"], "confidence": {"state": "pre-added", "who": ["user:anne"], "prob": 1}}, {"classId": "support", "type": "linked", "directed": false, "entities": ["s1p3|e_3|960,1166", "s1p3|e_2|819,958"], "confidence": {"state": "pre-added", "who": ["user:anne"], "prob": 1}}]}