{"annotatable": {"parts": ["s1p1", "s1p2", "s1p3"]}, "anncomplete": true, "sources": [], "strength_pitch": {"value": "4", "confidence": {"state": "pre-added", "who": ["user:anne"], "prob": 1}}, "entities": [{"classId": "claim", "part": "s1p1", "offsets": [{"start": 0, "text": "Rund 25% aller angefangenen Bachelorstudieng\u00e4nge werden in Deutschland abgebrochen"}], "coordinates": [], "confidence": {"state": "pre-added", "who": ["user:anne"], "prob": 1}, "normalizations": {}, "fields": {"evidence": {"value": "4", "confidence": {"state": "pre-added", "who": ["user:anne"], "prob": 1}}}}, {"classId": "premise", "part": "s1p1", "offsets": [{"start": 84, "text": "was auf Grund dieser enorm komplexen Entscheidung nicht \u00fcberrascht."}], "coordinates": [], "confidence": {"state": "pre-added", "who": ["user:anne"], "prob": 1}, "normalizations": {}, "fields": {"strength_premise": {"value": "3", "confidence": {"state": "pre-added", "who": ["user:anne"], "prob": 1}}, "relevance_premise": {"value": "4", "confidence": {"state": "pre-added", "who": ["user:anne"], "prob": 1}}}}, {"classId": "claim", "part": "s1p1", "offsets": [{"start": 152, "text": "Beeinflusst von einer Vielzahl an verschiedenen Einflussfaktoren wie Freunden, Eltern und Lehrern m\u00fcssen Jugendliche in Deutschland aus mehr als 18.000 Studieng\u00e4ngen und mehr als 300 Ausbildungsberufen die f\u00fcr sie passende Option identifizieren. Oftmals fehlt hier eine hilfreiche Unterst\u00fctzung f\u00fcr die Jugendlichen,"}], "coordinates": [], "confidence": {"state": "pre-added", "who": ["user:anne"], "prob": 1}, "normalizations": {}, "fields": {"evidence": {"value": "4", "confidence": {"state": "pre-added", "who": ["user:anne"], "prob": 1}}}}, {"classId": "premise", "part": "s1p1", "offsets": [{"start": 469, "text": "da staatliche Beratungsstellen, Lehrer oder Eltern teilweise nur bedingt weiterhelfen k\u00f6nnen."}], "coordinates": [], "confidence": {"state": "pre-added", "who": ["user:anne"], "prob": 1}, "normalizations": {}, "fields": {"strength_premise": {"value": "3", "confidence": {"state": "pre-added", "who": ["user:anne"], "prob": 1}}, "relevance_premise": {"value": "4", "confidence": {"state": "pre-added", "who": ["user:anne"], "prob": 1}}}}, {"classId": "claim", "part": "s1p1", "offsets": [{"start": 563, "text": "Im Anbetracht der hohen gesellschaftlichen und individuellen Kosten ist eine falsche Studiums- bzw. Ausbildungswahl dementsprechend \u00e4u\u00dferst problematisch"}], "coordinates": [], "confidence": {"state": "pre-added", "who": ["user:anne"], "prob": 1}, "normalizations": {}, "fields": {"evidence": {"value": "3", "confidence": {"state": "pre-added", "who": ["user:anne"], "prob": 1}}}}, {"classId": "premise", "part": "s1p1", "offsets": [{"start": 718, "text": "Um das zu \u00e4ndern, unterst\u00fctzt MyCareerCoach Jugendliche w\u00e4hrend dieses enorm komplexen Entscheidungsprozesses und begleitet sie kontinuierlich w\u00e4hrend ihrer Karriere als Coach."}], "coordinates": [], "confidence": {"state": "pre-added", "who": ["user:anne"], "prob": 1}, "normalizations": {}, "fields": {"strength_premise": {"value": "3", "confidence": {"state": "pre-added", "who": ["user:anne"], "prob": 1}}, "relevance_premise": {"value": "4", "confidence": {"state": "pre-added", "who": ["user:anne"], "prob": 1}}}}, {"classId": "major_claim", "part": "s1p2", "offsets": [{"start": 0, "text": "MyCareerCoach soll Nutzern deshalb basierend auf Pers\u00f6nlichkeits- und F\u00e4higkeitentests bei der Identifikation der eigenen Interessen und St\u00e4rken und dem darauf basierenden Matching zu potentiellen Studieng\u00e4ngen bzw. Ausbildungsberufen unterst\u00fctzend zur Seite stehen."}], "coordinates": [], "confidence": {"state": "pre-added", "who": ["user:anne"], "prob": 1}, "normalizations": {}, "fields": {"specificity": {"value": "3", "confidence": {"state": "pre-added", "who": ["user:anne"], "prob": 1}}, "evidence": {"value": "4", "confidence": {"state": "pre-added", "who": ["user:anne"], "prob": 1}}}}, {"classId": "claim", "part": "s1p2", "offsets": [{"start": 267, "text": "Diese k\u00f6nnen dann auch auf Grund von Kooperationen mit Hochschulen und Ausbildungsbetrieben offline erlebt werden (Bspw. Vorlesungsbesuch). Hierbei profitiert MyCareerCoach von einer starken wiederkehrenden Nachfrage,"}], "coordinates": [], "confidence": {"state": "pre-added", "who": ["user:anne"], "prob": 1}, "normalizations": {}, "fields": {"evidence": {"value": "4", "confidence": {"state": "pre-added", "who": ["user:anne"], "prob": 1}}}}, {"classId": "premise", "part": "s1p2", "offsets": [{"start": 485, "text": "da jedes Jahr mehr als 400.000 Sch\u00fcler in Deutschland f\u00fcr ein Studium in Frage kommen."}], "coordinates": [], "confidence": {"state": "pre-added", "who": ["user:anne"], "prob": 1}, "normalizations": {}, "fields": {"strength_premise": {"value": "4", "confidence": {"state": "pre-added", "who": ["user:anne"], "prob": 1}}, "relevance_premise": {"value": "4", "confidence": {"state": "pre-added", "who": ["user:anne"], "prob": 1}}}}, {"classId": "claim", "part": "s1p2", "offsets": [{"start": 572, "text": "Langfristig soll MyCareerCoach dem User begleitend \u00fcber den Karrierepfad zur Seite stehen und beispielweise durch Coaching von erfahreneren Usern mehr Karriere-Insights erm\u00f6glichen."}], "coordinates": [], "confidence": {"state": "pre-added", "who": ["user:anne"], "prob": 1}, "normalizations": {}, "fields": {"evidence": {"value": "4", "confidence": {"state": "pre-added", "who": ["user:anne"], "prob": 1}}}}, {"classId": "claim", "part": "s1p3", "offsets": [{"start": 0, "text": "Neben der Unterst\u00fctzung der Sch\u00fcler ist die Plattform vor allem f\u00fcr Universit\u00e4ten sowie Arbeitgeber wertvoll. An Stelle einer direkten Bezahlung von Universit\u00e4ten f\u00fcr ein besseres Ranking und damit einem potentiellen Bias im Algorithmus, k\u00f6nnte man Subventionen des Staates erhalten,"}], "coordinates": [], "confidence": {"state": "pre-added", "who": ["user:anne"], "prob": 1}, "normalizations": {}, "fields": {"evidence": {"value": "4", "confidence": {"state": "pre-added", "who": ["user:anne"], "prob": 1}}}}, {"classId": "premise", "part": "s1p3", "offsets": [{"start": 284, "text": "da eine geringere Anzahl an Studienabbrechern Einsparungen erm\u00f6glichen w\u00fcrde."}], "coordinates": [], "confidence": {"state": "pre-added", "who": ["user:anne"], "prob": 1}, "normalizations": {}, "fields": {"strength_premise": {"value": "3", "confidence": {"state": "pre-added", "who": ["user:anne"], "prob": 1}}, "relevance_premise": {"value": "3", "confidence": {"state": "pre-added", "who": ["user:anne"], "prob": 1}}}}, {"classId": "claim", "part": "s1p3", "offsets": [{"start": 362, "text": "Durch die gro\u00dfe Masse an Daten \u00fcber potentielle Arbeitnehmer hat die Plattform auch f\u00fcr Arbeitgeber einen gro\u00dfen Wert"}], "coordinates": [], "confidence": {"state": "pre-added", "who": ["user:anne"], "prob": 1}, "normalizations": {}, "fields": {"evidence": {"value": "3", "confidence": {"state": "pre-added", "who": ["user:anne"], "prob": 1}}}}, {"classId": "premise", "part": "s1p3", "offsets": [{"start": 481, "text": "Unter Beachtung h\u00f6chster Datenschutzstandards k\u00f6nnen User bei der Jobsuche selektiv ausw\u00e4hlen, welche Daten sie mit Arbeitgebern sharen"}], "coordinates": [], "confidence": {"state": "pre-added", "who": ["user:anne"], "prob": 1}, "normalizations": {}, "fields": {"strength_premise": {"value": "3", "confidence": {"state": "pre-added", "who": ["user:anne"], "prob": 1}}, "relevance_premise": {"value": "3", "confidence": {"state": "pre-added", "who": ["user:anne"], "prob": 1}}}}, {"classId": "claim", "part": "s1p3", "offsets": [{"start": 618, "text": "F\u00fcr Arbeitgeber k\u00f6nnte man ein Pay-per-use Modell sowie Zahlungen zur Hervorhebung von Anzeigen als Umsatzmodelle verwenden."}], "coordinates": [], "confidence": {"state": "pre-added", "who": ["user:anne"], "prob": 1}, "normalizations": {}, "fields": {"evidence": {"value": "4", "confidence": {"state": "pre-added", "who": ["user:anne"], "prob": 1}}}}], "relations": [{"classId": "support", "type": "linked", "directed": false, "entities": ["s1p1|e_3|84,150", "s1p1|e_2|0,81"], "confidence": {"state": "pre-added", "who": ["user:anne"], "prob": 1}}, {"classId": "support", "type": "linked", "directed": false, "entities": ["s1p1|e_3|469,561", "s1p1|e_2|152,467"], "confidence": {"state": "pre-added", "who": ["user:anne"], "prob": 1}}, {"classId": "support", "type": "linked", "directed": false, "entities": ["s1p1|e_3|718,893", "s1p1|e_2|563,715"], "confidence": {"state": "pre-added", "who": ["user:anne"], "prob": 1}}, {"classId": "support", "type": "linked", "directed": false, "entities": ["s1p2|e_3|485,570", "s1p2|e_2|267,483"], "confidence": {"state": "pre-added", "who": ["user:anne"], "prob": 1}}, {"classId": "support", "type": "linked", "directed": false, "entities": ["s1p3|e_3|284,360", "s1p3|e_2|0,282"], "confidence": {"state": "pre-added", "who": ["user:anne"], "prob": 1}}, {"classId": "support", "type": "linked", "directed": false, "entities": ["s1p3|e_3|481,615", "s1p3|e_2|362,478"], "confidence": {"state": "pre-added", "who": ["user:anne"], "prob": 1}}]}