{"annotatable": {"parts": ["s1p1", "s1p2", "s1p3", "s1p4"]}, "anncomplete": true, "sources": [], "strength_pitch": {"value": "4", "confidence": {"state": "pre-added", "who": ["user:anne"], "prob": 1}}, "entities": [{"classId": "major_claim", "part": "s1p1", "offsets": [{"start": 225, "text": "F\u00fcr Kunden die sich mehr Zeit lassen wollen oder f\u00fcr Kunden die sich eine schnelle Abwicklung w\u00fcnschen, gibt es \u201eThe Sofa Journey\u201c by Pfister."}], "coordinates": [], "confidence": {"state": "pre-added", "who": ["user:anne"], "prob": 1}, "normalizations": {}, "fields": {"specificity": {"value": "4", "confidence": {"state": "pre-added", "who": ["user:anne"], "prob": 1}}, "evidence": {"value": "4", "confidence": {"state": "pre-added", "who": ["user:anne"], "prob": 1}}}}, {"classId": "claim", "part": "s1p2", "offsets": [{"start": 0, "text": "Direkt bei der Konfiguration werden durch Filter auf Sofas passend zum individuellen Stil hingewiesen."}], "coordinates": [], "confidence": {"state": "pre-added", "who": ["user:anne"], "prob": 1}, "normalizations": {}, "fields": {"evidence": {"value": "4", "confidence": {"state": "pre-added", "who": ["user:anne"], "prob": 1}}}}, {"classId": "premise", "part": "s1p2", "offsets": [{"start": 103, "text": "Dabei kann man auch auf kostenpflichtige Experten-Design-Tipps zur\u00fcckgreifen. Hierzu werden Fotos von der aktuellen Einrichtung eingesendet, die dann evaluiert werden."}], "coordinates": [], "confidence": {"state": "pre-added", "who": ["user:anne"], "prob": 1}, "normalizations": {}, "fields": {"strength_premise": {"value": "4", "confidence": {"state": "pre-added", "who": ["user:anne"], "prob": 1}}, "relevance_premise": {"value": "4", "confidence": {"state": "pre-added", "who": ["user:anne"], "prob": 1}}}}, {"classId": "claim", "part": "s1p2", "offsets": [{"start": 271, "text": "Ohne die Experten Tipps l\u00e4uft die ganze Konfiguration \u00fcber eine App, die der Kunde auf sein Tablet oder Smartphone laden kann."}], "coordinates": [], "confidence": {"state": "pre-added", "who": ["user:anne"], "prob": 1}, "normalizations": {}, "fields": {"evidence": {"value": "3", "confidence": {"state": "pre-added", "who": ["user:anne"], "prob": 1}}}}, {"classId": "premise", "part": "s1p2", "offsets": [{"start": 398, "text": "Mit der Rechenst\u00e4rke der heutigen Ger\u00e4te, kann praktisch jeder Kunde die AR-Applikation bereits nutzen ohne zus\u00e4tzliche Investitionen."}], "coordinates": [], "confidence": {"state": "pre-added", "who": ["user:anne"], "prob": 1}, "normalizations": {}, "fields": {"strength_premise": {"value": "3", "confidence": {"state": "pre-added", "who": ["user:anne"], "prob": 1}}, "relevance_premise": {"value": "3", "confidence": {"state": "pre-added", "who": ["user:anne"], "prob": 1}}}}, {"classId": "claim", "part": "s1p3", "offsets": [{"start": 0, "text": "Des Weiteren erm\u00f6glicht es die App dem Kunden das ausgesuchte Sofas direkt ins eigene Wohnzimmer platzieren."}], "coordinates": [], "confidence": {"state": "pre-added", "who": ["user:anne"], "prob": 1}, "normalizations": {}, "fields": {"evidence": {"value": "4", "confidence": {"state": "pre-added", "who": ["user:anne"], "prob": 1}}}}, {"classId": "premise", "part": "s1p3", "offsets": [{"start": 109, "text": "Der Kunde kann sich das Ausmessungen sparen und sieht direkt wie das Sofa in der Wohnung aussehen w\u00fcrde. Damit nichts bereut werden muss, besteht die M\u00f6glichkeit das ausgesuchte Model im Gesch\u00e4ft Probe zu sitzen."}], "coordinates": [], "confidence": {"state": "pre-added", "who": ["user:anne"], "prob": 1}, "normalizations": {}, "fields": {"strength_premise": {"value": "4", "confidence": {"state": "pre-added", "who": ["user:anne"], "prob": 1}}, "relevance_premise": {"value": "4", "confidence": {"state": "pre-added", "who": ["user:anne"], "prob": 1}}}}, {"classId": "claim", "part": "s1p3", "offsets": [{"start": 322, "text": "F\u00fcr die Langlebigkeit des Sofas kann man sich f\u00fcr eine der beiden Zierkissen-Subskriptionen anmelden."}], "coordinates": [], "confidence": {"state": "pre-added", "who": ["user:anne"], "prob": 1}, "normalizations": {}, "fields": {"evidence": {"value": "4", "confidence": {"state": "pre-added", "who": ["user:anne"], "prob": 1}}}}, {"classId": "premise", "part": "s1p3", "offsets": [{"start": 425, "text": "m einen erh\u00e4lt er 4 Mal j\u00e4hrlich Zierkissenbez\u00fcge um das Sofa den Jahreszeiten gerecht einzurichten. Beim zweiten Model kann der Kunde selber mit der Smartphone-Kamera Objekte mit Mustern oder Farben fotografieren und es werden ihm ein passendes Muster generiert. Dieses Modell kann man in der Freemium-Form anbieten, dabei erh\u00e4lt der Kunde gratis 1 oder 2 Design-Vorschl\u00e4ge. Gegen einen Aufpreis erh\u00e4lt er die gesamte Palette an Design-Vorschl\u00e4gen."}], "coordinates": [], "confidence": {"state": "pre-added", "who": ["user:anne"], "prob": 1}, "normalizations": {}, "fields": {"strength_premise": {"value": "4", "confidence": {"state": "pre-added", "who": ["user:anne"], "prob": 1}}, "relevance_premise": {"value": "4", "confidence": {"state": "pre-added", "who": ["user:anne"], "prob": 1}}}}, {"classId": "claim", "part": "s1p4", "offsets": [{"start": 0, "text": "Eine weitere wichtige Funktion bildet die Community."}], "coordinates": [], "confidence": {"state": "pre-added", "who": ["user:anne"], "prob": 1}, "normalizations": {}, "fields": {"evidence": {"value": "4", "confidence": {"state": "pre-added", "who": ["user:anne"], "prob": 1}}}}, {"classId": "premise", "part": "s1p4", "offsets": [{"start": 53, "text": "Mit der Community kann man Design-Ideen, Tipps und Tricks f\u00fcr die Reinigung teilen. Darin anwesend sind auch Experten, die in die Community integriert sind und auch Fragen beantworten."}], "coordinates": [], "confidence": {"state": "pre-added", "who": ["user:anne"], "prob": 1}, "normalizations": {}, "fields": {"strength_premise": {"value": "3", "confidence": {"state": "pre-added", "who": ["user:anne"], "prob": 1}}, "relevance_premise": {"value": "4", "confidence": {"state": "pre-added", "who": ["user:anne"], "prob": 1}}}}, {"classId": "premise", "part": "s1p4", "offsets": [{"start": 238, "text": "In der Community kann man auch Design-Contests einf\u00fchren, die den Traffic auf der Seiter erh\u00f6hen und das Sofa in den Mittelpunkt stellen."}], "coordinates": [], "confidence": {"state": "pre-added", "who": ["user:anne"], "prob": 1}, "normalizations": {}, "fields": {"strength_premise": {"value": "4", "confidence": {"state": "pre-added", "who": ["user:anne"], "prob": 1}}, "relevance_premise": {"value": "4", "confidence": {"state": "pre-added", "who": ["user:anne"], "prob": 1}}}}, {"classId": "premise", "part": "s1p4", "offsets": [{"start": 376, "text": "Die dabei gesammelten Kundendaten k\u00f6nnen eingesetzt werden um den Kunden personalisierte Newsletter oder Einrichtungs-Vorschl\u00e4gen zuzusenden."}], "coordinates": [], "confidence": {"state": "pre-added", "who": ["user:anne"], "prob": 1}, "normalizations": {}, "fields": {"strength_premise": {"value": "3", "confidence": {"state": "pre-added", "who": ["user:anne"], "prob": 1}}, "relevance_premise": {"value": "4", "confidence": {"state": "pre-added", "who": ["user:anne"], "prob": 1}}}}], "relations": [{"classId": "support", "type": "linked", "directed": false, "entities": ["s1p2|e_3|103,269", "s1p2|e_2|0,101"], "confidence": {"state": "pre-added", "who": ["user:anne"], "prob": 1}}, {"classId": "support", "type": "linked", "directed": false, "entities": ["s1p2|e_3|398,531", "s1p2|e_2|271,396"], "confidence": {"state": "pre-added", "who": ["user:anne"], "prob": 1}}, {"classId": "support", "type": "linked", "directed": false, "entities": ["s1p3|e_3|109,320", "s1p3|e_2|0,107"], "confidence": {"state": "pre-added", "who": ["user:anne"], "prob": 1}}, {"classId": "support", "type": "linked", "directed": false, "entities": ["s1p3|e_3|425,873", "s1p3|e_2|322,422"], "confidence": {"state": "pre-added", "who": ["user:anne"], "prob": 1}}, {"classId": "support", "type": "linked", "directed": false, "entities": ["s1p4|e_3|53,236", "s1p4|e_2|0,51"], "confidence": {"state": "pre-added", "who": ["user:anne"], "prob": 1}}, {"classId": "r_7", "type": "linked", "directed": false, "entities": ["s1p4|e_3|238,374", "s1p4|e_3|53,236"], "confidence": {"state": "pre-added", "who": ["user:anne"], "prob": 1}}, {"classId": "r_7", "type": "linked", "directed": false, "entities": ["s1p4|e_3|376,516", "s1p4|e_3|238,374"], "confidence": {"state": "pre-added", "who": ["user:anne"], "prob": 1}}]}