{"annotatable": {"parts": ["s1p1"]}, "anncomplete": true, "sources": [], "strength_pitch": {"value": "3", "confidence": {"state": "pre-added", "who": ["user:anne"], "prob": 1}}, "entities": [{"classId": "premise", "part": "s1p1", "offsets": [{"start": 355, "text": "Gem\u00e4ss Statista liegt die Auslastung der Laderaumkapazit\u00e4t im Transportmarkt der Europ\u00e4ischen Union im Zeitraum von April 2016 bis Mai 2019 bei durchschnittlich 50%!"}], "coordinates": [], "confidence": {"state": "pre-added", "who": ["user:anne"], "prob": 1}, "normalizations": {}, "fields": {"strength_premise": {"value": "4", "confidence": {"state": "pre-added", "who": ["user:anne"], "prob": 1}}, "relevance_premise": {"value": "4", "confidence": {"state": "pre-added", "who": ["user:anne"], "prob": 1}}}}, {"classId": "claim", "part": "s1p1", "offsets": [{"start": 521, "text": "Dies ist absolut umweltsch\u00e4dlich, h\u00f6chst unrentabel f\u00fcr die Speditionen und ist nicht mehr zeitgem\u00e4ss."}], "coordinates": [], "confidence": {"state": "pre-added", "who": ["user:anne"], "prob": 1}, "normalizations": {}, "fields": {"evidence": {"value": "4", "confidence": {"state": "pre-added", "who": ["user:anne"], "prob": 1}}}}, {"classId": "premise", "part": "s1p1", "offsets": [{"start": 624, "text": "Mit der neuen Laderaumb\u00f6rse f\u00fcr Speditionsunternehmen kann dieses Defizit auf ein Minimum reduziert werden."}], "coordinates": [], "confidence": {"state": "pre-added", "who": ["user:anne"], "prob": 1}, "normalizations": {}, "fields": {"strength_premise": {"value": "3", "confidence": {"state": "pre-added", "who": ["user:anne"], "prob": 1}}, "relevance_premise": {"value": "4", "confidence": {"state": "pre-added", "who": ["user:anne"], "prob": 1}}}}, {"classId": "major_claim", "part": "s1p1", "offsets": [{"start": 753, "text": "Ein Speditionsunternehmen bietet sein \u00fcbersch\u00fcssige Laderaumkapazit\u00e4t auf der Plattform an und ein anderes Speditionsunternehmen, welches Laderaumkapazit\u00e4t ben\u00f6tigt, beansprucht diese Laderaumkapazit\u00e4t."}], "coordinates": [], "confidence": {"state": "pre-added", "who": ["user:anne"], "prob": 1}, "normalizations": {}, "fields": {"specificity": {"value": "4", "confidence": {"state": "pre-added", "who": ["user:anne"], "prob": 1}}, "evidence": {"value": "4", "confidence": {"state": "pre-added", "who": ["user:anne"], "prob": 1}}}}, {"classId": "premise", "part": "s1p1", "offsets": [{"start": 956, "text": "Auf diese Weise k\u00f6nnen die beteiligten Speditionen Kosten sparen sowie mehr Gewinne einfahren."}], "coordinates": [], "confidence": {"state": "pre-added", "who": ["user:anne"], "prob": 1}, "normalizations": {}, "fields": {"strength_premise": {"value": "3", "confidence": {"state": "pre-added", "who": ["user:anne"], "prob": 1}}, "relevance_premise": {"value": "4", "confidence": {"state": "pre-added", "who": ["user:anne"], "prob": 1}}}}, {"classId": "claim", "part": "s1p1", "offsets": [{"start": 1051, "text": "Dar\u00fcber hinaus wird die Umwelt geschont"}], "coordinates": [], "confidence": {"state": "pre-added", "who": ["user:anne"], "prob": 1}, "normalizations": {}, "fields": {"evidence": {"value": "4", "confidence": {"state": "pre-added", "who": ["user:anne"], "prob": 1}}}}, {"classId": "premise", "part": "s1p1", "offsets": [{"start": 1092, "text": "da Leerfahrten vermieden werden und bringt die Laderaumb\u00f6rse zahlreiche Vorteile f\u00fcr den Auftragsgeber. Beispielsweise k\u00f6nnten die Frachttransportpreise durch bessere Auslastung sinken und k\u00fcrzere Lieferzeiten erm\u00f6glicht werden."}], "coordinates": [], "confidence": {"state": "pre-added", "who": ["user:anne"], "prob": 1}, "normalizations": {}, "fields": {"strength_premise": {"value": "3", "confidence": {"state": "pre-added", "who": ["user:anne"], "prob": 1}}, "relevance_premise": {"value": "3", "confidence": {"state": "pre-added", "who": ["user:anne"], "prob": 1}}}}, {"classId": "claim", "part": "s1p1", "offsets": [{"start": 1321, "text": "\u00dcberdies integriert die Plattform Versicherungen direkt mit ein,"}], "coordinates": [], "confidence": {"state": "pre-added", "who": ["user:anne"], "prob": 1}, "normalizations": {}, "fields": {"evidence": {"value": "4", "confidence": {"state": "pre-added", "who": ["user:anne"], "prob": 1}}}}, {"classId": "premise", "part": "s1p1", "offsets": [{"start": 1386, "text": "um die Frachten direkt bei der Auftragserstellung versichern zu k\u00f6nnen."}], "coordinates": [], "confidence": {"state": "pre-added", "who": ["user:anne"], "prob": 1}, "normalizations": {}, "fields": {"strength_premise": {"value": "3", "confidence": {"state": "pre-added", "who": ["user:anne"], "prob": 1}}, "relevance_premise": {"value": "4", "confidence": {"state": "pre-added", "who": ["user:anne"], "prob": 1}}}}, {"classId": "claim", "part": "s1p1", "offsets": [{"start": 1458, "text": "Ferner soll die Plattform nicht nur Speditionen miteinander verkn\u00fcpfen, sondern die M\u00f6glichkeit bieten, den gesamten Auftragsabwicklungsprozess (Auftragssuche, - annahme, -planung, - abrechnung) \u00fcber die Plattform digital abzubilden"}], "coordinates": [], "confidence": {"state": "pre-added", "who": ["user:anne"], "prob": 1}, "normalizations": {}, "fields": {"evidence": {"value": "4", "confidence": {"state": "pre-added", "who": ["user:anne"], "prob": 1}}}}, {"classId": "premise", "part": "s1p1", "offsets": [{"start": 1692, "text": "Damit werde die Mehrheit der Enterprise Systeme in einer integralen Softwarel\u00f6sung konsolidiert."}], "coordinates": [], "confidence": {"state": "pre-added", "who": ["user:anne"], "prob": 1}, "normalizations": {}, "fields": {"strength_premise": {"value": "3", "confidence": {"state": "pre-added", "who": ["user:anne"], "prob": 1}}, "relevance_premise": {"value": "4", "confidence": {"state": "pre-added", "who": ["user:anne"], "prob": 1}}}}, {"classId": "claim", "part": "s1p1", "offsets": [{"start": 1789, "text": "Diese kostenintensiven Systeme werden folglich obsolet und die Plattform wird zum gesamtheitlichen IT System f\u00fcr moderne und innovative Speditionen."}], "coordinates": [], "confidence": {"state": "pre-added", "who": ["user:anne"], "prob": 1}, "normalizations": {}, "fields": {"evidence": {"value": "4", "confidence": {"state": "pre-added", "who": ["user:anne"], "prob": 1}}}}], "relations": [{"classId": "support", "type": "linked", "directed": false, "entities": ["s1p1|e_3|624,730", "s1p1|e_2|521,622"], "confidence": {"state": "pre-added", "who": ["user:anne"], "prob": 1}}, {"classId": "support", "type": "linked", "directed": false, "entities": ["s1p1|e_3|1092,1319", "s1p1|e_2|1051,1089"], "confidence": {"state": "pre-added", "who": ["user:anne"], "prob": 1}}, {"classId": "support", "type": "linked", "directed": false, "entities": ["s1p1|e_3|1386,1456", "s1p1|e_2|1321,1384"], "confidence": {"state": "pre-added", "who": ["user:anne"], "prob": 1}}, {"classId": "support", "type": "linked", "directed": false, "entities": ["s1p1|e_3|1692,1787", "s1p1|e_2|1458,1689"], "confidence": {"state": "pre-added", "who": ["user:anne"], "prob": 1}}]}