{"annotatable": {"parts": ["s1p1", "s1p2", "s1p3", "s1p4", "s1p5"]}, "anncomplete": true, "sources": [], "strength_pitch": {"value": "3", "confidence": {"state": "pre-added", "who": ["user:anne"], "prob": 1}}, "entities": [{"classId": "major_claim", "part": "s1p2", "offsets": [{"start": 0, "text": "GetAPet ist die Plattform f\u00fcr Dich und Dein Tier. Die zentralen Teilnehmer rund um den Tierkauf und die Tierhaltung f\u00fcr Katz und Hund werden an einem einzigen Ort zusammengebracht."}], "coordinates": [], "confidence": {"state": "pre-added", "who": ["user:anne"], "prob": 1}, "normalizations": {}, "fields": {"specificity": {"value": "4", "confidence": {"state": "pre-added", "who": ["user:anne"], "prob": 1}}, "evidence": {"value": "4", "confidence": {"state": "pre-added", "who": ["user:anne"], "prob": 1}}}}, {"classId": "claim", "part": "s1p2", "offsets": [{"start": 548, "text": "Der Stress bei der Abwicklung eines rechtskr\u00e4ftigen Kaufprozesses ist nun dank den GetAPet-Informationsseiten und integrierten Dokumenten Geschichte."}], "coordinates": [], "confidence": {"state": "pre-added", "who": ["user:anne"], "prob": 1}, "normalizations": {}, "fields": {"evidence": {"value": "4", "confidence": {"state": "pre-added", "who": ["user:anne"], "prob": 1}}}}, {"classId": "premise", "part": "s1p2", "offsets": [{"start": 698, "text": "Und auch den idealen Tierarzt oder die perfekte Ferienpension zu finden, stellt nun keinen grossen Aufwand mehr dar. In der GetAPet-Community kannst Du Dich mit Deinesgleichen \u00fcber alle Themen rund um\u2018s Haustier in den Foren austauschen."}], "coordinates": [], "confidence": {"state": "pre-added", "who": ["user:anne"], "prob": 1}, "normalizations": {}, "fields": {"strength_premise": {"value": "4", "confidence": {"state": "pre-added", "who": ["user:anne"], "prob": 1}}, "relevance_premise": {"value": "4", "confidence": {"state": "pre-added", "who": ["user:anne"], "prob": 1}}}}, {"classId": "claim", "part": "s1p3", "offsets": [{"start": 0, "text": "Von den Partnern, namentlich Tierprodukt-Hersteller, Tier\u00e4rzte, Ausbildungspl\u00e4tze und Ferienheime, k\u00f6nnen Abonnementsbeitr\u00e4ge verlangt werden mit einer Add-on-M\u00f6glichkeit Angebote und Werbung zu schalten."}], "coordinates": [], "confidence": {"state": "pre-added", "who": ["user:anne"], "prob": 1}, "normalizations": {}, "fields": {"evidence": {"value": "4", "confidence": {"state": "pre-added", "who": ["user:anne"], "prob": 1}}}}, {"classId": "premise", "part": "s1p3", "offsets": [{"start": 205, "text": "Neue Partner k\u00f6nnten im Bereich der Tierpflege, also beispielsweise Hundesalons, oder im Zusammenhang mit Events wie Hundeschlittenrennen und Katzenausstellungen gefunden werden."}], "coordinates": [], "confidence": {"state": "pre-added", "who": ["user:anne"], "prob": 1}, "normalizations": {}, "fields": {"strength_premise": {"value": "4", "confidence": {"state": "pre-added", "who": ["user:anne"], "prob": 1}}, "relevance_premise": {"value": "4", "confidence": {"state": "pre-added", "who": ["user:anne"], "prob": 1}}}}, {"classId": "claim", "part": "s1p3", "offsets": [{"start": 384, "text": "Dank den Kundendaten k\u00f6nnen Informationen gewonnen und Werbungen somit gezielt platziert werden."}], "coordinates": [], "confidence": {"state": "pre-added", "who": ["user:anne"], "prob": 1}, "normalizations": {}, "fields": {"evidence": {"value": "4", "confidence": {"state": "pre-added", "who": ["user:anne"], "prob": 1}}}}, {"classId": "premise", "part": "s1p3", "offsets": [{"start": 481, "text": "Werbungen von weiteren, tierfremden, Firmen bringen einen zus\u00e4tzlichen Einkommensstrom mit sich, wobei Kunden, welche sich an genau dieser Werbung st\u00f6ren, durch das Freemium-Prinzip eine werbefreie Version kaufen k\u00f6nnen."}], "coordinates": [], "confidence": {"state": "pre-added", "who": ["user:anne"], "prob": 1}, "normalizations": {}, "fields": {"strength_premise": {"value": "3", "confidence": {"state": "pre-added", "who": ["user:anne"], "prob": 1}}, "relevance_premise": {"value": "4", "confidence": {"state": "pre-added", "who": ["user:anne"], "prob": 1}}}}, {"classId": "claim", "part": "s1p4", "offsets": [{"start": 0, "text": "Die Plattform zielt darauf ab, den Kunden einen \u00fcbersichtlicheren, effizienteren und einfacheren Prozess vom Tierkauf bis zur Tierhaltung zu bieten,"}], "coordinates": [], "confidence": {"state": "pre-added", "who": ["user:anne"], "prob": 1}, "normalizations": {}, "fields": {"evidence": {"value": "4", "confidence": {"state": "pre-added", "who": ["user:anne"], "prob": 1}}}}, {"classId": "premise", "part": "s1p4", "offsets": [{"start": 149, "text": "indem sie auf der jeweiligen Stufe mit den relevanten Partnern zusammengebracht werden"}], "coordinates": [], "confidence": {"state": "pre-added", "who": ["user:anne"], "prob": 1}, "normalizations": {}, "fields": {"strength_premise": {"value": "3", "confidence": {"state": "pre-added", "who": ["user:anne"], "prob": 1}}, "relevance_premise": {"value": "4", "confidence": {"state": "pre-added", "who": ["user:anne"], "prob": 1}}}}, {"classId": "claim", "part": "s1p4", "offsets": [{"start": 237, "text": "F\u00fcr Partner bietet die Plattform die M\u00f6glichkeit"}], "coordinates": [], "confidence": {"state": "pre-added", "who": ["user:anne"], "prob": 1}, "normalizations": {}, "fields": {"evidence": {"value": "3", "confidence": {"state": "pre-added", "who": ["user:anne"], "prob": 1}}}}, {"classId": "premise", "part": "s1p4", "offsets": [{"start": 285, "text": ", ihre Produkte und Services gezielt an ihre Zielgruppen zu bringen und so ohne grossen Mehraufwand ihren Kundenstamm auszubauen und zus\u00e4tzlichen Umsatz zu generieren."}], "coordinates": [], "confidence": {"state": "pre-added", "who": ["user:anne"], "prob": 1}, "normalizations": {}, "fields": {"strength_premise": {"value": "3", "confidence": {"state": "pre-added", "who": ["user:anne"], "prob": 1}}, "relevance_premise": {"value": "4", "confidence": {"state": "pre-added", "who": ["user:anne"], "prob": 1}}}}], "relations": [{"classId": "support", "type": "linked", "directed": false, "entities": ["s1p2|e_3|698,934", "s1p2|e_2|548,696"], "confidence": {"state": "pre-added", "who": ["user:anne"], "prob": 1}}, {"classId": "support", "type": "linked", "directed": false, "entities": ["s1p3|e_3|205,382", "s1p3|e_2|0,203"], "confidence": {"state": "pre-added", "who": ["user:anne"], "prob": 1}}, {"classId": "support", "type": "linked", "directed": false, "entities": ["s1p3|e_3|481,700", "s1p3|e_2|384,479"], "confidence": {"state": "pre-added", "who": ["user:anne"], "prob": 1}}, {"classId": "support", "type": "linked", "directed": false, "entities": ["s1p4|e_3|149,234", "s1p4|e_2|0,147"], "confidence": {"state": "pre-added", "who": ["user:anne"], "prob": 1}}, {"classId": "support", "type": "linked", "directed": false, "entities": ["s1p4|e_2|237,284", "s1p4|e_3|285,451"], "confidence": {"state": "pre-added", "who": ["user:anne"], "prob": 1}}]}