{"annotatable": {"parts": ["s1p1", "s1p2", "s1p3", "s1p4"]}, "anncomplete": true, "sources": [], "strength_pitch": {"value": "3", "confidence": {"state": "pre-added", "who": ["user:anne"], "prob": 1}}, "entities": [{"classId": "major_claim", "part": "s1p2", "offsets": [{"start": 0, "text": "Hier kommen wir ins Spiel: Die App \u201eCognitive Athlete\u201c verbessert kognitive Attribute wie Fokus, Sprechf\u00e4higkeit, Verarbeitungsgeschwindigkeit, Ged\u00e4chtnis oder mathematische Skills und erm\u00f6glicht den Zugang zu Erkenntnissen aus empirisch erhobenen, wissenschaftlichen Studien."}], "coordinates": [], "confidence": {"state": "pre-added", "who": ["user:anne"], "prob": 1}, "normalizations": {}, "fields": {"specificity": {"value": "4", "confidence": {"state": "pre-added", "who": ["user:anne"], "prob": 1}}, "evidence": {"value": "3", "confidence": {"state": "pre-added", "who": ["user:anne"], "prob": 1}}}}, {"classId": "claim", "part": "s1p2", "offsets": [{"start": 277, "text": "Durch interaktive Spiele und Kniffelaufgaben werden entsprechende Bereiche im Hirn trainiert."}], "coordinates": [], "confidence": {"state": "pre-added", "who": ["user:anne"], "prob": 1}, "normalizations": {}, "fields": {"evidence": {"value": "4", "confidence": {"state": "pre-added", "who": ["user:anne"], "prob": 1}}}}, {"classId": "premise", "part": "s1p2", "offsets": [{"start": 371, "text": "Der Querbezug von realen Ereignissen zum kognitiven Training f\u00fchrt zu raschen Verbesserungen, die der Benutzer im Alltag erf\u00e4hrt und entsprechend motiviert."}], "coordinates": [], "confidence": {"state": "pre-added", "who": ["user:anne"], "prob": 1}, "normalizations": {}, "fields": {"strength_premise": {"value": "3", "confidence": {"state": "pre-added", "who": ["user:anne"], "prob": 1}}, "relevance_premise": {"value": "3", "confidence": {"state": "pre-added", "who": ["user:anne"], "prob": 1}}}}, {"classId": "claim", "part": "s1p2", "offsets": [{"start": 528, "text": "Bereits nach kurzer Zeit versteht der User, dass sich Gehirntraining \u00e4hnlich wie physisches Training verh\u00e4lt, was Regelm\u00e4ssigkeit in der Anwendung verlangt"}], "coordinates": [], "confidence": {"state": "pre-added", "who": ["user:anne"], "prob": 1}, "normalizations": {}, "fields": {"evidence": {"value": "3", "confidence": {"state": "pre-added", "who": ["user:anne"], "prob": 1}}}}, {"classId": "premise", "part": "s1p2", "offsets": [{"start": 685, "text": "Durch eine lebhaft gestaltete Benutzeroberfl\u00e4che und interaktive Bearbeitungsm\u00f6glichkeiten wird dem Benutzer eine vollumf\u00e4nglich personalisierbare Entwicklungsreise geboten, deren Aktivit\u00e4ten er rhythmisch als Gewohnheit einbettet und praktiziert."}], "coordinates": [], "confidence": {"state": "pre-added", "who": ["user:anne"], "prob": 1}, "normalizations": {}, "fields": {"strength_premise": {"value": "3", "confidence": {"state": "pre-added", "who": ["user:anne"], "prob": 1}}, "relevance_premise": {"value": "3", "confidence": {"state": "pre-added", "who": ["user:anne"], "prob": 1}}}}, {"classId": "claim", "part": "s1p2", "offsets": [{"start": 933, "text": "Folglich schmiegt sich dieser Mikrokosmos an die expliziten Bed\u00fcrfnisse der Person an und verbessert massiv und nachweisbar deren Leistungsf\u00e4higkeit in Beruf und Freizeit."}], "coordinates": [], "confidence": {"state": "pre-added", "who": ["user:anne"], "prob": 1}, "normalizations": {}, "fields": {"evidence": {"value": "3", "confidence": {"state": "pre-added", "who": ["user:anne"], "prob": 1}}}}, {"classId": "claim", "part": "s1p3", "offsets": [{"start": 0, "text": "Cognitive Athlete richtet sich an jede/n mit Eigeninteresse an mentaler Weiterentwicklung."}], "coordinates": [], "confidence": {"state": "pre-added", "who": ["user:anne"], "prob": 1}, "normalizations": {}, "fields": {"evidence": {"value": "4", "confidence": {"state": "pre-added", "who": ["user:anne"], "prob": 1}}}}, {"classId": "claim", "part": "s1p3", "offsets": [{"start": 91, "text": "Da die Leistungsf\u00f6rderung verschiedenste Bereiche der kognitiven F\u00e4higkeitspalette anspricht,"}], "coordinates": [], "confidence": {"state": "pre-added", "who": ["user:anne"], "prob": 1}, "normalizations": {}, "fields": {"evidence": {"value": "4", "confidence": {"state": "pre-added", "who": ["user:anne"], "prob": 1}}}}, {"classId": "premise", "part": "s1p3", "offsets": [{"start": 185, "text": "begrenzt sich die Kundensegmentation nicht auf demographische oder soziale Faktoren, sondern bezieht grenzenlos jedes Individuum mit ein"}], "coordinates": [], "confidence": {"state": "pre-added", "who": ["user:anne"], "prob": 1}, "normalizations": {}, "fields": {"strength_premise": {"value": "4", "confidence": {"state": "pre-added", "who": ["user:anne"], "prob": 1}}, "relevance_premise": {"value": "3", "confidence": {"state": "pre-added", "who": ["user:anne"], "prob": 1}}}}, {"classId": "claim", "part": "s1p3", "offsets": [{"start": 323, "text": "Die Mitgliedschaft zu den Trainingseinheiten und einer wissensbegeisterten Community wird durch ein j\u00e4hrlich erneuerbares Abonnement erlangt, das mit Lock-in Effekten und Add-On Funktionen fungiert."}], "coordinates": [], "confidence": {"state": "pre-added", "who": ["user:anne"], "prob": 1}, "normalizations": {}, "fields": {"evidence": {"value": "3", "confidence": {"state": "pre-added", "who": ["user:anne"], "prob": 1}}}}, {"classId": "premise", "part": "s1p3", "offsets": [{"start": 522, "text": "Nach der Kreierung der App konvergieren die Grenzkosten gegen Null."}], "coordinates": [], "confidence": {"state": "pre-added", "who": ["user:anne"], "prob": 1}, "normalizations": {}, "fields": {"strength_premise": {"value": "4", "confidence": {"state": "pre-added", "who": ["user:anne"], "prob": 1}}, "relevance_premise": {"value": "4", "confidence": {"state": "pre-added", "who": ["user:anne"], "prob": 1}}}}, {"classId": "claim", "part": "s1p3", "offsets": [{"start": 590, "text": "Der Umsatzstrom hingegen treibt sich uneingeschr\u00e4nkt \u00fcber Netzwerkeffekte der Gemeinschaft in die H\u00f6he,"}], "coordinates": [], "confidence": {"state": "pre-added", "who": ["user:anne"], "prob": 1}, "normalizations": {}, "fields": {"evidence": {"value": "4", "confidence": {"state": "pre-added", "who": ["user:anne"], "prob": 1}}}}, {"classId": "premise", "part": "s1p3", "offsets": [{"start": 694, "text": "da Peer-Vergleiche Anreize schaffen und den wahrgenommenen Status f\u00f6rdern."}], "coordinates": [], "confidence": {"state": "pre-added", "who": ["user:anne"], "prob": 1}, "normalizations": {}, "fields": {"strength_premise": {"value": "3", "confidence": {"state": "pre-added", "who": ["user:anne"], "prob": 1}}, "relevance_premise": {"value": "3", "confidence": {"state": "pre-added", "who": ["user:anne"], "prob": 1}}}}], "relations": [{"classId": "support", "type": "linked", "directed": false, "entities": ["s1p2|e_3|371,526", "s1p2|e_2|277,369"], "confidence": {"state": "pre-added", "who": ["user:anne"], "prob": 1}}, {"classId": "support", "type": "linked", "directed": false, "entities": ["s1p2|e_3|685,931", "s1p2|e_2|528,682"], "confidence": {"state": "pre-added", "who": ["user:anne"], "prob": 1}}, {"classId": "support", "type": "linked", "directed": false, "entities": ["s1p3|e_3|185,320", "s1p3|e_2|91,183"], "confidence": {"state": "pre-added", "who": ["user:anne"], "prob": 1}}, {"classId": "support", "type": "linked", "directed": false, "entities": ["s1p3|e_3|522,588", "s1p3|e_2|323,520"], "confidence": {"state": "pre-added", "who": ["user:anne"], "prob": 1}}, {"classId": "support", "type": "linked", "directed": false, "entities": ["s1p3|e_3|694,767", "s1p3|e_2|590,692"], "confidence": {"state": "pre-added", "who": ["user:anne"], "prob": 1}}]}