{"annotatable": {"parts": ["s1p1", "s1p2", "s1p3"]}, "anncomplete": true, "sources": [], "strength_pitch": {"value": "4", "confidence": {"state": "pre-added", "who": ["user:anne"], "prob": 1}}, "entities": [{"classId": "major_claim", "part": "s1p2", "offsets": [{"start": 87, "text": "Durch das Downloaden und Benutzen der coffeeGO App, werden den Usern, durch GPS Tracking, Ratings und auf Grund von Erfahrungswerten der pers\u00f6nlichen Vorlieben, L\u00e4den am jeweiligen Zielstandort vorgeschlagen."}], "coordinates": [], "confidence": {"state": "pre-added", "who": ["user:anne"], "prob": 1}, "normalizations": {}, "fields": {"specificity": {"value": "3", "confidence": {"state": "pre-added", "who": ["user:anne"], "prob": 1}}, "evidence": {"value": "4", "confidence": {"state": "pre-added", "who": ["user:anne"], "prob": 1}}}}, {"classId": "claim", "part": "s1p2", "offsets": [{"start": 296, "text": "Kunden k\u00f6nnen dann online das jeweilige verf\u00fcgbare Menu der Partner anschauen, bekommen Informationen \u00fcber die aktuelle Wartezeit und haben die M\u00f6glichkeit, das gew\u00fcnschte Angebot vorzubestellen und via Handy zu bezahlen."}], "coordinates": [], "confidence": {"state": "pre-added", "who": ["user:anne"], "prob": 1}, "normalizations": {}, "fields": {"evidence": {"value": "4", "confidence": {"state": "pre-added", "who": ["user:anne"], "prob": 1}}}}, {"classId": "claim", "part": "s1p2", "offsets": [{"start": 518, "text": "Die Bestellung kann dann zur gew\u00fcnschten (oder schnellstm\u00f6glichen) Zeit abgeholt werden."}], "coordinates": [], "confidence": {"state": "pre-added", "who": ["user:anne"], "prob": 1}, "normalizations": {}, "fields": {"evidence": {"value": "3", "confidence": {"state": "pre-added", "who": ["user:anne"], "prob": 1}}}}, {"classId": "premise", "part": "s1p2", "offsets": [{"start": 607, "text": "Um sicher zu stellen, dass der Kaffee frisch und heiss ist, wird die Ankunftszeit der Kunden durch GPS getrackt, und die Baristas so benachrichtigt, dass alle Bestellungen rechtzeitig bereit sind."}], "coordinates": [], "confidence": {"state": "pre-added", "who": ["user:anne"], "prob": 1}, "normalizations": {}, "fields": {"strength_premise": {"value": "3", "confidence": {"state": "pre-added", "who": ["user:anne"], "prob": 1}}, "relevance_premise": {"value": "3", "confidence": {"state": "pre-added", "who": ["user:anne"], "prob": 1}}}}, {"classId": "claim", "part": "s1p2", "offsets": [{"start": 804, "text": "Dadurch werden Wartezeiten f\u00fcr die Kunden minimiert, Stress und Zeitdruck f\u00fcr die Angestellten reduziert,"}], "coordinates": [], "confidence": {"state": "pre-added", "who": ["user:anne"], "prob": 1}, "normalizations": {}, "fields": {"evidence": {"value": "4", "confidence": {"state": "pre-added", "who": ["user:anne"], "prob": 1}}}}, {"classId": "premise", "part": "s1p2", "offsets": [{"start": 910, "text": "und so ein besseres Kundenerlebnis geschaffen. Der perfekte Start in den Morgen ist garantiert."}], "coordinates": [], "confidence": {"state": "pre-added", "who": ["user:anne"], "prob": 1}, "normalizations": {}, "fields": {"strength_premise": {"value": "3", "confidence": {"state": "pre-added", "who": ["user:anne"], "prob": 1}}, "relevance_premise": {"value": "4", "confidence": {"state": "pre-added", "who": ["user:anne"], "prob": 1}}}}, {"classId": "claim", "part": "s1p3", "offsets": [{"start": 142, "text": "Die App reduziert die Wahrscheinlichkeit, dass aus Mangel an Zeit oder auf Grund der Auswahl von alternativen Restaurants, Shops oder Caf\u00e9s auf eine Konsumation verzichtet wird"}], "coordinates": [], "confidence": {"state": "pre-added", "who": ["user:anne"], "prob": 1}, "normalizations": {}, "fields": {"evidence": {"value": "3", "confidence": {"state": "pre-added", "who": ["user:anne"], "prob": 1}}}}, {"classId": "premise", "part": "s1p3", "offsets": [{"start": 320, "text": "Da coffeeGO die Konsumationsgewohnheiten der Kunden trackt, k\u00f6nnen Push Mitteilungen, die zur gewohnten Bestellzeit gesendet werden, die Konsumenten an den Lieblingskaffee erinnern."}], "coordinates": [], "confidence": {"state": "pre-added", "who": ["user:anne"], "prob": 1}, "normalizations": {}, "fields": {"strength_premise": {"value": "3", "confidence": {"state": "pre-added", "who": ["user:anne"], "prob": 1}}, "relevance_premise": {"value": "4", "confidence": {"state": "pre-added", "who": ["user:anne"], "prob": 1}}}}, {"classId": "claim", "part": "s1p3", "offsets": [{"start": 502, "text": "Die Bestellung kann dann einfach mit einem einzigen Klick ausgel\u00f6st werden."}], "coordinates": [], "confidence": {"state": "pre-added", "who": ["user:anne"], "prob": 1}, "normalizations": {}, "fields": {"evidence": {"value": "3", "confidence": {"state": "pre-added", "who": ["user:anne"], "prob": 1}}}}, {"classId": "premise", "part": "s1p3", "offsets": [{"start": 578, "text": "Kunden werden ausserdem auf Spezialangebote, Rabatte, etc. aufmerksam gemacht. CoffeeGO erh\u00e4lt einen zehn Prozent Anteil jedes get\u00e4tigten Kaufs und ist so profitabel."}], "coordinates": [], "confidence": {"state": "pre-added", "who": ["user:anne"], "prob": 1}, "normalizations": {}, "fields": {"strength_premise": {"value": "3", "confidence": {"state": "pre-added", "who": ["user:anne"], "prob": 1}}, "relevance_premise": {"value": "3", "confidence": {"state": "pre-added", "who": ["user:anne"], "prob": 1}}}}], "relations": [{"classId": "support", "type": "linked", "directed": false, "entities": ["s1p2|e_3|607,802", "s1p2|e_2|518,605"], "confidence": {"state": "pre-added", "who": ["user:anne"], "prob": 1}}, {"classId": "support", "type": "linked", "directed": false, "entities": ["s1p2|e_3|910,1004", "s1p2|e_2|804,908"], "confidence": {"state": "pre-added", "who": ["user:anne"], "prob": 1}}, {"classId": "support", "type": "linked", "directed": false, "entities": ["s1p3|e_3|320,500", "s1p3|e_2|142,317"], "confidence": {"state": "pre-added", "who": ["user:anne"], "prob": 1}}, {"classId": "support", "type": "linked", "directed": false, "entities": ["s1p3|e_3|578,743", "s1p3|e_2|502,576"], "confidence": {"state": "pre-added", "who": ["user:anne"], "prob": 1}}]}