{"annotatable": {"parts": ["s1p1", "s1p2", "s1p3", "s1p4"]}, "anncomplete": true, "sources": [], "strength_pitch": {"value": "3", "confidence": {"state": "pre-added", "who": ["user:anne"], "prob": 1}}, "entities": [{"classId": "claim", "part": "s1p1", "offsets": [{"start": 0, "text": "Weltweit gibt es im Google Playstore, dem App Store und \u00e4hnlichen Anbietern von Applikationen \u00fcber 5 Millionen Apps."}], "coordinates": [], "confidence": {"state": "pre-added", "who": ["user:anne"], "prob": 1}, "normalizations": {}, "fields": {"evidence": {"value": "4", "confidence": {"state": "pre-added", "who": ["user:anne"], "prob": 1}}}}, {"classId": "premise", "part": "s1p1", "offsets": [{"start": 117, "text": "Von den einfachsten Anwendungen, wie Kopf oder Zahl, bis zu atemberaubenden Spielen, die dem Anwender unentdeckte Welten n\u00e4her bringen ist alles zu finden."}], "coordinates": [], "confidence": {"state": "pre-added", "who": ["user:anne"], "prob": 1}, "normalizations": {}, "fields": {"strength_premise": {"value": "3", "confidence": {"state": "pre-added", "who": ["user:anne"], "prob": 1}}, "relevance_premise": {"value": "4", "confidence": {"state": "pre-added", "who": ["user:anne"], "prob": 1}}}}, {"classId": "claim", "part": "s1p1", "offsets": [{"start": 517, "text": "In der letzten Zeit ist jedoch das Aufkommen einer neuen Art von Bezahlung zu erkennen gewesen, dem Freemium."}], "coordinates": [], "confidence": {"state": "pre-added", "who": ["user:anne"], "prob": 1}, "normalizations": {}, "fields": {"evidence": {"value": "4", "confidence": {"state": "pre-added", "who": ["user:anne"], "prob": 1}}}}, {"classId": "premise", "part": "s1p1", "offsets": [{"start": 627, "text": "Hierbei ist die Grundversion eines Spiels gratis und lediglich die Erbweiterung, Optimierung oder Ausgestaltung kostet etwas. App`s wie Candy Crush Saga, Raid: Shadow Legends und co. haben eine Unmenge von Geld mit diesen Gesch\u00e4ftsmodellen eingenommen"}], "coordinates": [], "confidence": {"state": "pre-added", "who": ["user:anne"], "prob": 1}, "normalizations": {}, "fields": {"strength_premise": {"value": "3", "confidence": {"state": "pre-added", "who": ["user:anne"], "prob": 1}}, "relevance_premise": {"value": "4", "confidence": {"state": "pre-added", "who": ["user:anne"], "prob": 1}}}}, {"classId": "major_claim", "part": "s1p3", "offsets": [{"start": 0, "text": "Die L\u00f6sung zu diesem Problem kommt mit AppPay. AppPay ist eine externe Bezahlplattform f\u00fcr Applikationen."}], "coordinates": [], "confidence": {"state": "pre-added", "who": ["user:anne"], "prob": 1}, "normalizations": {}, "fields": {"specificity": {"value": "4", "confidence": {"state": "pre-added", "who": ["user:anne"], "prob": 1}}, "evidence": {"value": "4", "confidence": {"state": "pre-added", "who": ["user:anne"], "prob": 1}}}}, {"classId": "claim", "part": "s1p3", "offsets": [{"start": 106, "text": "W\u00e4hrend die Anbieter von Freemium-Applikationen bis jetzt die rechtlichen, sowie die sicherheitstechnischen Anforderungen selbst beschaffen und erf\u00fcllen mussten,"}], "coordinates": [], "confidence": {"state": "pre-added", "who": ["user:anne"], "prob": 1}, "normalizations": {}, "fields": {"evidence": {"value": "4", "confidence": {"state": "pre-added", "who": ["user:anne"], "prob": 1}}}}, {"classId": "premise", "part": "s1p3", "offsets": [{"start": 268, "text": "\u00fcbernimmt AppPay f\u00fcr Sie den gesamten Bezahlvorgang bequem aus einer Hand. Von der \u00dcberpr\u00fcfung der Zahlung bis zum Liquidit\u00e4tsrisiko, wir k\u00fcmmern uns um alles."}], "coordinates": [], "confidence": {"state": "pre-added", "who": ["user:anne"], "prob": 1}, "normalizations": {}, "fields": {"strength_premise": {"value": "3", "confidence": {"state": "pre-added", "who": ["user:anne"], "prob": 1}}, "relevance_premise": {"value": "4", "confidence": {"state": "pre-added", "who": ["user:anne"], "prob": 1}}}}], "relations": [{"classId": "support", "type": "linked", "directed": false, "entities": ["s1p1|e_3|117,271", "s1p1|e_2|0,115"], "confidence": {"state": "pre-added", "who": ["user:anne"], "prob": 1}}, {"classId": "support", "type": "linked", "directed": false, "entities": ["s1p1|e_3|627,877", "s1p1|e_2|517,625"], "confidence": {"state": "pre-added", "who": ["user:anne"], "prob": 1}}, {"classId": "support", "type": "linked", "directed": false, "entities": ["s1p3|e_3|268,426", "s1p3|e_2|106,266"], "confidence": {"state": "pre-added", "who": ["user:anne"], "prob": 1}}]}