{"annotatable": {"parts": ["s1p1", "s1p2", "s1p3", "s1p4"]}, "anncomplete": true, "sources": [], "strength_pitch": {"value": "4", "confidence": {"state": "pre-added", "who": ["user:anne"], "prob": 1}}, "entities": [{"classId": "major_claim", "part": "s1p2", "offsets": [{"start": 0, "text": "Alp-Us ist die grosse Neuheit der letzten Jahre im Bereich des Wintersporttourismus. Planen und organisieren Sie alle wichtigen Aspekte ihres Skiurlaubs zentral \u00fcber eine einzige App."}], "coordinates": [], "confidence": {"state": "pre-added", "who": ["user:anne"], "prob": 1}, "normalizations": {}, "fields": {"specificity": {"value": "3", "confidence": {"state": "pre-added", "who": ["user:anne"], "prob": 1}}, "evidence": {"value": "4", "confidence": {"state": "pre-added", "who": ["user:anne"], "prob": 1}}}}, {"classId": "claim", "part": "s1p2", "offsets": [{"start": 184, "text": "Egal, ob Sie den Ausflug f\u00fcr die Familie, eine Gruppe von Freunden oder im Rahmen eines Firmenevents planen."}], "coordinates": [], "confidence": {"state": "pre-added", "who": ["user:anne"], "prob": 1}, "normalizations": {}, "fields": {"evidence": {"value": "4", "confidence": {"state": "pre-added", "who": ["user:anne"], "prob": 1}}}}, {"classId": "premise", "part": "s1p2", "offsets": [{"start": 293, "text": "Alp-Us ist das perfekte Tool um effizient, schnell und gruppenspezifisch den perfekten Ausflug f\u00fcr Wintersportbegeisterte zu gestalten."}], "coordinates": [], "confidence": {"state": "pre-added", "who": ["user:anne"], "prob": 1}, "normalizations": {}, "fields": {"strength_premise": {"value": "3", "confidence": {"state": "pre-added", "who": ["user:anne"], "prob": 1}}, "relevance_premise": {"value": "4", "confidence": {"state": "pre-added", "who": ["user:anne"], "prob": 1}}}}, {"classId": "claim", "part": "s1p3", "offsets": [{"start": 0, "text": "Alp-Us ist eine Plattform, in der pers\u00f6nliche Gruppen via Einladungslink erstellt werden k\u00f6nnen."}], "coordinates": [], "confidence": {"state": "pre-added", "who": ["user:anne"], "prob": 1}, "normalizations": {}, "fields": {"evidence": {"value": "3", "confidence": {"state": "pre-added", "who": ["user:anne"], "prob": 1}}}}, {"classId": "premise", "part": "s1p3", "offsets": [{"start": 97, "text": "Bei der Registrierung der einzelnen Teilnehmer, welche nur wenige Minuten dauert, werden Verf\u00fcgbarkeit, Pr\u00e4ferenzen bez\u00fcglich der Skigebiete oder des Abendprogramms und Mobilit\u00e4tsoptionen abgefragt und anhand dieser Daten zeitlich kombinierbare Vorschl\u00e4ge bez\u00fcglich Skigebieten, Hotelzimmern, Anfahrts- und Rahmenprogrammoptionen der Gruppe vorgeschlagen."}], "coordinates": [], "confidence": {"state": "pre-added", "who": ["user:anne"], "prob": 1}, "normalizations": {}, "fields": {"strength_premise": {"value": "3", "confidence": {"state": "pre-added", "who": ["user:anne"], "prob": 1}}, "relevance_premise": {"value": "4", "confidence": {"state": "pre-added", "who": ["user:anne"], "prob": 1}}}}, {"classId": "claim", "part": "s1p3", "offsets": [{"start": 453, "text": "Diese Urlaubs-Bausteine k\u00f6nnen direkt in App, durch einen vorbestimmten \u00abGruppenleiter\u00bb, zusammengestellt und gebucht werden"}], "coordinates": [], "confidence": {"state": "pre-added", "who": ["user:anne"], "prob": 1}, "normalizations": {}, "fields": {"evidence": {"value": "4", "confidence": {"state": "pre-added", "who": ["user:anne"], "prob": 1}}}}, {"classId": "premise", "part": "s1p3", "offsets": [{"start": 579, "text": "Alle Buchungen und Tickets, welche heute noch ohne Alp-Us \u00fcber verschiedene Plattformen und Anbieter organisiert werden m\u00fcssen, k\u00f6nnen so zentral gebucht und jederzeit \u00fcber das Mobiltelefon abgerufen werden."}], "coordinates": [], "confidence": {"state": "pre-added", "who": ["user:anne"], "prob": 1}, "normalizations": {}, "fields": {"strength_premise": {"value": "3", "confidence": {"state": "pre-added", "who": ["user:anne"], "prob": 1}}, "relevance_premise": {"value": "3", "confidence": {"state": "pre-added", "who": ["user:anne"], "prob": 1}}}}, {"classId": "claim", "part": "s1p4", "offsets": [{"start": 0, "text": "Auch f\u00fcr die teilnehmenden Unternehmen wie beispielsweise Hotels, Skigebiete oder Restaurants bietet Alp-Us die M\u00f6glichkeit sich nicht nur \u00fcber einen weiteren Kanal zu pr\u00e4sentieren,"}], "coordinates": [], "confidence": {"state": "pre-added", "who": ["user:anne"], "prob": 1}, "normalizations": {}, "fields": {"evidence": {"value": "4", "confidence": {"state": "pre-added", "who": ["user:anne"], "prob": 1}}}}, {"classId": "premise", "part": "s1p4", "offsets": [{"start": 182, "text": "sondern das spezifische Kundensegment des Leistungsanbieters effizienter zu erreichen als \u00fcber traditionelle Kan\u00e4le."}], "coordinates": [], "confidence": {"state": "pre-added", "who": ["user:anne"], "prob": 1}, "normalizations": {}, "fields": {"strength_premise": {"value": "3", "confidence": {"state": "pre-added", "who": ["user:anne"], "prob": 1}}, "relevance_premise": {"value": "4", "confidence": {"state": "pre-added", "who": ["user:anne"], "prob": 1}}}}, {"classId": "claim", "part": "s1p4", "offsets": [{"start": 299, "text": "Diese werden zu Beginn ausgew\u00e4hlte Skigebiete sein,"}], "coordinates": [], "confidence": {"state": "pre-added", "who": ["user:anne"], "prob": 1}, "normalizations": {}, "fields": {"evidence": {"value": "3", "confidence": {"state": "pre-added", "who": ["user:anne"], "prob": 1}}}}, {"classId": "premise", "part": "s1p4", "offsets": [{"start": 351, "text": "um die Datenqualit\u00e4t zu gew\u00e4hrleisten und wird sp\u00e4ter skaliert und ausgeweitet."}], "coordinates": [], "confidence": {"state": "pre-added", "who": ["user:anne"], "prob": 1}, "normalizations": {}, "fields": {"strength_premise": {"value": "3", "confidence": {"state": "pre-added", "who": ["user:anne"], "prob": 1}}, "relevance_premise": {"value": "4", "confidence": {"state": "pre-added", "who": ["user:anne"], "prob": 1}}}}, {"classId": "claim", "part": "s1p4", "offsets": [{"start": 431, "text": "Durch die spezifischen Kundensegmente soll eine h\u00f6here Conversion-Rate durch in-App Reservierungen und Buchungen f\u00fcr die teilnehmenden Unternehmen erreicht und dem Kunden ein vollends befriedigendes Gesamterlebnis geboten werden"}], "coordinates": [], "confidence": {"state": "pre-added", "who": ["user:anne"], "prob": 1}, "normalizations": {}, "fields": {"evidence": {"value": "4", "confidence": {"state": "pre-added", "who": ["user:anne"], "prob": 1}}}}, {"classId": "premise", "part": "s1p4", "offsets": [{"start": 661, "text": "Somit erm\u00f6glichen wir das optimale Matching zwischen Endkunden und den Partnerunternehmen \u00fcber unsere Plattform und generieren f\u00fcr alle Seiten Netzwerkeffekte."}], "coordinates": [], "confidence": {"state": "pre-added", "who": ["user:anne"], "prob": 1}, "normalizations": {}, "fields": {"strength_premise": {"value": "3", "confidence": {"state": "pre-added", "who": ["user:anne"], "prob": 1}}, "relevance_premise": {"value": "4", "confidence": {"state": "pre-added", "who": ["user:anne"], "prob": 1}}}}, {"classId": "claim", "part": "s1p4", "offsets": [{"start": 821, "text": "F\u00fcr jede Buchung bei einem Teilleistungsanbieter erh\u00e4lt Alp-Us Vermittlungsgeb\u00fchren im niedrigen Prozentbereich."}], "coordinates": [], "confidence": {"state": "pre-added", "who": ["user:anne"], "prob": 1}, "normalizations": {}, "fields": {"evidence": {"value": "4", "confidence": {"state": "pre-added", "who": ["user:anne"], "prob": 1}}}}], "relations": [{"classId": "support", "type": "linked", "directed": false, "entities": ["s1p2|e_3|293,427", "s1p2|e_2|184,291"], "confidence": {"state": "pre-added", "who": ["user:anne"], "prob": 1}}, {"classId": "support", "type": "linked", "directed": false, "entities": ["s1p3|e_3|97,451", "s1p3|e_2|0,95"], "confidence": {"state": "pre-added", "who": ["user:anne"], "prob": 1}}, {"classId": "support", "type": "linked", "directed": false, "entities": ["s1p3|e_3|579,785", "s1p3|e_2|453,576"], "confidence": {"state": "pre-added", "who": ["user:anne"], "prob": 1}}, {"classId": "support", "type": "linked", "directed": false, "entities": ["s1p4|e_3|182,297", "s1p4|e_2|0,180"], "confidence": {"state": "pre-added", "who": ["user:anne"], "prob": 1}}, {"classId": "support", "type": "linked", "directed": false, "entities": ["s1p4|e_3|351,429", "s1p4|e_2|299,349"], "confidence": {"state": "pre-added", "who": ["user:anne"], "prob": 1}}, {"classId": "support", "type": "linked", "directed": false, "entities": ["s1p4|e_3|661,819", "s1p4|e_2|431,658"], "confidence": {"state": "pre-added", "who": ["user:anne"], "prob": 1}}]}