{"annotatable": {"parts": ["s1p1", "s1p2", "s1p3", "s1p4", "s1p5", "s1p6"]}, "anncomplete": true, "sources": [], "strength_pitch": {"value": "3", "confidence": {"state": "pre-added", "who": ["user:anne"], "prob": 1}}, "entities": [{"classId": "claim", "part": "s1p1", "offsets": [{"start": 128, "text": "Sp\u00e4testens nach einigen Wochen wird einem die Ein\u00f6de der eigenen Rezeptvielfalt bewusst, der Speiseplan rotiert im Wochenrhythmus und fr\u00fchere Leibspeisen kann man kaum mehr sehen."}], "coordinates": [], "confidence": {"state": "pre-added", "who": ["user:anne"], "prob": 1}, "normalizations": {}, "fields": {"evidence": {"value": "4", "confidence": {"state": "pre-added", "who": ["user:anne"], "prob": 1}}}}, {"classId": "premise", "part": "s1p1", "offsets": [{"start": 308, "text": "Und so wird die Frage \u00abWas esse ich heute?\u00bb zur t\u00e4glichen Plage. Insbesondere nach einem langen Arbeitstag und mit knurrendem Magen. Her muss ein neuer kulinarischer Schwung!"}], "coordinates": [], "confidence": {"state": "pre-added", "who": ["user:anne"], "prob": 1}, "normalizations": {}, "fields": {"strength_premise": {"value": "4", "confidence": {"state": "pre-added", "who": ["user:anne"], "prob": 1}}, "relevance_premise": {"value": "4", "confidence": {"state": "pre-added", "who": ["user:anne"], "prob": 1}}}}, {"classId": "claim", "part": "s1p2", "offsets": [{"start": 0, "text": "Die erhoffte Inspiration aus dem Internet bleibt meistens aus."}], "coordinates": [], "confidence": {"state": "pre-added", "who": ["user:anne"], "prob": 1}, "normalizations": {}, "fields": {"evidence": {"value": "3", "confidence": {"state": "pre-added", "who": ["user:anne"], "prob": 1}}}}, {"classId": "premise", "part": "s1p2", "offsets": [{"start": 63, "text": "Die Flut an Ideen und Vorschl\u00e4gen, welche unkoordiniert auf einem einprasseln, verleiten viel mehr dazu, vielleicht doch eher zur Fertig-Packung zu greifen, obwohl dies f\u00fcr viele nicht in die eigenen Vorstellungen der Ern\u00e4hrung passt."}], "coordinates": [], "confidence": {"state": "pre-added", "who": ["user:anne"], "prob": 1}, "normalizations": {}, "fields": {"strength_premise": {"value": "3", "confidence": {"state": "pre-added", "who": ["user:anne"], "prob": 1}}, "relevance_premise": {"value": "4", "confidence": {"state": "pre-added", "who": ["user:anne"], "prob": 1}}}}, {"classId": "major_claim", "part": "s1p3", "offsets": [{"start": 107, "text": "Was also, wenn du dank eines monatlichen Abos von \u201eeatDaily\u201c jeder Zeit auf einer App wenige auf dich abgestimmte Vorschl\u00e4ge erhalten w\u00fcrdest?"}], "coordinates": [], "confidence": {"state": "pre-added", "who": ["user:anne"], "prob": 1}, "normalizations": {}, "fields": {"specificity": {"value": "3", "confidence": {"state": "pre-added", "who": ["user:anne"], "prob": 1}}, "evidence": {"value": "4", "confidence": {"state": "pre-added", "who": ["user:anne"], "prob": 1}}}}, {"classId": "claim", "part": "s1p3", "offsets": [{"start": 250, "text": "Du bist vegan? Vegetarisch? Magst keinen Blumenkohl? M\u00f6chtest dich saisonal oder doch lieber lactosefrei ern\u00e4hren? Kein Problem, auf deinem pers\u00f6nlichen Profil kannst du all deine W\u00fcnsche festhalten,"}], "coordinates": [], "confidence": {"state": "pre-added", "who": ["user:anne"], "prob": 1}, "normalizations": {}, "fields": {"evidence": {"value": "4", "confidence": {"state": "pre-added", "who": ["user:anne"], "prob": 1}}}}, {"classId": "premise", "part": "s1p3", "offsets": [{"start": 450, "text": "welche wir bei der Zusammenstellung deiner pers\u00f6nlichen Vorschl\u00e4ge ber\u00fccksichtigen."}], "coordinates": [], "confidence": {"state": "pre-added", "who": ["user:anne"], "prob": 1}, "normalizations": {}, "fields": {"strength_premise": {"value": "3", "confidence": {"state": "pre-added", "who": ["user:anne"], "prob": 1}}, "relevance_premise": {"value": "4", "confidence": {"state": "pre-added", "who": ["user:anne"], "prob": 1}}}}, {"classId": "claim", "part": "s1p3", "offsets": [{"start": 534, "text": "Auch die tagesabh\u00e4ngigen Faktoren, wie viel Zeit du zum Kochen hast, oder wie schwierig die Zubereitung sein soll, beachten wir. Du erh\u00e4ltst jeden Tag drei Menu Vorschl\u00e4ge basierend auf deinem Problem,"}], "coordinates": [], "confidence": {"state": "pre-added", "who": ["user:anne"], "prob": 1}, "normalizations": {}, "fields": {"evidence": {"value": "4", "confidence": {"state": "pre-added", "who": ["user:anne"], "prob": 1}}}}, {"classId": "premise", "part": "s1p3", "offsets": [{"start": 736, "text": "damit hast du eine \u00fcbersichtliche Anzahl an Vorschl\u00e4gen und kannst dich zudem von dem jeweiligen Foto des Gerichtes inspirieren lassen."}], "coordinates": [], "confidence": {"state": "pre-added", "who": ["user:anne"], "prob": 1}, "normalizations": {}, "fields": {"strength_premise": {"value": "3", "confidence": {"state": "pre-added", "who": ["user:anne"], "prob": 1}}, "relevance_premise": {"value": "4", "confidence": {"state": "pre-added", "who": ["user:anne"], "prob": 1}}}}, {"classId": "claim", "part": "s1p4", "offsets": [{"start": 163, "text": "Bei der Zubereitung unterst\u00fctzen wir dich mit kurzen Videos"}], "coordinates": [], "confidence": {"state": "pre-added", "who": ["user:anne"], "prob": 1}, "normalizations": {}, "fields": {"evidence": {"value": "3", "confidence": {"state": "pre-added", "who": ["user:anne"], "prob": 1}}}}, {"classId": "premise", "part": "s1p4", "offsets": [{"start": 224, "text": "welche dir helfen eine k\u00f6stliche Mahlzeit zuzubereiten. Nat\u00fcrlich kannst du Fotos nachher auch mit den andern teilen."}], "coordinates": [], "confidence": {"state": "pre-added", "who": ["user:anne"], "prob": 1}, "normalizations": {}, "fields": {}}], "relations": [{"classId": "support", "type": "linked", "directed": false, "entities": ["s1p1|e_3|308,481", "s1p1|e_2|128,306"], "confidence": {"state": "pre-added", "who": ["user:anne"], "prob": 1}}, {"classId": "support", "type": "linked", "directed": false, "entities": ["s1p2|e_3|63,296", "s1p2|e_2|0,61"], "confidence": {"state": "pre-added", "who": ["user:anne"], "prob": 1}}, {"classId": "support", "type": "linked", "directed": false, "entities": ["s1p3|e_3|450,532", "s1p3|e_2|250,448"], "confidence": {"state": "pre-added", "who": ["user:anne"], "prob": 1}}, {"classId": "support", "type": "linked", "directed": false, "entities": ["s1p3|e_3|736,870", "s1p3|e_2|534,734"], "confidence": {"state": "pre-added", "who": ["user:anne"], "prob": 1}}, {"classId": "support", "type": "linked", "directed": false, "entities": ["s1p4|e_3|224,340", "s1p4|e_2|163,221"], "confidence": {"state": "pre-added", "who": ["user:anne"], "prob": 1}}]}