{"annotatable": {"parts": ["s1p1"]}, "anncomplete": true, "sources": [], "strength_pitch": {"value": "3", "confidence": {"state": "pre-added", "who": ["user:anne"], "prob": 1}}, "entities": [{"classId": "claim", "part": "s1p1", "offsets": [{"start": 358, "text": "Studenten m\u00fcssen bei der Erstregistrierung zwischen spezifischen Keywords entscheiden, die zu ihnen passen und ein mit einem Computer gef\u00fchrtes standardisiertes Videointerview durchf\u00fchren, um ein entsprechendes Profil zu erstellen."}], "coordinates": [], "confidence": {"state": "pre-added", "who": ["user:anne"], "prob": 1}, "normalizations": {}, "fields": {"evidence": {"value": "4", "confidence": {"state": "pre-added", "who": ["user:anne"], "prob": 1}}}}, {"classId": "premise", "part": "s1p1", "offsets": [{"start": 590, "text": "tasky pr\u00fcft das Profil und best\u00e4tigt dies."}], "coordinates": [], "confidence": {"state": "pre-added", "who": ["user:anne"], "prob": 1}, "normalizations": {}, "fields": {"strength_premise": {"value": "3", "confidence": {"state": "pre-added", "who": ["user:anne"], "prob": 1}}, "relevance_premise": {"value": "4", "confidence": {"state": "pre-added", "who": ["user:anne"], "prob": 1}}}}, {"classId": "claim", "part": "s1p1", "offsets": [{"start": 633, "text": "Unternehmen k\u00f6nnen f\u00fcr einen spezifischen Job ebenfalls Keywords erstellen, die zum Job passen und schon ist der Job online."}], "coordinates": [], "confidence": {"state": "pre-added", "who": ["user:anne"], "prob": 1}, "normalizations": {}, "fields": {"evidence": {"value": "4", "confidence": {"state": "pre-added", "who": ["user:anne"], "prob": 1}}}}, {"classId": "premise", "part": "s1p1", "offsets": [{"start": 758, "text": "Studenten k\u00f6nnen sich dann auf einen Job bewerben, wobei die erste Runde von Bewerbenden durch tasky aussortiert wird (mittels Keyword-Analyse und Analyse des Videointerviews). Nur die f\u00fcnf am besten passenden Bewerber werden an den Auftraggeber weitergeleitet, der anhand der Videointerviews und dem Profil eine Entscheidung treffen kann"}], "coordinates": [], "confidence": {"state": "pre-added", "who": ["user:anne"], "prob": 1}, "normalizations": {}, "fields": {"strength_premise": {"value": "4", "confidence": {"state": "pre-added", "who": ["user:anne"], "prob": 1}}, "relevance_premise": {"value": "4", "confidence": {"state": "pre-added", "who": ["user:anne"], "prob": 1}}}}, {"classId": "claim", "part": "s1p1", "offsets": [{"start": 1098, "text": "Ist die Entscheidung gefallen, werden dem Arbeitnehmer die Rahmenbedingungen und die Zusage best\u00e4tigt."}], "coordinates": [], "confidence": {"state": "pre-added", "who": ["user:anne"], "prob": 1}, "normalizations": {}, "fields": {"evidence": {"value": "3", "confidence": {"state": "pre-added", "who": ["user:anne"], "prob": 1}}}}, {"classId": "premise", "part": "s1p1", "offsets": [{"start": 1201, "text": "Der Student erledigt seinen Job nach den Instruktionen des Arbeitgebers."}], "coordinates": [], "confidence": {"state": "pre-added", "who": ["user:anne"], "prob": 1}, "normalizations": {}, "fields": {"strength_premise": {"value": "3", "confidence": {"state": "pre-added", "who": ["user:anne"], "prob": 1}}, "relevance_premise": {"value": "4", "confidence": {"state": "pre-added", "who": ["user:anne"], "prob": 1}}}}, {"classId": "claim", "part": "s1p1", "offsets": [{"start": 1274, "text": "Der Lohnabwicklungsprozess wird von tasky durchgef\u00fchrt"}], "coordinates": [], "confidence": {"state": "pre-added", "who": ["user:anne"], "prob": 1}, "normalizations": {}, "fields": {"evidence": {"value": "3", "confidence": {"state": "pre-added", "who": ["user:anne"], "prob": 1}}}}, {"classId": "premise", "part": "s1p1", "offsets": [{"start": 1330, "text": "womit weder der Arbeitnehmer noch der Arbeitgeber einen zus\u00e4tzlichen Aufwand haben"}], "coordinates": [], "confidence": {"state": "pre-added", "who": ["user:anne"], "prob": 1}, "normalizations": {}, "fields": {"strength_premise": {"value": "4", "confidence": {"state": "pre-added", "who": ["user:anne"], "prob": 1}}, "relevance_premise": {"value": "3", "confidence": {"state": "pre-added", "who": ["user:anne"], "prob": 1}}}}, {"classId": "claim", "part": "s1p1", "offsets": [{"start": 1414, "text": "Danach geben Arbeitgeber und Arbeitnehmer eine kurze Bewertung ab (Zufriedenheit auf einer Skala von 1 bis 10),"}], "coordinates": [], "confidence": {"state": "pre-added", "who": ["user:anne"], "prob": 1}, "normalizations": {}, "fields": {"evidence": {"value": "3", "confidence": {"state": "pre-added", "who": ["user:anne"], "prob": 1}}}}, {"classId": "premise", "part": "s1p1", "offsets": [{"start": 1526, "text": "welche auf dem Profil der jeweiligen Partei gespeichert wird und f\u00fcr k\u00fcnftige Anstellungen ein gesch\u00e4rftes Profil erstellen."}], "coordinates": [], "confidence": {"state": "pre-added", "who": ["user:anne"], "prob": 1}, "normalizations": {}, "fields": {}}, {"classId": "major_claim", "part": "s1p1", "offsets": [{"start": 1651, "text": "F\u00fcr jeden erfolgreich vermittelten Job durch tasky m\u00fcssen die Arbeitgeber eine Kommission an die Online Plattform bezahlen. Gl\u00fcckliche Arbeitgeber und Arbeitnehmer durch geringer administrativer Aufwand und ein perfekter Fit \u2013 das ist tasky!"}], "coordinates": [], "confidence": {"state": "pre-added", "who": ["user:anne"], "prob": 1}, "normalizations": {}, "fields": {"specificity": {"value": "4", "confidence": {"state": "pre-added", "who": ["user:anne"], "prob": 1}}, "evidence": {"value": "3", "confidence": {"state": "pre-added", "who": ["user:anne"], "prob": 1}}}}], "relations": [{"classId": "support", "type": "linked", "directed": false, "entities": ["s1p1|e_3|758,1095", "s1p1|e_2|633,756"], "confidence": {"state": "pre-added", "who": ["user:anne"], "prob": 1}}, {"classId": "support", "type": "linked", "directed": false, "entities": ["s1p1|e_3|1201,1272", "s1p1|e_2|1098,1199"], "confidence": {"state": "pre-added", "who": ["user:anne"], "prob": 1}}, {"classId": "support", "type": "linked", "directed": false, "entities": ["s1p1|e_3|1330,1411", "s1p1|e_2|1274,1327"], "confidence": {"state": "pre-added", "who": ["user:anne"], "prob": 1}}, {"classId": "support", "type": "linked", "directed": false, "entities": ["s1p1|e_3|1526,1649", "s1p1|e_2|1414,1524"], "confidence": {"state": "pre-added", "who": ["user:anne"], "prob": 1}}]}