{"annotatable": {"parts": ["s1p1", "s1p2", "s1p3"]}, "anncomplete": true, "sources": [], "strength_pitch": {"value": "4", "confidence": {"state": "pre-added", "who": ["user:anne"], "prob": 1}}, "entities": [{"classId": "claim", "part": "s1p1", "offsets": [{"start": 0, "text": "In Deutschland ist der Organic Food Market im Jahr 2018 um 5,5 Prozent Punkte auf 10,91 Milliarden Euro gewachsen."}], "coordinates": [], "confidence": {"state": "pre-added", "who": ["user:anne"], "prob": 1}, "normalizations": {}, "fields": {"evidence": {"value": "4", "confidence": {"state": "pre-added", "who": ["user:anne"], "prob": 1}}}}, {"classId": "premise", "part": "s1p1", "offsets": [{"start": 115, "text": "Eine hervorgehobene Rolle dabei spielt das ver\u00e4nderte Konsumentenverhalten, sowie gesellschaftliche Ver\u00e4nderungen."}], "coordinates": [], "confidence": {"state": "pre-added", "who": ["user:anne"], "prob": 1}, "normalizations": {}, "fields": {"strength_premise": {"value": "3", "confidence": {"state": "pre-added", "who": ["user:anne"], "prob": 1}}, "relevance_premise": {"value": "4", "confidence": {"state": "pre-added", "who": ["user:anne"], "prob": 1}}}}, {"classId": "claim", "part": "s1p1", "offsets": [{"start": 230, "text": "Heutzutage gibt es mehr Singles mit einem \u00fcberproportional hohen Einkommen und Frauen bzw. M\u00fctter die einer Nebent\u00e4tigkeit nachgehen."}], "coordinates": [], "confidence": {"state": "pre-added", "who": ["user:anne"], "prob": 1}, "normalizations": {}, "fields": {"evidence": {"value": "4", "confidence": {"state": "pre-added", "who": ["user:anne"], "prob": 1}}}}, {"classId": "premise", "part": "s1p1", "offsets": [{"start": 364, "text": "Dementsprechend gilt das alte Rollenbild von Mann und Frau als \u00fcberholt."}], "coordinates": [], "confidence": {"state": "pre-added", "who": ["user:anne"], "prob": 1}, "normalizations": {}, "fields": {"strength_premise": {"value": "3", "confidence": {"state": "pre-added", "who": ["user:anne"], "prob": 1}}, "relevance_premise": {"value": "4", "confidence": {"state": "pre-added", "who": ["user:anne"], "prob": 1}}}}, {"classId": "claim", "part": "s1p2", "offsets": [{"start": 0, "text": "Es gibt eine grosse Nachfrage nach Gerichten"}], "coordinates": [], "confidence": {"state": "pre-added", "who": ["user:anne"], "prob": 1}, "normalizations": {}, "fields": {"evidence": {"value": "4", "confidence": {"state": "pre-added", "who": ["user:anne"], "prob": 1}}}}, {"classId": "premise", "part": "s1p2", "offsets": [{"start": 46, "text": "welche sich schnell und einfach zubereiten lassen und dar\u00fcber hinaus noch eine gesunde Alternative zu klassischen Lieferdiensten bieten"}], "coordinates": [], "confidence": {"state": "pre-added", "who": ["user:anne"], "prob": 1}, "normalizations": {}, "fields": {"strength_premise": {"value": "3", "confidence": {"state": "pre-added", "who": ["user:anne"], "prob": 1}}, "relevance_premise": {"value": "4", "confidence": {"state": "pre-added", "who": ["user:anne"], "prob": 1}}}}, {"classId": "claim", "part": "s1p2", "offsets": [{"start": 183, "text": "In Restaurants kann der Kunde nicht kontrollieren was genau in seinem Gericht ist und vor allem wie es Zubereitet wurde."}], "coordinates": [], "confidence": {"state": "pre-added", "who": ["user:anne"], "prob": 1}, "normalizations": {}, "fields": {"evidence": {"value": "4", "confidence": {"state": "pre-added", "who": ["user:anne"], "prob": 1}}}}, {"classId": "premise", "part": "s1p2", "offsets": [{"start": 304, "text": "Falls z.B. verh\u00e4ltnism\u00e4ssig viel \u00d6l verwendet wird kann selbst ein Gericht, welches auf dem Men\u00fc sehr gesund wirkt, doch wieder relativ ungesund sein"}], "coordinates": [], "confidence": {"state": "pre-added", "who": ["user:anne"], "prob": 1}, "normalizations": {}, "fields": {"strength_premise": {"value": "3", "confidence": {"state": "pre-added", "who": ["user:anne"], "prob": 1}}, "relevance_premise": {"value": "4", "confidence": {"state": "pre-added", "who": ["user:anne"], "prob": 1}}}}, {"classId": "major_claim", "part": "s1p2", "offsets": [{"start": 455, "text": "Fast&Healthy Bowl bietet genau hier die M\u00f6glichkeit die exakten N\u00e4hrwerte eines Gerichtes zu kennen."}], "coordinates": [], "confidence": {"state": "pre-added", "who": ["user:anne"], "prob": 1}, "normalizations": {}, "fields": {"specificity": {"value": "4", "confidence": {"state": "pre-added", "who": ["user:anne"], "prob": 1}}, "evidence": {"value": "4", "confidence": {"state": "pre-added", "who": ["user:anne"], "prob": 1}}}}, {"classId": "claim", "part": "s1p2", "offsets": [{"start": 556, "text": "Um es dem Kunden dar\u00fcber hinaus so einfach wie M\u00f6glich zu machen, zeigt F&H Bowl ihm an, zu wie viel Prozent sich die Inhaltsstoffe des Gerichtes mit denen eines bekannten Athleten, wie beispw. Roger Federer \u00fcberschneiden."}], "coordinates": [], "confidence": {"state": "pre-added", "who": ["user:anne"], "prob": 1}, "normalizations": {}, "fields": {"evidence": {"value": "4", "confidence": {"state": "pre-added", "who": ["user:anne"], "prob": 1}}}}, {"classId": "premise", "part": "s1p2", "offsets": [{"start": 779, "text": "So kann der Kunde sich, ohne grosse Kenntnisse \u00fcber Ern\u00e4hrung zu haben, gesunde Gerichte zubereiten und der Sportler erh\u00e4lt eine Kommission pro verkauftem Gericht."}], "coordinates": [], "confidence": {"state": "pre-added", "who": ["user:anne"], "prob": 1}, "normalizations": {}, "fields": {"strength_premise": {"value": "3", "confidence": {"state": "pre-added", "who": ["user:anne"], "prob": 1}}, "relevance_premise": {"value": "4", "confidence": {"state": "pre-added", "who": ["user:anne"], "prob": 1}}}}, {"classId": "claim", "part": "s1p2", "offsets": [{"start": 943, "text": "Dar\u00fcberhinaus wird dem Sportler ein neuer Channel angeboten"}], "coordinates": [], "confidence": {"state": "pre-added", "who": ["user:anne"], "prob": 1}, "normalizations": {}, "fields": {"evidence": {"value": "3", "confidence": {"state": "pre-added", "who": ["user:anne"], "prob": 1}}}}, {"classId": "premise", "part": "s1p2", "offsets": [{"start": 1003, "text": "um einen engeren Kontakt mit seinen Fans zu haben."}], "coordinates": [], "confidence": {"state": "pre-added", "who": ["user:anne"], "prob": 1}, "normalizations": {}, "fields": {"strength_premise": {"value": "3", "confidence": {"state": "pre-added", "who": ["user:anne"], "prob": 1}}, "relevance_premise": {"value": "3", "confidence": {"state": "pre-added", "who": ["user:anne"], "prob": 1}}}}, {"classId": "claim", "part": "s1p2", "offsets": [{"start": 1054, "text": "Durch die Schockfrostung der Zutaten schon w\u00e4hrend der Ernte erm\u00f6glicht es Fast&Healthy Bowl ein N\u00e4hrstoffreicheres, ges\u00fcnderes Gericht zu bieten als Restaurants und Superm\u00e4rkte."}], "coordinates": [], "confidence": {"state": "pre-added", "who": ["user:anne"], "prob": 1}, "normalizations": {}, "fields": {"evidence": {"value": "3", "confidence": {"state": "pre-added", "who": ["user:anne"], "prob": 1}}}}, {"classId": "premise", "part": "s1p2", "offsets": [{"start": 1233, "text": "Dar\u00fcber hinaus bietet das Food Subscription Modell die M\u00f6glichkeit zu jeder Zeit ein gesundes Gericht im heimischen K\u00fchlschrank zu haben. So erh\u00e4lt der Kunde die n\u00f6tige Flexibilit\u00e4t und kann das Gericht zubereiten wann und wo er will. Die zugeh\u00f6rige F&H Food Community unterst\u00fctzt ihn dabei, genau die Zutaten zu sich zu nehmen, die er f\u00fcr sein Gewichts- oder Trainingsziel ben\u00f6tigt."}], "coordinates": [], "confidence": {"state": "pre-added", "who": ["user:anne"], "prob": 1}, "normalizations": {}, "fields": {"strength_premise": {"value": "4", "confidence": {"state": "pre-added", "who": ["user:anne"], "prob": 1}}, "relevance_premise": {"value": "4", "confidence": {"state": "pre-added", "who": ["user:anne"], "prob": 1}}}}], "relations": [{"classId": "support", "type": "linked", "directed": false, "entities": ["s1p1|e_3|115,228", "s1p1|e_2|0,113"], "confidence": {"state": "pre-added", "who": ["user:anne"], "prob": 1}}, {"classId": "support", "type": "linked", "directed": false, "entities": ["s1p1|e_3|364,435", "s1p1|e_2|230,362"], "confidence": {"state": "pre-added", "who": ["user:anne"], "prob": 1}}, {"classId": "support", "type": "linked", "directed": false, "entities": ["s1p2|e_3|46,180", "s1p2|e_2|0,43"], "confidence": {"state": "pre-added", "who": ["user:anne"], "prob": 1}}, {"classId": "support", "type": "linked", "directed": false, "entities": ["s1p2|e_3|304,452", "s1p2|e_2|183,302"], "confidence": {"state": "pre-added", "who": ["user:anne"], "prob": 1}}, {"classId": "support", "type": "linked", "directed": false, "entities": ["s1p2|e_3|779,941", "s1p2|e_2|556,777"], "confidence": {"state": "pre-added", "who": ["user:anne"], "prob": 1}}, {"classId": "support", "type": "linked", "directed": false, "entities": ["s1p2|e_3|1003,1052", "s1p2|e_2|943,1001"], "confidence": {"state": "pre-added", "who": ["user:anne"], "prob": 1}}, {"classId": "support", "type": "linked", "directed": false, "entities": ["s1p2|e_3|1233,1615", "s1p2|e_2|1054,1231"], "confidence": {"state": "pre-added", "who": ["user:anne"], "prob": 1}}]}