{"annotatable": {"parts": ["s1p1", "s1p2", "s1p3", "s1p4", "s1p5", "s1p6", "s1p7", "s1p8", "s1p9"]}, "anncomplete": true, "sources": [], "strength_pitch": {"value": "4", "confidence": {"state": "pre-added", "who": ["user:anne"], "prob": 1}}, "entities": [{"classId": "claim", "part": "s1p4", "offsets": [{"start": 0, "text": "Mit dieser neuen App f\u00fchlen sie sich jederzeit unterst\u00fctzt,"}], "coordinates": [], "confidence": {"state": "pre-added", "who": ["user:anne"], "prob": 1}, "normalizations": {}, "fields": {"evidence": {"value": "4", "confidence": {"state": "pre-added", "who": ["user:anne"], "prob": 1}}}}, {"classId": "premise", "part": "s1p4", "offsets": [{"start": 60, "text": "nicht nur w\u00e4hrend sondern auch nach dem Kaufprozess. Sie m\u00fcssen nur noch zu Ihrem Smartphone greifen und alles kommt von selbst."}], "coordinates": [], "confidence": {"state": "pre-added", "who": ["user:anne"], "prob": 1}, "normalizations": {}, "fields": {"strength_premise": {"value": "3", "confidence": {"state": "pre-added", "who": ["user:anne"], "prob": 1}}, "relevance_premise": {"value": "3", "confidence": {"state": "pre-added", "who": ["user:anne"], "prob": 1}}}}, {"classId": "claim", "part": "s1p5", "offsets": [{"start": 0, "text": "Schon am Anfang erstellen wir ihnen Finanzierungsvorschl\u00e4ge und bieten alle verpflichtenden und fakultativen Versicherungen unserer Partner an."}], "coordinates": [], "confidence": {"state": "pre-added", "who": ["user:anne"], "prob": 1}, "normalizations": {}, "fields": {"evidence": {"value": "3", "confidence": {"state": "pre-added", "who": ["user:anne"], "prob": 1}}}}, {"classId": "claim", "part": "s1p6", "offsets": [{"start": 0, "text": "Diese App ist f\u00fcr alle nichtprofessionellen Immobilenk\u00e4ufer, die nicht \u00fcber das Netzwerk verf\u00fcgen,"}], "coordinates": [], "confidence": {"state": "pre-added", "who": ["user:anne"], "prob": 1}, "normalizations": {}, "fields": {"evidence": {"value": "3", "confidence": {"state": "pre-added", "who": ["user:anne"], "prob": 1}}}}, {"classId": "premise", "part": "s1p6", "offsets": [{"start": 99, "text": "welches es braucht um nach dem Objekterwerb die gew\u00fcnschte Nutzung zu erreichen."}], "coordinates": [], "confidence": {"state": "pre-added", "who": ["user:anne"], "prob": 1}, "normalizations": {}, "fields": {"strength_premise": {"value": "3", "confidence": {"state": "pre-added", "who": ["user:anne"], "prob": 1}}, "relevance_premise": {"value": "3", "confidence": {"state": "pre-added", "who": ["user:anne"], "prob": 1}}}}, {"classId": "premise", "part": "s1p6", "offsets": [{"start": 180, "text": "Wenn es sich bei dem erworbenen Objekt nicht um einen Neubau handelt, m\u00fcssen diverse Sachen an dem Objekt gemacht werden."}], "coordinates": [], "confidence": {"state": "pre-added", "who": ["user:anne"], "prob": 1}, "normalizations": {}, "fields": {"strength_premise": {"value": "3", "confidence": {"state": "pre-added", "who": ["user:anne"], "prob": 1}}, "relevance_premise": {"value": "3", "confidence": {"state": "pre-added", "who": ["user:anne"], "prob": 1}}}}, {"classId": "claim", "part": "s1p6", "offsets": [{"start": 302, "text": "Meistens handelt es sich dabei um kleinere Ausbesserungen oder Renovationsarbeiten."}], "coordinates": [], "confidence": {"state": "pre-added", "who": ["user:anne"], "prob": 1}, "normalizations": {}, "fields": {"evidence": {"value": "3", "confidence": {"state": "pre-added", "who": ["user:anne"], "prob": 1}}}}, {"classId": "claim", "part": "s1p6", "offsets": [{"start": 386, "text": "Hier setzen wir an"}], "coordinates": [], "confidence": {"state": "pre-added", "who": ["user:anne"], "prob": 1}, "normalizations": {}, "fields": {"evidence": {"value": "3", "confidence": {"state": "pre-added", "who": ["user:anne"], "prob": 1}}}}, {"classId": "premise", "part": "s1p6", "offsets": [{"start": 406, "text": "wir vermitteln nur Handwerker und Dienstleister die \u00fcber einen hervorragenden Leistungsausweis verf\u00fcgen. Alle Betriebe erhalten von den Kunden nach getaner Arbeit ein Rating"}], "coordinates": [], "confidence": {"state": "pre-added", "who": ["user:anne"], "prob": 1}, "normalizations": {}, "fields": {"strength_premise": {"value": "3", "confidence": {"state": "pre-added", "who": ["user:anne"], "prob": 1}}, "relevance_premise": {"value": "3", "confidence": {"state": "pre-added", "who": ["user:anne"], "prob": 1}}}}, {"classId": "claim", "part": "s1p6", "offsets": [{"start": 581, "text": "Als Kunde haben Sie dann die M\u00f6glichkeit nur die am besten bewerteten Handwerker zu engagieren."}], "coordinates": [], "confidence": {"state": "pre-added", "who": ["user:anne"], "prob": 1}, "normalizations": {}, "fields": {"evidence": {"value": "3", "confidence": {"state": "pre-added", "who": ["user:anne"], "prob": 1}}}}, {"classId": "premise", "part": "s1p6", "offsets": [{"start": 677, "text": "Somit werden sie als Kunde ohne Angst vor Pfusch am Bau durch den Kaufprozess gehen."}], "coordinates": [], "confidence": {"state": "pre-added", "who": ["user:anne"], "prob": 1}, "normalizations": {}, "fields": {"strength_premise": {"value": "3", "confidence": {"state": "pre-added", "who": ["user:anne"], "prob": 1}}, "relevance_premise": {"value": "3", "confidence": {"state": "pre-added", "who": ["user:anne"], "prob": 1}}}}, {"classId": "claim", "part": "s1p7", "offsets": [{"start": 0, "text": "Egal ob ihr Objekt auf Vordermann gebracht werden musste der nicht, der Umzug oder die Beschaffung von neuen Einrichtungsgegenst\u00e4nden ist ein m\u00fchseliger Prozess"}], "coordinates": [], "confidence": {"state": "pre-added", "who": ["user:anne"], "prob": 1}, "normalizations": {}, "fields": {"evidence": {"value": "4", "confidence": {"state": "pre-added", "who": ["user:anne"], "prob": 1}}}}, {"classId": "premise", "part": "s1p7", "offsets": [{"start": 162, "text": "Gerne stellen wir Ihnen auch hier die n\u00f6tigen Kontakte zur Verf\u00fcgung."}], "coordinates": [], "confidence": {"state": "pre-added", "who": ["user:anne"], "prob": 1}, "normalizations": {}, "fields": {"strength_premise": {"value": "4", "confidence": {"state": "pre-added", "who": ["user:anne"], "prob": 1}}, "relevance_premise": {"value": "4", "confidence": {"state": "pre-added", "who": ["user:anne"], "prob": 1}}}}, {"classId": "claim", "part": "s1p8", "offsets": [{"start": 0, "text": "Unser Service endet aber nicht mit der Einrichtung, wir unterst\u00fctzen sie auch danach."}], "coordinates": [], "confidence": {"state": "pre-added", "who": ["user:anne"], "prob": 1}, "normalizations": {}, "fields": {"evidence": {"value": "4", "confidence": {"state": "pre-added", "who": ["user:anne"], "prob": 1}}}}, {"classId": "premise", "part": "s1p8", "offsets": [{"start": 86, "text": "Wenn sie beispielsweise mal ein Jahr wenig Zeit haben ihr Objekt zu nutzen oder sich einen finanzielle Zustupf verdienen m\u00f6chten, k\u00f6nnen sie es mit eine Klick zur Vermietung anbieten."}], "coordinates": [], "confidence": {"state": "pre-added", "who": ["user:anne"], "prob": 1}, "normalizations": {}, "fields": {"strength_premise": {"value": "3", "confidence": {"state": "pre-added", "who": ["user:anne"], "prob": 1}}, "relevance_premise": {"value": "3", "confidence": {"state": "pre-added", "who": ["user:anne"], "prob": 1}}}}, {"classId": "claim", "part": "s1p8", "offsets": [{"start": 270, "text": "Eine Reinigung l\u00e4sst sich ebenso einfach veranlassen und sollten sie eines Tages ihr Objekt ver\u00e4ussern wollen"}], "coordinates": [], "confidence": {"state": "pre-added", "who": ["user:anne"], "prob": 1}, "normalizations": {}, "fields": {"evidence": {"value": "3", "confidence": {"state": "pre-added", "who": ["user:anne"], "prob": 1}}}}, {"classId": "premise", "part": "s1p8", "offsets": [{"start": 381, "text": "k\u00f6nnen sie uns ungeniert kontaktieren und wir bewerten Ihr Objekt, damit sie es zum bestm\u00f6glichen Preis ver\u00e4ussern k\u00f6nnen."}], "coordinates": [], "confidence": {"state": "pre-added", "who": ["user:anne"], "prob": 1}, "normalizations": {}, "fields": {"strength_premise": {"value": "3", "confidence": {"state": "pre-added", "who": ["user:anne"], "prob": 1}}, "relevance_premise": {"value": "3", "confidence": {"state": "pre-added", "who": ["user:anne"], "prob": 1}}}}], "relations": [{"classId": "support", "type": "linked", "directed": false, "entities": ["s1p4|e_3|60,187", "s1p4|e_2|0,58"], "confidence": {"state": "pre-added", "who": ["user:anne"], "prob": 1}}, {"classId": "support", "type": "linked", "directed": false, "entities": ["s1p6|e_3|99,178", "s1p6|e_2|0,97"], "confidence": {"state": "pre-added", "who": ["user:anne"], "prob": 1}}, {"classId": "support", "type": "linked", "directed": false, "entities": ["s1p6|e_2|302,384", "s1p6|e_3|180,300"], "confidence": {"state": "pre-added", "who": ["user:anne"], "prob": 1}}, {"classId": "support", "type": "linked", "directed": false, "entities": ["s1p6|e_3|406,578", "s1p6|e_2|386,403"], "confidence": {"state": "pre-added", "who": ["user:anne"], "prob": 1}}, {"classId": "support", "type": "linked", "directed": false, "entities": ["s1p6|e_3|677,760", "s1p6|e_2|581,675"], "confidence": {"state": "pre-added", "who": ["user:anne"], "prob": 1}}, {"classId": "support", "type": "linked", "directed": false, "entities": ["s1p7|e_3|162,230", "s1p7|e_2|0,159"], "confidence": {"state": "pre-added", "who": ["user:anne"], "prob": 1}}, {"classId": "support", "type": "linked", "directed": false, "entities": ["s1p8|e_3|86,268", "s1p8|e_2|0,84"], "confidence": {"state": "pre-added", "who": ["user:anne"], "prob": 1}}, {"classId": "support", "type": "linked", "directed": false, "entities": ["s1p8|e_3|381,502", "s1p8|e_2|270,378"], "confidence": {"state": "pre-added", "who": ["user:anne"], "prob": 1}}]}