{"annotatable": {"parts": ["s1p1", "s1p2", "s1p3"]}, "anncomplete": true, "sources": [], "strength_pitch": {"value": "4", "confidence": {"state": "pre-added", "who": ["user:anne"], "prob": 1}}, "entities": [{"classId": "major_claim", "part": "s1p2", "offsets": [{"start": 0, "text": "Mit Flight-Mate k\u00f6nnen sie nach einer einmaligen Eingabe Ihrer gew\u00fcnschten Buchungsdaten und Ihren Pr\u00e4ferenzen wie z.B. Airline, Sitzpl\u00e4tze, Sitzkategorie, Zeit des Fluges, maximaler Preis und den sp\u00e4testen Kauftermin Ihre Flugtickets automatisch buchen lassen und durch eine einzige Passwort/Fingerabdruck-konfirmation kaufen und Ihr Online-Check-in kurz vor Abflug machen lassen"}], "coordinates": [], "confidence": {"state": "pre-added", "who": ["user:anne"], "prob": 1}, "normalizations": {}, "fields": {"specificity": {"value": "4", "confidence": {"state": "pre-added", "who": ["user:anne"], "prob": 1}}, "evidence": {"value": "4", "confidence": {"state": "pre-added", "who": ["user:anne"], "prob": 1}}}}, {"classId": "claim", "part": "s1p2", "offsets": [{"start": 382, "text": "Die Plattform sucht Fl\u00fcge basierend auf den eingestellten Einschr\u00e4nkungen und sucht automatisch nach der g\u00fcnstigsten Version."}], "coordinates": [], "confidence": {"state": "pre-added", "who": ["user:anne"], "prob": 1}, "normalizations": {}, "fields": {"evidence": {"value": "4", "confidence": {"state": "pre-added", "who": ["user:anne"], "prob": 1}}}}, {"classId": "premise", "part": "s1p2", "offsets": [{"start": 508, "text": "Um die g\u00fcnstigsten Tickets zu erhalten, durchsucht die Plattform den Preisverlauf des ausgew\u00e4hlten Fluges, um zu berechnen, wann es am g\u00fcnstigsten ist diesen zu Kaufen"}], "coordinates": [], "confidence": {"state": "pre-added", "who": ["user:anne"], "prob": 1}, "normalizations": {}, "fields": {"strength_premise": {"value": "3", "confidence": {"state": "pre-added", "who": ["user:anne"], "prob": 1}}, "relevance_premise": {"value": "4", "confidence": {"state": "pre-added", "who": ["user:anne"], "prob": 1}}}}, {"classId": "claim", "part": "s1p2", "offsets": [{"start": 677, "text": "Wenn die g\u00fcnstigsten Kauftermine eintreffen,"}], "coordinates": [], "confidence": {"state": "pre-added", "who": ["user:anne"], "prob": 1}, "normalizations": {}, "fields": {"evidence": {"value": "4", "confidence": {"state": "pre-added", "who": ["user:anne"], "prob": 1}}}}, {"classId": "premise", "part": "s1p2", "offsets": [{"start": 722, "text": "bittet die Plattform um eine kurze Best\u00e4tigung durch eine Push-Benachrichtigung um den Flug mit den vorher angegeben Zahlungsinformationen zu kaufen"}], "coordinates": [], "confidence": {"state": "pre-added", "who": ["user:anne"], "prob": 1}, "normalizations": {}, "fields": {"strength_premise": {"value": "3", "confidence": {"state": "pre-added", "who": ["user:anne"], "prob": 1}}, "relevance_premise": {"value": "4", "confidence": {"state": "pre-added", "who": ["user:anne"], "prob": 1}}}}, {"classId": "claim", "part": "s1p3", "offsets": [{"start": 0, "text": "Mit dieser Einfachen L\u00f6sung k\u00f6nnen sie mit einer einmaligen Eingabe Ihrer gew\u00fcnschten Flugdaten Ihre Fl\u00fcge buchen lassen"}], "coordinates": [], "confidence": {"state": "pre-added", "who": ["user:anne"], "prob": 1}, "normalizations": {}, "fields": {"evidence": {"value": "4", "confidence": {"state": "pre-added", "who": ["user:anne"], "prob": 1}}}}, {"classId": "premise", "part": "s1p3", "offsets": [{"start": 121, "text": "und damit einerseits Geld sparen und andererseits keine Zeit bei der Suche verlieren."}], "coordinates": [], "confidence": {"state": "pre-added", "who": ["user:anne"], "prob": 1}, "normalizations": {}, "fields": {"strength_premise": {"value": "3", "confidence": {"state": "pre-added", "who": ["user:anne"], "prob": 1}}, "relevance_premise": {"value": "3", "confidence": {"state": "pre-added", "who": ["user:anne"], "prob": 1}}}}], "relations": [{"classId": "support", "type": "linked", "directed": false, "entities": ["s1p2|e_3|508,674", "s1p2|e_2|382,506"], "confidence": {"state": "pre-added", "who": ["user:anne"], "prob": 1}}, {"classId": "support", "type": "linked", "directed": false, "entities": ["s1p2|e_3|722,869", "s1p2|e_2|677,720"], "confidence": {"state": "pre-added", "who": ["user:anne"], "prob": 1}}, {"classId": "support", "type": "linked", "directed": false, "entities": ["s1p3|e_3|121,205", "s1p3|e_2|0,119"], "confidence": {"state": "pre-added", "who": ["user:anne"], "prob": 1}}]}