{"annotatable": {"parts": ["s1p1", "s1p2", "s1p3", "s1p4", "s1p5", "s1p6", "s1p7", "s1p8", "s1p9", "s1p10", "s1p11", "s1p12"]}, "anncomplete": true, "sources": [], "strength_pitch": {"value": "4", "confidence": {"state": "pre-added", "who": ["user:anne"], "prob": 1}}, "entities": [{"classId": "major_claim", "part": "s1p7", "offsets": [{"start": 0, "text": "\u201eMovino\u201c ist ein digitaler Innenarchitekt und erm\u00f6glicht es eine neue Wohnung individuell und stilvoll einzurichten. Und das ganz ohne herk\u00f6mmliche Probleme wie ein immenser Zeitaufwand, Kostenintransparenz oder fehlende handwerkliche Begabung."}], "coordinates": [], "confidence": {"state": "pre-added", "who": ["user:anne"], "prob": 1}, "normalizations": {}, "fields": {"specificity": {"value": "3", "confidence": {"state": "pre-added", "who": ["user:anne"], "prob": 1}}, "evidence": {"value": "4", "confidence": {"state": "pre-added", "who": ["user:anne"], "prob": 1}}}}, {"classId": "claim", "part": "s1p8", "offsets": [{"start": 0, "text": "Mit der \u201eMovino\u201c-App kann ein User, mittels einer 3D-Scan Funktion, bequem ein virtuelles Abbild seiner Immobilie anfertigen."}], "coordinates": [], "confidence": {"state": "pre-added", "who": ["user:anne"], "prob": 1}, "normalizations": {}, "fields": {"evidence": {"value": "3", "confidence": {"state": "pre-added", "who": ["user:anne"], "prob": 1}}}}, {"classId": "premise", "part": "s1p8", "offsets": [{"start": 126, "text": "Danach muss ein User nur noch die pers\u00f6nlichen Bed\u00fcrfnisse mitteilen: Welche Einrichtungsstile werden favorisiert, was soll die Einrichtung kosten und soll ein Liefer- und Aufbauservice inkludiert werden?"}], "coordinates": [], "confidence": {"state": "pre-added", "who": ["user:anne"], "prob": 1}, "normalizations": {}, "fields": {"strength_premise": {"value": "3", "confidence": {"state": "pre-added", "who": ["user:anne"], "prob": 1}}, "relevance_premise": {"value": "3", "confidence": {"state": "pre-added", "who": ["user:anne"], "prob": 1}}}}, {"classId": "claim", "part": "s1p9", "offsets": [{"start": 0, "text": "Basierend auf den r\u00e4umlichen Gegebenheiten und angegebenen Bed\u00fcrfnissen schlagen Movino-Experten und ein eigens entwickelter Algorithmus vor, welche M\u00f6belst\u00fccke zum individuellen Profil des Users passen"}], "coordinates": [], "confidence": {"state": "pre-added", "who": ["user:anne"], "prob": 1}, "normalizations": {}, "fields": {"evidence": {"value": "4", "confidence": {"state": "pre-added", "who": ["user:anne"], "prob": 1}}}}, {"classId": "premise", "part": "s1p9", "offsets": [{"start": 204, "text": "Dabei garantieren wir absolute Kostentransparenz: wir arbeiten mit hunderten von gro\u00dfen und kleinen Ausstattungsanbietern zusammen um das bestm\u00f6gliche Angebot zu erm\u00f6glichen \u2013 garantiert."}], "coordinates": [], "confidence": {"state": "pre-added", "who": ["user:anne"], "prob": 1}, "normalizations": {}, "fields": {"strength_premise": {"value": "3", "confidence": {"state": "pre-added", "who": ["user:anne"], "prob": 1}}, "relevance_premise": {"value": "4", "confidence": {"state": "pre-added", "who": ["user:anne"], "prob": 1}}}}, {"classId": "claim", "part": "s1p10", "offsets": [{"start": 0, "text": "Dem User wird vor dem Kauf in seinem kreierten 3D-Modell der eigenen vier W\u00e4nde virtuell angezeigt wo die Einrichtung am besten platziert werden k\u00f6nnte."}], "coordinates": [], "confidence": {"state": "pre-added", "who": ["user:anne"], "prob": 1}, "normalizations": {}, "fields": {"evidence": {"value": "4", "confidence": {"state": "pre-added", "who": ["user:anne"], "prob": 1}}}}, {"classId": "premise", "part": "s1p10", "offsets": [{"start": 153, "text": "Falls einem User etwas nicht gefallen sollte, werden basierend auf dem Feedback die Vorschl\u00e4ge angepasst \u2013 so findet jeder das Richtige!"}], "coordinates": [], "confidence": {"state": "pre-added", "who": ["user:anne"], "prob": 1}, "normalizations": {}, "fields": {"strength_premise": {"value": "3", "confidence": {"state": "pre-added", "who": ["user:anne"], "prob": 1}}, "relevance_premise": {"value": "4", "confidence": {"state": "pre-added", "who": ["user:anne"], "prob": 1}}}}, {"classId": "claim", "part": "s1p11", "offsets": [{"start": 0, "text": "F\u00fcr User entstehen bei der Nutzung des Dienstes keine Kosten und somit keinerlei Nachteile."}], "coordinates": [], "confidence": {"state": "pre-added", "who": ["user:anne"], "prob": 1}, "normalizations": {}, "fields": {"evidence": {"value": "3", "confidence": {"state": "pre-added", "who": ["user:anne"], "prob": 1}}}}, {"classId": "premise", "part": "s1p11", "offsets": [{"start": 92, "text": "Der Umsatz wird auf Basis einer Vermittlungsprovision von den einzelnen Einrichtungsgesch\u00e4ften erzielt."}], "coordinates": [], "confidence": {"state": "pre-added", "who": ["user:anne"], "prob": 1}, "normalizations": {}, "fields": {"strength_premise": {"value": "3", "confidence": {"state": "pre-added", "who": ["user:anne"], "prob": 1}}, "relevance_premise": {"value": "3", "confidence": {"state": "pre-added", "who": ["user:anne"], "prob": 1}}}}, {"classId": "claim", "part": "s1p11", "offsets": [{"start": 196, "text": "Kleine und gro\u00dfe Einrichtungsgesch\u00e4fte profitieren wiederum von einer gr\u00f6\u00dferen Reichweite und weniger Personalaufwand beim Verkauf von ihren Produkten."}], "coordinates": [], "confidence": {"state": "pre-added", "who": ["user:anne"], "prob": 1}, "normalizations": {}, "fields": {"evidence": {"value": "3", "confidence": {"state": "pre-added", "who": ["user:anne"], "prob": 1}}}}], "relations": [{"classId": "support", "type": "linked", "directed": false, "entities": ["s1p8|e_3|126,329", "s1p8|e_2|0,124"], "confidence": {"state": "pre-added", "who": ["user:anne"], "prob": 1}}, {"classId": "support", "type": "linked", "directed": false, "entities": ["s1p9|e_3|204,390", "s1p9|e_2|0,201"], "confidence": {"state": "pre-added", "who": ["user:anne"], "prob": 1}}, {"classId": "support", "type": "linked", "directed": false, "entities": ["s1p11|e_3|92,194", "s1p11|e_2|0,90"], "confidence": {"state": "pre-added", "who": ["user:anne"], "prob": 1}}]}