{"annotatable": {"parts": ["s1p1", "s1p2", "s1p3", "s1p4"]}, "anncomplete": true, "sources": [], "strength_pitch": {"value": "4", "confidence": {"state": "pre-added", "who": ["user:anne"], "prob": 1}}, "entities": [{"classId": "claim", "part": "s1p1", "offsets": [{"start": 0, "text": "Die Margen im Modehandel liegen jenseits der 200% bis 300%."}], "coordinates": [], "confidence": {"state": "pre-added", "who": ["user:anne"], "prob": 1}, "normalizations": {}, "fields": {"evidence": {"value": "4", "confidence": {"state": "pre-added", "who": ["user:anne"], "prob": 1}}}}, {"classId": "premise", "part": "s1p1", "offsets": [{"start": 60, "text": "Der Online Modehandel ist dabei prinzipiell am attraktivsten, wegen der geringeren Fixkosten (keine Kaufh\u00e4user). Jedoch werden im Schnitt \u00fcber 50% der bestellten Artikel wieder zur\u00fcck gesendet, was hohe Kosten verursacht."}], "coordinates": [], "confidence": {"state": "pre-added", "who": ["user:anne"], "prob": 1}, "normalizations": {}, "fields": {"strength_premise": {"value": "4", "confidence": {"state": "pre-added", "who": ["user:anne"], "prob": 1}}, "relevance_premise": {"value": "4", "confidence": {"state": "pre-added", "who": ["user:anne"], "prob": 1}}}}, {"classId": "claim", "part": "s1p1", "offsets": [{"start": 282, "text": "Die drei Hauptgr\u00fcnde hierf\u00fcr sind,"}], "coordinates": [], "confidence": {"state": "pre-added", "who": ["user:anne"], "prob": 1}, "normalizations": {}, "fields": {"evidence": {"value": "3", "confidence": {"state": "pre-added", "who": ["user:anne"], "prob": 1}}}}, {"classId": "premise", "part": "s1p1", "offsets": [{"start": 317, "text": "dass die bestellte Kleidung nicht passt, dass sie nicht gef\u00e4llt oder dass die Retour bereits fest eingeplant war (beispielsweise wurden bewusst verschiedene Gr\u00f6ssen bestellt, damit eine passt)."}], "coordinates": [], "confidence": {"state": "pre-added", "who": ["user:anne"], "prob": 1}, "normalizations": {}, "fields": {"strength_premise": {"value": "3", "confidence": {"state": "pre-added", "who": ["user:anne"], "prob": 1}}, "relevance_premise": {"value": "3", "confidence": {"state": "pre-added", "who": ["user:anne"], "prob": 1}}}}, {"classId": "major_claim", "part": "s1p2", "offsets": [{"start": 0, "text": "B.suits greift genau diese Punkte auf. Durch das Anbieten von ausschliesslich vollst\u00e4ndigen Business-Outfit Kombinationen, welche in Kooperation mit Business Mode Influencer erstellt werden, wird die Wahrscheinlichkeit, dass das Outfit nicht gef\u00e4llt, signifikant gesenkt"}], "coordinates": [], "confidence": {"state": "pre-added", "who": ["user:anne"], "prob": 1}, "normalizations": {}, "fields": {"specificity": {"value": "3", "confidence": {"state": "pre-added", "who": ["user:anne"], "prob": 1}}, "evidence": {"value": "4", "confidence": {"state": "pre-added", "who": ["user:anne"], "prob": 1}}}}, {"classId": "claim", "part": "s1p2", "offsets": [{"start": 272, "text": "Durch die Produktb\u00fcndelung zu kompletten Outfits ist der Deckungsbeitrag gross genug,"}], "coordinates": [], "confidence": {"state": "pre-added", "who": ["user:anne"], "prob": 1}, "normalizations": {}, "fields": {"evidence": {"value": "3", "confidence": {"state": "pre-added", "who": ["user:anne"], "prob": 1}}}}, {"classId": "premise", "part": "s1p2", "offsets": [{"start": 358, "text": "um die Outfits gratis auf die Masse des Kunden anzupassen (Ausmessung erfolgt via Smartphone), somit wird auch die Wahrscheinlichkeit, dass das Outfit nicht passt, drastisch gesenkt."}], "coordinates": [], "confidence": {"state": "pre-added", "who": ["user:anne"], "prob": 1}, "normalizations": {}, "fields": {"strength_premise": {"value": "3", "confidence": {"state": "pre-added", "who": ["user:anne"], "prob": 1}}, "relevance_premise": {"value": "3", "confidence": {"state": "pre-added", "who": ["user:anne"], "prob": 1}}}}, {"classId": "claim", "part": "s1p2", "offsets": [{"start": 541, "text": "Die Massanpassung von Standardkonfektionsgr\u00f6ssen ist nicht sehr aufwendig,"}], "coordinates": [], "confidence": {"state": "pre-added", "who": ["user:anne"], "prob": 1}, "normalizations": {}, "fields": {"evidence": {"value": "4", "confidence": {"state": "pre-added", "who": ["user:anne"], "prob": 1}}}}, {"classId": "premise", "part": "s1p2", "offsets": [{"start": 616, "text": "weswegen trotz des kostenlosen Service eine sehr gute Marge pro Outfit erzielt werden kann. Da nur vollst\u00e4ndige Outfits in der eigenen Gr\u00f6sse bestellt werden k\u00f6nnen, kann auch keine fixe Retour vom Kunden bereits bei Bestellung eingeplant werden."}], "coordinates": [], "confidence": {"state": "pre-added", "who": ["user:anne"], "prob": 1}, "normalizations": {}, "fields": {"strength_premise": {"value": "3", "confidence": {"state": "pre-added", "who": ["user:anne"], "prob": 1}}, "relevance_premise": {"value": "4", "confidence": {"state": "pre-added", "who": ["user:anne"], "prob": 1}}}}, {"classId": "claim", "part": "s1p3", "offsets": [{"start": 0, "text": "Sollte dennoch ein Outfit mal zur\u00fcckgeschickt werden, ist dies problemlos kostenlos m\u00f6glich,"}], "coordinates": [], "confidence": {"state": "pre-added", "who": ["user:anne"], "prob": 1}, "normalizations": {}, "fields": {"evidence": {"value": "4", "confidence": {"state": "pre-added", "who": ["user:anne"], "prob": 1}}}}, {"classId": "premise", "part": "s1p3", "offsets": [{"start": 93, "text": "da die vorgenommenen Anpassungen bis zu einem gewissen Grad r\u00fcckg\u00e4ngig gemacht werden k\u00f6nnen und der Business Case auch nicht verwertbaren Retouren ber\u00fccksichtigt."}], "coordinates": [], "confidence": {"state": "pre-added", "who": ["user:anne"], "prob": 1}, "normalizations": {}, "fields": {"strength_premise": {"value": "3", "confidence": {"state": "pre-added", "who": ["user:anne"], "prob": 1}}, "relevance_premise": {"value": "4", "confidence": {"state": "pre-added", "who": ["user:anne"], "prob": 1}}}}, {"classId": "claim", "part": "s1p3", "offsets": [{"start": 257, "text": "Zudem kann man auf diese Weise die gesamte Customer Journey aus einer Hand abbilden."}], "coordinates": [], "confidence": {"state": "pre-added", "who": ["user:anne"], "prob": 1}, "normalizations": {}, "fields": {"evidence": {"value": "3", "confidence": {"state": "pre-added", "who": ["user:anne"], "prob": 1}}}}, {"classId": "premise", "part": "s1p3", "offsets": [{"start": 342, "text": "F\u00fcr dieses Modell eigenen sich in einem ersten Schritt prim\u00e4r M\u00e4nner, da bei diesen die Massanpassung leichter f\u00e4llt (Grund hierf\u00fcr ist die Oberweite bei den Frauen) und das Shoppen von Business Mode f\u00fcr die M\u00e4nner tendenziell eher als PainPoint wahrgenommen wird, als f\u00fcr die Frauen"}], "coordinates": [], "confidence": {"state": "pre-added", "who": ["user:anne"], "prob": 1}, "normalizations": {}, "fields": {"strength_premise": {"value": "3", "confidence": {"state": "pre-added", "who": ["user:anne"], "prob": 1}}, "relevance_premise": {"value": "3", "confidence": {"state": "pre-added", "who": ["user:anne"], "prob": 1}}}}, {"classId": "claim", "part": "s1p3", "offsets": [{"start": 627, "text": "Mit B.suits hat Mann somit die M\u00f6glichkeit alle nervigen Aspekte des Business Mode Shoppings outzusourcen."}], "coordinates": [], "confidence": {"state": "pre-added", "who": ["user:anne"], "prob": 1}, "normalizations": {}, "fields": {"evidence": {"value": "4", "confidence": {"state": "pre-added", "who": ["user:anne"], "prob": 1}}}}, {"classId": "premise", "part": "s1p3", "offsets": [{"start": 734, "text": "Er muss sich nur noch f\u00fcr eines der vordefinierten und selektierten Outfits entscheiden und dieses kaufen."}], "coordinates": [], "confidence": {"state": "pre-added", "who": ["user:anne"], "prob": 1}, "normalizations": {}, "fields": {"strength_premise": {"value": "3", "confidence": {"state": "pre-added", "who": ["user:anne"], "prob": 1}}, "relevance_premise": {"value": "3", "confidence": {"state": "pre-added", "who": ["user:anne"], "prob": 1}}}}], "relations": [{"classId": "support", "type": "linked", "directed": false, "entities": ["s1p1|e_3|60,280", "s1p1|e_2|0,58"], "confidence": {"state": "pre-added", "who": ["user:anne"], "prob": 1}}, {"classId": "support", "type": "linked", "directed": false, "entities": ["s1p2|e_3|358,539", "s1p2|e_2|272,356"], "confidence": {"state": "pre-added", "who": ["user:anne"], "prob": 1}}, {"classId": "support", "type": "linked", "directed": false, "entities": ["s1p2|e_3|616,861", "s1p2|e_2|541,614"], "confidence": {"state": "pre-added", "who": ["user:anne"], "prob": 1}}, {"classId": "support", "type": "linked", "directed": false, "entities": ["s1p3|e_3|93,255", "s1p3|e_2|0,91"], "confidence": {"state": "pre-added", "who": ["user:anne"], "prob": 1}}, {"classId": "support", "type": "linked", "directed": false, "entities": ["s1p3|e_3|342,624", "s1p3|e_2|257,340"], "confidence": {"state": "pre-added", "who": ["user:anne"], "prob": 1}}, {"classId": "support", "type": "linked", "directed": false, "entities": ["s1p3|e_3|734,839", "s1p3|e_2|627,732"], "confidence": {"state": "pre-added", "who": ["user:anne"], "prob": 1}}]}