{"annotatable": {"parts": ["s1p1", "s1p2", "s1p3"]}, "anncomplete": true, "sources": [], "strength_pitch": {"value": "4", "confidence": {"state": "pre-added", "who": ["user:anne"], "prob": 1}}, "entities": [{"classId": "premise", "part": "s1p3", "offsets": [{"start": 0, "text": "Insbesondere Studenten die preisg\u00fcnstige, spontane St\u00e4dtetrips unternehmen, aber auch Gesch\u00e4ftsleute die f\u00fcr kurze Zeit in einer anderen Stadt sind, Staus vermeiden und umweltbewusst reisen m\u00f6chten,"}], "coordinates": [], "confidence": {"state": "pre-added", "who": ["user:anne"], "prob": 1}, "normalizations": {}, "fields": {"strength_premise": {"value": "4", "confidence": {"state": "pre-added", "who": ["user:anne"], "prob": 1}}, "relevance_premise": {"value": "4", "confidence": {"state": "pre-added", "who": ["user:anne"], "prob": 1}}}}, {"classId": "claim", "part": "s1p3", "offsets": [{"start": 199, "text": "w\u00fcrden von einer derartigen Plattform profitieren."}], "coordinates": [], "confidence": {"state": "pre-added", "who": ["user:anne"], "prob": 1}, "normalizations": {}, "fields": {"evidence": {"value": "4", "confidence": {"state": "pre-added", "who": ["user:anne"], "prob": 1}}}}, {"classId": "claim", "part": "s1p3", "offsets": [{"start": 250, "text": "CTMobility ist so eine App. F\u00fcr jeden City Trip in europ\u00e4ische Gro\u00dfst\u00e4dte kann ich in wenigen Klicks ein Reiseprofil erstellen:"}], "coordinates": [], "confidence": {"state": "pre-added", "who": ["user:anne"], "prob": 1}, "normalizations": {}, "fields": {"evidence": {"value": "3", "confidence": {"state": "pre-added", "who": ["user:anne"], "prob": 1}}}}, {"classId": "premise", "part": "s1p3", "offsets": [{"start": 378, "text": "Stadt: Madrid, Dauer: 3 Tage, bevorzugte Transportmittel: alle, gesch\u00e4tzte Fahrten: Tag 1 - 1, Tag 2 & 3 - unbegrenzt"}], "coordinates": [], "confidence": {"state": "pre-added", "who": ["user:anne"], "prob": 1}, "normalizations": {}, "fields": {"strength_premise": {"value": "3", "confidence": {"state": "pre-added", "who": ["user:anne"], "prob": 1}}, "relevance_premise": {"value": "4", "confidence": {"state": "pre-added", "who": ["user:anne"], "prob": 1}}}}, {"classId": "major_claim", "part": "s1p3", "offsets": [{"start": 497, "text": "Auf Basis des Reiseprofils filtert CTMobility die Tarife und besonderen Angebote der lokalen \u00d6V-Anbieter, vergleicht diese untereinander und bietet dem Nutzer eine \u00dcbersicht verschiedener Ticketoptionen inkl. Links zum direkten Ticketkauf, oder falls digital nicht m\u00f6glich kurze Anleitungen wo und wie dieser am schnellsten m\u00f6glich ist."}], "coordinates": [], "confidence": {"state": "pre-added", "who": ["user:anne"], "prob": 1}, "normalizations": {}, "fields": {"specificity": {"value": "4", "confidence": {"state": "pre-added", "who": ["user:anne"], "prob": 1}}, "evidence": {"value": "3", "confidence": {"state": "pre-added", "who": ["user:anne"], "prob": 1}}}}, {"classId": "claim", "part": "s1p3", "offsets": [{"start": 834, "text": "Die \u00d6V-Anbieter profitieren von der Plattform"}], "coordinates": [], "confidence": {"state": "pre-added", "who": ["user:anne"], "prob": 1}, "normalizations": {}, "fields": {"evidence": {"value": "4", "confidence": {"state": "pre-added", "who": ["user:anne"], "prob": 1}}}}, {"classId": "premise", "part": "s1p3", "offsets": [{"start": 880, "text": "indem Reisende auf ihre Website weitergeleitet werden, sie beim Ticketkauf deren Reisedaten erhalten und Zeit an den Automaten und Infoausk\u00fcnften gespart wird."}], "coordinates": [], "confidence": {"state": "pre-added", "who": ["user:anne"], "prob": 1}, "normalizations": {}, "fields": {"strength_premise": {"value": "3", "confidence": {"state": "pre-added", "who": ["user:anne"], "prob": 1}}, "relevance_premise": {"value": "3", "confidence": {"state": "pre-added", "who": ["user:anne"], "prob": 1}}}}], "relations": [{"classId": "support", "type": "linked", "directed": false, "entities": ["s1p3|e_2|199,248", "s1p3|e_3|0,197"], "confidence": {"state": "pre-added", "who": ["user:anne"], "prob": 1}}, {"classId": "support", "type": "linked", "directed": false, "entities": ["s1p3|e_3|378,494", "s1p3|e_2|250,376"], "confidence": {"state": "pre-added", "who": ["user:anne"], "prob": 1}}]}