{"annotatable": {"parts": ["s1p1", "s1p2", "s1p3"]}, "anncomplete": true, "sources": [], "strength_pitch": {"value": "4", "confidence": {"state": "pre-added", "who": ["user:anne"], "prob": 1}}, "entities": [{"classId": "major_claim", "part": "s1p1", "offsets": [{"start": 219, "text": "Als Nutzer der MyVoi-App verf\u00fcgen Sie \u00fcber die M\u00f6glichkeit, die zur Bew\u00e4ltigung einer Strecke ben\u00f6tigten Verkehrsmittel (z.B. Zug, Bus, Fahrrad, etc.) unabh\u00e4ngig vom Anbieter individuell zusammenzustellen und diese direkt in der App zu buchen sowie zu bezahlen."}], "coordinates": [], "confidence": {"state": "pre-added", "who": ["user:anne"], "prob": 1}, "normalizations": {}, "fields": {"specificity": {"value": "3", "confidence": {"state": "pre-added", "who": ["user:anne"], "prob": 1}}, "evidence": {"value": "4", "confidence": {"state": "pre-added", "who": ["user:anne"], "prob": 1}}}}, {"classId": "claim", "part": "s1p1", "offsets": [{"start": 481, "text": "Eine zentrale Besonderheit der MyVoi Mobilit\u00e4tsplattform besteht dabei darin, dass sie den Fokus bewusst auf das Thema Nachhaltigkeit legt und damit den Nerv der Zeit trifft."}], "coordinates": [], "confidence": {"state": "pre-added", "who": ["user:anne"], "prob": 1}, "normalizations": {}, "fields": {"evidence": {"value": "3", "confidence": {"state": "pre-added", "who": ["user:anne"], "prob": 1}}}}, {"classId": "premise", "part": "s1p1", "offsets": [{"start": 656, "text": "In der MyVoi-App stellen wir Ihnen ausf\u00fchrliche Informationen \u00fcber den CO2-Ausstoss, welcher bei der Nutzung der von Ihnen gew\u00e4hlten Verkehrsmittel anf\u00e4llt, zur Verf\u00fcgung und zeigen Ihnen durch den Vergleich mit anderen Verkehrsmitteln auf, wie Sie diesen reduzieren k\u00f6nnen."}], "coordinates": [], "confidence": {"state": "pre-added", "who": ["user:anne"], "prob": 1}, "normalizations": {}, "fields": {"strength_premise": {"value": "3", "confidence": {"state": "pre-added", "who": ["user:anne"], "prob": 1}}, "relevance_premise": {"value": "4", "confidence": {"state": "pre-added", "who": ["user:anne"], "prob": 1}}}}, {"classId": "claim", "part": "s1p1", "offsets": [{"start": 931, "text": "Mithilfe eines attraktiven Incentive-Programms m\u00f6chten wir Sie als Nutzer dar\u00fcber hinaus aktiv zu einem nachhaltigen Mobilit\u00e4tsverhalten bewegen."}], "coordinates": [], "confidence": {"state": "pre-added", "who": ["user:anne"], "prob": 1}, "normalizations": {}, "fields": {"evidence": {"value": "3", "confidence": {"state": "pre-added", "who": ["user:anne"], "prob": 1}}}}, {"classId": "claim", "part": "s1p2", "offsets": [{"start": 0, "text": "Aufgrund der grossen Beliebtheit von klimafreundlichen E-Scootern auf der First- und Last-Mile"}], "coordinates": [], "confidence": {"state": "pre-added", "who": ["user:anne"], "prob": 1}, "normalizations": {}, "fields": {"evidence": {"value": "4", "confidence": {"state": "pre-added", "who": ["user:anne"], "prob": 1}}}}, {"classId": "premise", "part": "s1p2", "offsets": [{"start": 95, "text": "bleiben wir auch als Anbieter der nachhaltigen Mobilit\u00e4tsplattform MyVoi unserem bisherigen Kerngesch\u00e4ft, dem Verleih von E-Scootern, treu."}], "coordinates": [], "confidence": {"state": "pre-added", "who": ["user:anne"], "prob": 1}, "normalizations": {}, "fields": {"strength_premise": {"value": "4", "confidence": {"state": "pre-added", "who": ["user:anne"], "prob": 1}}, "relevance_premise": {"value": "4", "confidence": {"state": "pre-added", "who": ["user:anne"], "prob": 1}}}}, {"classId": "claim", "part": "s1p2", "offsets": [{"start": 304, "text": "Zudem wollen wir die Attraktivit\u00e4t sowie die Nutzungsh\u00e4ufigkeit von E-Scootern weiter steigern,"}], "coordinates": [], "confidence": {"state": "pre-added", "who": ["user:anne"], "prob": 1}, "normalizations": {}, "fields": {"evidence": {"value": "3", "confidence": {"state": "pre-added", "who": ["user:anne"], "prob": 1}}}}, {"classId": "premise", "part": "s1p2", "offsets": [{"start": 400, "text": "indem wir neben dem Pay-Per-Use-Preismodell k\u00fcnftig zus\u00e4tzlich monatliche Pauschalpakete anbieten."}], "coordinates": [], "confidence": {"state": "pre-added", "who": ["user:anne"], "prob": 1}, "normalizations": {}, "fields": {"strength_premise": {"value": "3", "confidence": {"state": "pre-added", "who": ["user:anne"], "prob": 1}}, "relevance_premise": {"value": "3", "confidence": {"state": "pre-added", "who": ["user:anne"], "prob": 1}}}}, {"classId": "claim", "part": "s1p2", "offsets": [{"start": 499, "text": "Ein monatliches Pauschalpaket umfasst eine bestimmte Anzahl an inkludierten E-Scooter- Fahrminuten,"}], "coordinates": [], "confidence": {"state": "pre-added", "who": ["user:anne"], "prob": 1}, "normalizations": {}, "fields": {"evidence": {"value": "3", "confidence": {"state": "pre-added", "who": ["user:anne"], "prob": 1}}}}, {"classId": "premise", "part": "s1p2", "offsets": [{"start": 599, "text": "wobei der durchschnittliche Minutenpreis im Paket g\u00fcnstiger ist, als jener den man bei einer einzelnen Fahrt bezahlt. Zus\u00e4tzlich kann man mit dem Pauschalpaket von exklusiven Rabatten auf die Tickets anderer Verkehrsmittel profitieren."}], "coordinates": [], "confidence": {"state": "pre-added", "who": ["user:anne"], "prob": 1}, "normalizations": {}, "fields": {"strength_premise": {"value": "3", "confidence": {"state": "pre-added", "who": ["user:anne"], "prob": 1}}, "relevance_premise": {"value": "4", "confidence": {"state": "pre-added", "who": ["user:anne"], "prob": 1}}}}, {"classId": "claim", "part": "s1p2", "offsets": [{"start": 835, "text": "Des Weiteren werden wir das Nutzererlebnis durch eine Reihe an neuen Funktionen optimieren,"}], "coordinates": [], "confidence": {"state": "pre-added", "who": ["user:anne"], "prob": 1}, "normalizations": {}, "fields": {"evidence": {"value": "3", "confidence": {"state": "pre-added", "who": ["user:anne"], "prob": 1}}}}, {"classId": "premise", "part": "s1p2", "offsets": [{"start": 927, "text": "wie bspw. das Anzeigen von Informationen w\u00e4hrend der Fahrt."}], "coordinates": [], "confidence": {"state": "pre-added", "who": ["user:anne"], "prob": 1}, "normalizations": {}, "fields": {"strength_premise": {"value": "3", "confidence": {"state": "pre-added", "who": ["user:anne"], "prob": 1}}, "relevance_premise": {"value": "3", "confidence": {"state": "pre-added", "who": ["user:anne"], "prob": 1}}}}, {"classId": "claim", "part": "s1p3", "offsets": [{"start": 0, "text": "Mit der MyVoi-App wird es uns gelingen, unsere Hauptzielgruppen, zu denen F\u00fchrungskr\u00e4fte und Studenten z\u00e4hlen,"}], "coordinates": [], "confidence": {"state": "pre-added", "who": ["user:anne"], "prob": 1}, "normalizations": {}, "fields": {"evidence": {"value": "3", "confidence": {"state": "pre-added", "who": ["user:anne"], "prob": 1}}}}, {"classId": "premise", "part": "s1p3", "offsets": [{"start": 111, "text": "l\u00e4ngerfristig an uns zu binden sowie Daten unserer Nutzer zu erfassen, welche in ferner Zukunft erfolgsrelevant sein k\u00f6nnen."}], "coordinates": [], "confidence": {"state": "pre-added", "who": ["user:anne"], "prob": 1}, "normalizations": {}, "fields": {"strength_premise": {"value": "3", "confidence": {"state": "pre-added", "who": ["user:anne"], "prob": 1}}, "relevance_premise": {"value": "3", "confidence": {"state": "pre-added", "who": ["user:anne"], "prob": 1}}}}], "relations": [{"classId": "support", "type": "linked", "directed": false, "entities": ["s1p1|e_3|656,929", "s1p1|e_2|481,654"], "confidence": {"state": "pre-added", "who": ["user:anne"], "prob": 1}}, {"classId": "support", "type": "linked", "directed": false, "entities": ["s1p2|e_3|95,233", "s1p2|e_2|0,93"], "confidence": {"state": "pre-added", "who": ["user:anne"], "prob": 1}}, {"classId": "support", "type": "linked", "directed": false, "entities": ["s1p2|e_3|599,833", "s1p2|e_2|499,597"], "confidence": {"state": "pre-added", "who": ["user:anne"], "prob": 1}}, {"classId": "support", "type": "linked", "directed": false, "entities": ["s1p2|e_3|927,985", "s1p2|e_2|835,925"], "confidence": {"state": "pre-added", "who": ["user:anne"], "prob": 1}}, {"classId": "support", "type": "linked", "directed": false, "entities": ["s1p3|e_3|111,234", "s1p3|e_2|0,109"], "confidence": {"state": "pre-added", "who": ["user:anne"], "prob": 1}}]}