{"annotatable": {"parts": ["s1p1"]}, "anncomplete": true, "sources": [], "strength_pitch": {"value": "3", "confidence": {"state": "pre-added", "who": ["user:anne"], "prob": 1}}, "entities": [{"classId": "major_claim", "part": "s1p1", "offsets": [{"start": 275, "text": "Wir bieten kleinen Unternehmen und Gesch\u00e4ften die Vorteile des Outsourcings im digitalen Marketing an."}], "coordinates": [], "confidence": {"state": "pre-added", "who": ["user:anne"], "prob": 1}, "normalizations": {}, "fields": {"specificity": {"value": "3", "confidence": {"state": "pre-added", "who": ["user:anne"], "prob": 1}}, "evidence": {"value": "4", "confidence": {"state": "pre-added", "who": ["user:anne"], "prob": 1}}}}, {"classId": "claim", "part": "s1p1", "offsets": [{"start": 378, "text": "Zurzeit sind viele Einzelbesitzer von kleineren Gesch\u00e4ften damit \u00fcberfordert, s\u00e4mtliche gesch\u00e4ftlichen T\u00e4tigkeiten nebeneinander zu bew\u00e4ltigen."}], "coordinates": [], "confidence": {"state": "pre-added", "who": ["user:anne"], "prob": 1}, "normalizations": {}, "fields": {"evidence": {"value": "4", "confidence": {"state": "pre-added", "who": ["user:anne"], "prob": 1}}}}, {"classId": "premise", "part": "s1p1", "offsets": [{"start": 522, "text": "Auf der anderen Seite haben wir viele junge kreative Leute, welche sich tagt\u00e4glich auf sozialen Plattformen herumtreiben und selbst aktiv Inhalte teilen. Somit besitzen genau diese Leute F\u00e4higkeiten, welche von den Unternehmern gebraucht werden k\u00f6nnen um ihre Kompetenzl\u00fccken zu f\u00fcllen."}], "coordinates": [], "confidence": {"state": "pre-added", "who": ["user:anne"], "prob": 1}, "normalizations": {}, "fields": {"strength_premise": {"value": "3", "confidence": {"state": "pre-added", "who": ["user:anne"], "prob": 1}}, "relevance_premise": {"value": "4", "confidence": {"state": "pre-added", "who": ["user:anne"], "prob": 1}}}}, {"classId": "claim", "part": "s1p1", "offsets": [{"start": 809, "text": "Meist k\u00f6nnen junge Blogger mit ihren Aktivit\u00e4ten kein Geld verdienen,"}], "coordinates": [], "confidence": {"state": "pre-added", "who": ["user:anne"], "prob": 1}, "normalizations": {}, "fields": {"evidence": {"value": "4", "confidence": {"state": "pre-added", "who": ["user:anne"], "prob": 1}}}}, {"classId": "premise", "part": "s1p1", "offsets": [{"start": 879, "text": "weshalb man sie mit finanziellen Anreizen motivieren kann (Nat\u00fcrlich braucht es eine anf\u00e4ngliche Pr\u00fcfung, um die Qualit\u00e4tssicherung zu wahren)."}], "coordinates": [], "confidence": {"state": "pre-added", "who": ["user:anne"], "prob": 1}, "normalizations": {}, "fields": {"strength_premise": {"value": "4", "confidence": {"state": "pre-added", "who": ["user:anne"], "prob": 1}}, "relevance_premise": {"value": "3", "confidence": {"state": "pre-added", "who": ["user:anne"], "prob": 1}}}}, {"classId": "claim", "part": "s1p1", "offsets": [{"start": 1023, "text": "Auf unserer Plattform k\u00f6nnen nun selbst die kleinsten Unternehmen geeignete Gesch\u00e4ftspartner f\u00fcr Dienstleistungen im Bereich Design, Soziale Medien, Webseite und Programmierung finden."}], "coordinates": [], "confidence": {"state": "pre-added", "who": ["user:anne"], "prob": 1}, "normalizations": {}, "fields": {"evidence": {"value": "4", "confidence": {"state": "pre-added", "who": ["user:anne"], "prob": 1}}}}, {"classId": "premise", "part": "s1p1", "offsets": [{"start": 1208, "text": "Wir bieten den Unternehmen die M\u00f6glichkeit mittels Filterkriterien einen passenden Fit zu erzielen."}], "coordinates": [], "confidence": {"state": "pre-added", "who": ["user:anne"], "prob": 1}, "normalizations": {}, "fields": {"strength_premise": {"value": "3", "confidence": {"state": "pre-added", "who": ["user:anne"], "prob": 1}}, "relevance_premise": {"value": "4", "confidence": {"state": "pre-added", "who": ["user:anne"], "prob": 1}}}}, {"classId": "claim", "part": "s1p1", "offsets": [{"start": 1308, "text": "So k\u00f6nnen sie ohne langwieriges aneignen von F\u00e4higkeiten eine robuste L\u00f6sung f\u00fcr ihren digitalen Auftritt finden und vom grossen Potenzial sozialer Medien profitieren"}], "coordinates": [], "confidence": {"state": "pre-added", "who": ["user:anne"], "prob": 1}, "normalizations": {}, "fields": {"evidence": {"value": "4", "confidence": {"state": "pre-added", "who": ["user:anne"], "prob": 1}}}}, {"classId": "premise", "part": "s1p1", "offsets": [{"start": 1476, "text": "Ebenso profitieren die Freelancer, welche dadurch die M\u00f6glichkeit erhalten, ihr K\u00f6nnen f\u00fcr einen gr\u00f6sseren Zweck (F\u00fchren eines Firmenaccounts) einzusetzen um so finanziell erfolgreich zu sein und ihre Auslastung sowie ihr Auftragsvolumen besser steuern zu k\u00f6nnen"}], "coordinates": [], "confidence": {"state": "pre-added", "who": ["user:anne"], "prob": 1}, "normalizations": {}, "fields": {"strength_premise": {"value": "4", "confidence": {"state": "pre-added", "who": ["user:anne"], "prob": 1}}, "relevance_premise": {"value": "3", "confidence": {"state": "pre-added", "who": ["user:anne"], "prob": 1}}}}, {"classId": "claim", "part": "s1p1", "offsets": [{"start": 1740, "text": "Die Plattform generiert ihren Profit durch eine kleine Vermittlungsgeb\u00fchr die w\u00e4hrend Bezahlprozessen vom KMU an den Freelancer eingezogen wird."}], "coordinates": [], "confidence": {"state": "pre-added", "who": ["user:anne"], "prob": 1}, "normalizations": {}, "fields": {"evidence": {"value": "3", "confidence": {"state": "pre-added", "who": ["user:anne"], "prob": 1}}}}, {"classId": "premise", "part": "s1p1", "offsets": [{"start": 1885, "text": "Die Geb\u00fchr ist durch einen Prozentsatz festgelegt."}], "coordinates": [], "confidence": {"state": "pre-added", "who": ["user:anne"], "prob": 1}, "normalizations": {}, "fields": {"strength_premise": {"value": "3", "confidence": {"state": "pre-added", "who": ["user:anne"], "prob": 1}}, "relevance_premise": {"value": "3", "confidence": {"state": "pre-added", "who": ["user:anne"], "prob": 1}}}}], "relations": [{"classId": "support", "type": "linked", "directed": false, "entities": ["s1p1|e_3|522,807", "s1p1|e_2|378,520"], "confidence": {"state": "pre-added", "who": ["user:anne"], "prob": 1}}, {"classId": "support", "type": "linked", "directed": false, "entities": ["s1p1|e_3|879,1021", "s1p1|e_2|809,877"], "confidence": {"state": "pre-added", "who": ["user:anne"], "prob": 1}}, {"classId": "support", "type": "linked", "directed": false, "entities": ["s1p1|e_3|1208,1306", "s1p1|e_2|1023,1206"], "confidence": {"state": "pre-added", "who": ["user:anne"], "prob": 1}}, {"classId": "support", "type": "linked", "directed": false, "entities": ["s1p1|e_3|1476,1737", "s1p1|e_2|1308,1473"], "confidence": {"state": "pre-added", "who": ["user:anne"], "prob": 1}}, {"classId": "support", "type": "linked", "directed": false, "entities": ["s1p1|e_3|1885,1934", "s1p1|e_2|1740,1883"], "confidence": {"state": "pre-added", "who": ["user:anne"], "prob": 1}}]}