{"annotatable": {"parts": ["s1p1"]}, "anncomplete": true, "sources": [], "strength_pitch": {"value": "3", "confidence": {"state": "pre-added", "who": ["user:anne"], "prob": 1}}, "entities": [{"classId": "claim", "part": "s1p1", "offsets": [{"start": 192, "text": "Das traditionelle Fitnesscenter begleitet den Kunden w\u00e4hrend seiner Fitness Journey oftmals unzureichend,"}], "coordinates": [], "confidence": {"state": "pre-added", "who": ["user:anne"], "prob": 1}, "normalizations": {}, "fields": {"evidence": {"value": "3", "confidence": {"state": "pre-added", "who": ["user:anne"], "prob": 1}}}}, {"classId": "premise", "part": "s1p1", "offsets": [{"start": 298, "text": "wobei die eigentliche Serviceleistung haupts\u00e4chlich zu Beginn und vor der Aufnahme des Trainings in Form eines Fitnesschecks und mittels Erstellung eines Trainingsplans stattfindet."}], "coordinates": [], "confidence": {"state": "pre-added", "who": ["user:anne"], "prob": 1}, "normalizations": {}, "fields": {"strength_premise": {"value": "3", "confidence": {"state": "pre-added", "who": ["user:anne"], "prob": 1}}, "relevance_premise": {"value": "3", "confidence": {"state": "pre-added", "who": ["user:anne"], "prob": 1}}}}, {"classId": "claim", "part": "s1p1", "offsets": [{"start": 480, "text": "Dieser Kontakt findet zwischen Mitarbeiter und Kunde pers\u00f6nlich statt,"}], "coordinates": [], "confidence": {"state": "pre-added", "who": ["user:anne"], "prob": 1}, "normalizations": {}, "fields": {"evidence": {"value": "3", "confidence": {"state": "pre-added", "who": ["user:anne"], "prob": 1}}}}, {"classId": "premise", "part": "s1p1", "offsets": [{"start": 551, "text": "wobei der Trainingsplan auf Papier festgehalten wird und im weiteren Verlauf als Trackingtool dienen soll."}], "coordinates": [], "confidence": {"state": "pre-added", "who": ["user:anne"], "prob": 1}, "normalizations": {}, "fields": {"strength_premise": {"value": "3", "confidence": {"state": "pre-added", "who": ["user:anne"], "prob": 1}}, "relevance_premise": {"value": "3", "confidence": {"state": "pre-added", "who": ["user:anne"], "prob": 1}}}}, {"classId": "claim", "part": "s1p1", "offsets": [{"start": 658, "text": "Abgesehen von einem oder zwei kurzen Beratungsgespr\u00e4chen ist der Kunde \u00fcber die gesamte Vertragsdauer (meistens 1 Jahr) mehr oder weniger auf sich alleine gestellt."}], "coordinates": [], "confidence": {"state": "pre-added", "who": ["user:anne"], "prob": 1}, "normalizations": {}, "fields": {"evidence": {"value": "3", "confidence": {"state": "pre-added", "who": ["user:anne"], "prob": 1}}}}, {"classId": "premise", "part": "s1p1", "offsets": [{"start": 824, "text": "nsbesondere das Training im Fitnesscenter erfordert jedoch eine kontinuierliche \u00dcberpr\u00fcfung der Trainingsfortschritte/-ziele und eine regelm\u00e4ssige Anpassung der Trainingsaktivit\u00e4ten."}], "coordinates": [], "confidence": {"state": "pre-added", "who": ["user:anne"], "prob": 1}, "normalizations": {}, "fields": {"strength_premise": {"value": "3", "confidence": {"state": "pre-added", "who": ["user:anne"], "prob": 1}}, "relevance_premise": {"value": "3", "confidence": {"state": "pre-added", "who": ["user:anne"], "prob": 1}}}}, {"classId": "claim", "part": "s1p1", "offsets": [{"start": 1007, "text": "Vor allem f\u00fcr unerfahrene Kunden birgt dieses System verschiedene Risiken."}], "coordinates": [], "confidence": {"state": "pre-added", "who": ["user:anne"], "prob": 1}, "normalizations": {}, "fields": {"evidence": {"value": "3", "confidence": {"state": "pre-added", "who": ["user:anne"], "prob": 1}}}}, {"classId": "premise", "part": "s1p1", "offsets": [{"start": 1082, "text": "Ihnen fehlt oftmals das Fachwissen hinsichtlich Trainingsmethoden, Ger\u00e4ten und \u00dcbungsausf\u00fchrung. Dieses ist f\u00fcr die Weiterentwicklung des zu Beginn erstellten Trainingsplans und die Anpassung der Trainingsziele allerdings essenziell."}], "coordinates": [], "confidence": {"state": "pre-added", "who": ["user:anne"], "prob": 1}, "normalizations": {}, "fields": {"strength_premise": {"value": "3", "confidence": {"state": "pre-added", "who": ["user:anne"], "prob": 1}}, "relevance_premise": {"value": "4", "confidence": {"state": "pre-added", "who": ["user:anne"], "prob": 1}}}}, {"classId": "major_claim", "part": "s1p1", "offsets": [{"start": 1622, "text": "Wir von \u00abDigital Fit\u00bb haben die passende L\u00f6sung. Konkret soll eine plattformbasierte App eingef\u00fchrt werden, die den digitalen Trainingsplan, einen intelligenten Trainings- und Planungsassistent sowie eine Mitglieder-Community vereint."}], "coordinates": [], "confidence": {"state": "pre-added", "who": ["user:anne"], "prob": 1}, "normalizations": {}, "fields": {"specificity": {"value": "3", "confidence": {"state": "pre-added", "who": ["user:anne"], "prob": 1}}, "evidence": {"value": "4", "confidence": {"state": "pre-added", "who": ["user:anne"], "prob": 1}}}}, {"classId": "claim", "part": "s1p1", "offsets": [{"start": 1857, "text": "Die Zielgruppe bzw. Kunden f\u00fcr die App sind die oben beschriebenen traditionellen Fitnesscenter."}], "coordinates": [], "confidence": {"state": "pre-added", "who": ["user:anne"], "prob": 1}, "normalizations": {}, "fields": {"evidence": {"value": "4", "confidence": {"state": "pre-added", "who": ["user:anne"], "prob": 1}}}}, {"classId": "premise", "part": "s1p1", "offsets": [{"start": 1954, "text": "Ihnen soll die App mit den dahinterliegenden Funktionen gegen eine monatliche Geb\u00fchr angeboten werden."}], "coordinates": [], "confidence": {"state": "pre-added", "who": ["user:anne"], "prob": 1}, "normalizations": {}, "fields": {"strength_premise": {"value": "3", "confidence": {"state": "pre-added", "who": ["user:anne"], "prob": 1}}, "relevance_premise": {"value": "3", "confidence": {"state": "pre-added", "who": ["user:anne"], "prob": 1}}}}, {"classId": "claim", "part": "s1p1", "offsets": [{"start": 2057, "text": "Die Nutzer der App sind die zahlenden Mitglieder des Fitnesscenters."}], "coordinates": [], "confidence": {"state": "pre-added", "who": ["user:anne"], "prob": 1}, "normalizations": {}, "fields": {"evidence": {"value": "3", "confidence": {"state": "pre-added", "who": ["user:anne"], "prob": 1}}}}, {"classId": "premise", "part": "s1p1", "offsets": [{"start": 2126, "text": "Zusammen mit einem Mitarbeiter wird nach Abschluss des Fitnessabos mit jedem Kunden die App auf dem Smartphone installiert und ein entsprechendes Profil angelegt. Die App nimmt dabei die Rolle eines digitalen Assistenten w\u00e4hrend der gesamten Fitness Journey ein."}], "coordinates": [], "confidence": {"state": "pre-added", "who": ["user:anne"], "prob": 1}, "normalizations": {}, "fields": {"strength_premise": {"value": "3", "confidence": {"state": "pre-added", "who": ["user:anne"], "prob": 1}}, "relevance_premise": {"value": "3", "confidence": {"state": "pre-added", "who": ["user:anne"], "prob": 1}}}}], "relations": [{"classId": "support", "type": "linked", "directed": false, "entities": ["s1p1|e_3|298,478", "s1p1|e_2|192,296"], "confidence": {"state": "pre-added", "who": ["user:anne"], "prob": 1}}, {"classId": "support", "type": "linked", "directed": false, "entities": ["s1p1|e_3|551,656", "s1p1|e_2|480,549"], "confidence": {"state": "pre-added", "who": ["user:anne"], "prob": 1}}, {"classId": "support", "type": "linked", "directed": false, "entities": ["s1p1|e_3|824,1005", "s1p1|e_2|658,821"], "confidence": {"state": "pre-added", "who": ["user:anne"], "prob": 1}}, {"classId": "support", "type": "linked", "directed": false, "entities": ["s1p1|e_3|1082,1314", "s1p1|e_2|1007,1080"], "confidence": {"state": "pre-added", "who": ["user:anne"], "prob": 1}}, {"classId": "support", "type": "linked", "directed": false, "entities": ["s1p1|e_3|1954,2055", "s1p1|e_2|1857,1952"], "confidence": {"state": "pre-added", "who": ["user:anne"], "prob": 1}}, {"classId": "support", "type": "linked", "directed": false, "entities": ["s1p1|e_3|2126,2387", "s1p1|e_2|2057,2124"], "confidence": {"state": "pre-added", "who": ["user:anne"], "prob": 1}}]}