{"annotatable": {"parts": ["s1p1"]}, "anncomplete": true, "sources": [], "strength_pitch": {"value": "4", "confidence": {"state": "pre-added", "who": ["user:anne"], "prob": 1}}, "entities": [{"classId": "major_claim", "part": "s1p1", "offsets": [{"start": 0, "text": "What2Buy ist eine Online-Plattform f\u00fcr User, die an einem Kauf an Produkte interessiert, welche eine h\u00f6here Bereitschaft an Informationsbeschaffung ben\u00f6tigen, wie z.B. Fernseher oder Kopfh\u00f6rer."}], "coordinates": [], "confidence": {"state": "pre-added", "who": ["user:anne"], "prob": 1}, "normalizations": {}, "fields": {"specificity": {"value": "3", "confidence": {"state": "pre-added", "who": ["user:anne"], "prob": 1}}, "evidence": {"value": "3", "confidence": {"state": "pre-added", "who": ["user:anne"], "prob": 1}}}}, {"classId": "claim", "part": "s1p1", "offsets": [{"start": 194, "text": "Mit What2Buy kann die m\u00fchsame und zeitintensive Informationssuche erspart werden."}], "coordinates": [], "confidence": {"state": "pre-added", "who": ["user:anne"], "prob": 1}, "normalizations": {}, "fields": {"evidence": {"value": "4", "confidence": {"state": "pre-added", "who": ["user:anne"], "prob": 1}}}}, {"classId": "premise", "part": "s1p1", "offsets": [{"start": 276, "text": "What2Buy ist die Webseite f\u00fcr Leute die wenig Zeit haben, Sparf\u00fcchse die auf der Suche nach dem besten Angebot sind und f\u00fcr die jenigen die das beste Produkt in einer bestimmten Kategorie suchen. Man muss nicht mehr das Internet nach den ben\u00f6tigten Informationen durchst\u00f6bern und nach ihrer Zuverl\u00e4ssigkeit filtern, denn mit What2Buy findet man die wichtigsten Informationen f\u00fcr einen Produktekauf auf einer simplen und \u00fcbersichtlichen Webseite."}], "coordinates": [], "confidence": {"state": "pre-added", "who": ["user:anne"], "prob": 1}, "normalizations": {}, "fields": {"strength_premise": {"value": "4", "confidence": {"state": "pre-added", "who": ["user:anne"], "prob": 1}}, "relevance_premise": {"value": "4", "confidence": {"state": "pre-added", "who": ["user:anne"], "prob": 1}}}}, {"classId": "premise", "part": "s1p1", "offsets": [{"start": 722, "text": "Die User k\u00f6nnen die H\u00e4ndler, die Produkte und die Produkt Reviewer bewerten und ihre eigene Erfahrungsberichte zu den Produkten schreiben."}], "coordinates": [], "confidence": {"state": "pre-added", "who": ["user:anne"], "prob": 1}, "normalizations": {}, "fields": {"strength_premise": {"value": "3", "confidence": {"state": "pre-added", "who": ["user:anne"], "prob": 1}}, "relevance_premise": {"value": "4", "confidence": {"state": "pre-added", "who": ["user:anne"], "prob": 1}}}}, {"classId": "claim", "part": "s1p1", "offsets": [{"start": 861, "text": "What2Buy bietet den Usern eine \u00dcbersicht aus Produktreviews von bekannten Webseiten, Fachzeitschriften, Influencer und YouTuber an."}], "coordinates": [], "confidence": {"state": "pre-added", "who": ["user:anne"], "prob": 1}, "normalizations": {}, "fields": {"evidence": {"value": "4", "confidence": {"state": "pre-added", "who": ["user:anne"], "prob": 1}}}}, {"classId": "claim", "part": "s1p1", "offsets": [{"start": 993, "text": "What2Buy zeigt den Usern auch die Reviews von bekannten Onlineh\u00e4ndlern wie Amazon, Digitec, Galaxus, etc. Gleichzeitig sieht der User wie zuverl\u00e4ssig diese Reviews sind aufgrund der Bewertung der Reviewer und deren Reviews.."}], "coordinates": [], "confidence": {"state": "pre-added", "who": ["user:anne"], "prob": 1}, "normalizations": {}, "fields": {"evidence": {"value": "4", "confidence": {"state": "pre-added", "who": ["user:anne"], "prob": 1}}}}, {"classId": "premise", "part": "s1p1", "offsets": [{"start": 1218, "text": "Durch Userbewertungen zu den Produkten k\u00f6nnen die Reviews mit den Userbewertungen verglichen werden, welches bei der Entscheidungsfindung f\u00fcr den Produktekauf hilft."}], "coordinates": [], "confidence": {"state": "pre-added", "who": ["user:anne"], "prob": 1}, "normalizations": {}, "fields": {"strength_premise": {"value": "3", "confidence": {"state": "pre-added", "who": ["user:anne"], "prob": 1}}, "relevance_premise": {"value": "4", "confidence": {"state": "pre-added", "who": ["user:anne"], "prob": 1}}}}, {"classId": "premise", "part": "s1p1", "offsets": [{"start": 1384, "text": "Heutzutage gibt es dank E-Commerce sehr viele H\u00e4ndler, welche Produkte zu unterschiedlichen Preise zu ihren Konkurrenten anbieten"}], "coordinates": [], "confidence": {"state": "pre-added", "who": ["user:anne"], "prob": 1}, "normalizations": {}, "fields": {"strength_premise": {"value": "3", "confidence": {"state": "pre-added", "who": ["user:anne"], "prob": 1}}, "relevance_premise": {"value": "4", "confidence": {"state": "pre-added", "who": ["user:anne"], "prob": 1}}}}, {"classId": "claim", "part": "s1p1", "offsets": [{"start": 1515, "text": "What2BUy zeigt den Usern auch welche Produkte bei welchem H\u00e4ndler am g\u00fcnstigsten angeboten wird mit Ber\u00fccksichtigung der Zusatzkosten wie Lieferkosten, wie zuverl\u00e4ssig der H\u00e4ndler ist aufgrund der Bewertungen und Informationen bez\u00fcglich Lieferung, bzw. Abholung."}], "coordinates": [], "confidence": {"state": "pre-added", "who": ["user:anne"], "prob": 1}, "normalizations": {}, "fields": {"evidence": {"value": "4", "confidence": {"state": "pre-added", "who": ["user:anne"], "prob": 1}}}}, {"classId": "premise", "part": "s1p1", "offsets": [{"start": 1778, "text": "Die Preis\u00fcbersichten werden laufend aktualisiert und die Users erhalten zus\u00e4tzlich Informationen bez\u00fcglich Spezialangebote und Gutscheincodes von den H\u00e4ndlern."}], "coordinates": [], "confidence": {"state": "pre-added", "who": ["user:anne"], "prob": 1}, "normalizations": {}, "fields": {"strength_premise": {"value": "3", "confidence": {"state": "pre-added", "who": ["user:anne"], "prob": 1}}, "relevance_premise": {"value": "3", "confidence": {"state": "pre-added", "who": ["user:anne"], "prob": 1}}}}], "relations": [{"classId": "support", "type": "linked", "directed": false, "entities": ["s1p1|e_3|276,720", "s1p1|e_2|194,274"], "confidence": {"state": "pre-added", "who": ["user:anne"], "prob": 1}}, {"classId": "support", "type": "linked", "directed": false, "entities": ["s1p1|e_2|861,991", "s1p1|e_3|722,859"], "confidence": {"state": "pre-added", "who": ["user:anne"], "prob": 1}}, {"classId": "support", "type": "linked", "directed": false, "entities": ["s1p1|e_3|1218,1382", "s1p1|e_2|993,1216"], "confidence": {"state": "pre-added", "who": ["user:anne"], "prob": 1}}, {"classId": "support", "type": "linked", "directed": false, "entities": ["s1p1|e_3|1384,1512", "s1p1|e_2|1515,1776"], "confidence": {"state": "pre-added", "who": ["user:anne"], "prob": 1}}, {"classId": "support", "type": "linked", "directed": false, "entities": ["s1p1|e_3|1778,1936", "s1p1|e_2|1515,1776"], "confidence": {"state": "pre-added", "who": ["user:anne"], "prob": 1}}]}