{"annotatable": {"parts": ["s1p1", "s1p2", "s1p3", "s1p4"]}, "anncomplete": true, "sources": [], "strength_pitch": {"value": "2", "confidence": {"state": "pre-added", "who": ["user:anne"], "prob": 1}}, "entities": [{"classId": "major_claim", "part": "s1p1", "offsets": [{"start": 5, "text": "\u00abSki Clever\u00bb ist eine Sharing- und Communityplattform \u00fcber die Skisport-Artikel-Hersteller ihre Produkte und Services Kunden anbieten k\u00f6nnen."}], "coordinates": [], "confidence": {"state": "pre-added", "who": ["user:anne"], "prob": 1}, "normalizations": {}, "fields": {"specificity": {"value": "4", "confidence": {"state": "pre-added", "who": ["user:anne"], "prob": 1}}, "evidence": {"value": "4", "confidence": {"state": "pre-added", "who": ["user:anne"], "prob": 1}}}}, {"classId": "claim", "part": "s1p1", "offsets": [{"start": 147, "text": "Anstatt Ausr\u00fcstung und Skis f\u00fcr Alpin-, Touren- und Freeskiing f\u00fcr viel Geld zu kaufen, k\u00f6nnen die Kunden das Ger\u00e4t und die dazugeh\u00f6rige Ausr\u00fcstung aus einem Pool von Produkten online mieten, welches sie gerade benutzen wollen."}], "coordinates": [], "confidence": {"state": "pre-added", "who": ["user:anne"], "prob": 1}, "normalizations": {}, "fields": {"evidence": {"value": "4", "confidence": {"state": "pre-added", "who": ["user:anne"], "prob": 1}}}}, {"classId": "premise", "part": "s1p1", "offsets": [{"start": 375, "text": "Ausserdem k\u00f6nnen die Nutzer ihre sportliche Bet\u00e4tigung aufzeichnen und dadurch Pr\u00e4mienverbilligungen bei mit der Plattform kooperierenden Krankenkassen erzielen."}], "coordinates": [], "confidence": {"state": "pre-added", "who": ["user:anne"], "prob": 1}, "normalizations": {}, "fields": {"strength_premise": {"value": "3", "confidence": {"state": "pre-added", "who": ["user:anne"], "prob": 1}}, "relevance_premise": {"value": "4", "confidence": {"state": "pre-added", "who": ["user:anne"], "prob": 1}}}}, {"classId": "claim", "part": "s1p3", "offsets": [{"start": 9, "text": "Zielgruppen sind einerseits Personen, welche gerne unterschiedlichen Skisport betreiben, deren Einkommen es aber nicht erlaubt, Ausr\u00fcstungen f\u00fcr die verschiedenen Sportarten selbst zu kaufen."}], "coordinates": [], "confidence": {"state": "pre-added", "who": ["user:anne"], "prob": 1}, "normalizations": {}, "fields": {"evidence": {"value": "4", "confidence": {"state": "pre-added", "who": ["user:anne"], "prob": 1}}}}, {"classId": "premise", "part": "s1p3", "offsets": [{"start": 201, "text": "Andererseits k\u00f6nnen aber auch Familien ihren Kindern, trotz Wachstum, ohne grossen Kostenaufwand die optimale und altersgerechte Ausr\u00fcstung besorgen."}], "coordinates": [], "confidence": {"state": "pre-added", "who": ["user:anne"], "prob": 1}, "normalizations": {}, "fields": {"strength_premise": {"value": "3", "confidence": {"state": "pre-added", "who": ["user:anne"], "prob": 1}}, "relevance_premise": {"value": "4", "confidence": {"state": "pre-added", "who": ["user:anne"], "prob": 1}}}}, {"classId": "claim", "part": "s1p4", "offsets": [{"start": 6, "text": "Durch die Plattform k\u00f6nnen die Zielkunden Geld sparen"}], "coordinates": [], "confidence": {"state": "pre-added", "who": ["user:anne"], "prob": 1}, "normalizations": {}, "fields": {"evidence": {"value": "4", "confidence": {"state": "pre-added", "who": ["user:anne"], "prob": 1}}}}, {"classId": "premise", "part": "s1p4", "offsets": [{"start": 61, "text": "da sie nicht mehr alle Ausr\u00fcstungen selbst besitzen m\u00fcssen."}], "coordinates": [], "confidence": {"state": "pre-added", "who": ["user:anne"], "prob": 1}, "normalizations": {}, "fields": {"strength_premise": {"value": "3", "confidence": {"state": "pre-added", "who": ["user:anne"], "prob": 1}}, "relevance_premise": {"value": "4", "confidence": {"state": "pre-added", "who": ["user:anne"], "prob": 1}}}}, {"classId": "claim", "part": "s1p4", "offsets": [{"start": 121, "text": "Zudem findet auf der Plattform ein Community-Building statt,"}], "coordinates": [], "confidence": {"state": "pre-added", "who": ["user:anne"], "prob": 1}, "normalizations": {}, "fields": {"evidence": {"value": "3", "confidence": {"state": "pre-added", "who": ["user:anne"], "prob": 1}}}}, {"classId": "premise", "part": "s1p4", "offsets": [{"start": 182, "text": "indem sich die User \u00fcber verschieden Features von Skigebieten/Regionen austauschen, Skitouren-Routen vergleichen und auf Besonderheiten hinweisen, sowie gemeinsame Aktivit\u00e4ten planen k\u00f6nnen."}], "coordinates": [], "confidence": {"state": "pre-added", "who": ["user:anne"], "prob": 1}, "normalizations": {}, "fields": {}}], "relations": [{"classId": "support", "type": "linked", "directed": false, "entities": ["s1p1|e_3|375,535", "s1p1|e_2|147,373"], "confidence": {"state": "pre-added", "who": ["user:anne"], "prob": 1}}, {"classId": "support", "type": "linked", "directed": false, "entities": ["s1p3|e_3|201,349", "s1p3|e_2|9,199"], "confidence": {"state": "pre-added", "who": ["user:anne"], "prob": 1}}, {"classId": "support", "type": "linked", "directed": false, "entities": ["s1p4|e_3|61,119", "s1p4|e_2|6,58"], "confidence": {"state": "pre-added", "who": ["user:anne"], "prob": 1}}, {"classId": "support", "type": "linked", "directed": false, "entities": ["s1p4|e_3|182,371", "s1p4|e_2|121,180"], "confidence": {"state": "pre-added", "who": ["user:anne"], "prob": 1}}]}