{"annotatable": {"parts": ["s1p1"]}, "anncomplete": true, "sources": [], "strength_pitch": {"value": "3", "confidence": {"state": "pre-added", "who": ["user:anne"], "prob": 1}}, "entities": [{"classId": "major_claim", "part": "s1p1", "offsets": [{"start": 0, "text": "CARbo stellt ein innovatives Plattformgesch\u00e4ft dar, welches das traditionelle Vertriebsgesch\u00e4ft von Automobilen wie wir es kennen ver\u00e4ndert."}], "coordinates": [], "confidence": {"state": "pre-added", "who": ["user:anne"], "prob": 1}, "normalizations": {}, "fields": {"specificity": {"value": "3", "confidence": {"state": "pre-added", "who": ["user:anne"], "prob": 1}}, "evidence": {"value": "3", "confidence": {"state": "pre-added", "who": ["user:anne"], "prob": 1}}}}, {"classId": "claim", "part": "s1p1", "offsets": [{"start": 141, "text": "Nach einer Studie von Volvo werden in den n\u00e4chsten Jahren 50% der Autofahrer keine eigenen Autos mehr besitzen, sondern diese \u00fcber ein Abonnement System beziehen"}], "coordinates": [], "confidence": {"state": "pre-added", "who": ["user:anne"], "prob": 1}, "normalizations": {}, "fields": {"evidence": {"value": "4", "confidence": {"state": "pre-added", "who": ["user:anne"], "prob": 1}}}}, {"classId": "claim", "part": "s1p1", "offsets": [{"start": 351, "text": "CARbo bietet eine Plattform,"}], "coordinates": [], "confidence": {"state": "pre-added", "who": ["user:anne"], "prob": 1}, "normalizations": {}, "fields": {"evidence": {"value": "4", "confidence": {"state": "pre-added", "who": ["user:anne"], "prob": 1}}}}, {"classId": "premise", "part": "s1p1", "offsets": [{"start": 380, "text": "in der Nutzer einfach und auf individuelle Nutzerbed\u00fcrfnisse zugeschnitten Autos einsehen, vergleichen und aussuchen k\u00f6nnen."}], "coordinates": [], "confidence": {"state": "pre-added", "who": ["user:anne"], "prob": 1}, "normalizations": {}, "fields": {"strength_premise": {"value": "3", "confidence": {"state": "pre-added", "who": ["user:anne"], "prob": 1}}, "relevance_premise": {"value": "3", "confidence": {"state": "pre-added", "who": ["user:anne"], "prob": 1}}}}, {"classId": "claim", "part": "s1p1", "offsets": [{"start": 505, "text": "Nutzer k\u00f6nnen dann ein Auto aus einem spezialisierten Sortiment an unterschiedlichen Premium Autotypen und -marken ausw\u00e4hlen und dieses durch ein Abonnementsystem beziehen."}], "coordinates": [], "confidence": {"state": "pre-added", "who": ["user:anne"], "prob": 1}, "normalizations": {}, "fields": {"evidence": {"value": "3", "confidence": {"state": "pre-added", "who": ["user:anne"], "prob": 1}}}}, {"classId": "premise", "part": "s1p1", "offsets": [{"start": 678, "text": "Die monatliche Zahlung beinhaltet neben der Benutzung f\u00fcr das Auto auch andere Kosten, wie Kosten f\u00fcr die Zulassung, Versicherung oder Wartung \u2013 der Kunde muss lediglich die Kosten f\u00fcr den Tank \u00fcbernehmen."}], "coordinates": [], "confidence": {"state": "pre-added", "who": ["user:anne"], "prob": 1}, "normalizations": {}, "fields": {"strength_premise": {"value": "3", "confidence": {"state": "pre-added", "who": ["user:anne"], "prob": 1}}, "relevance_premise": {"value": "3", "confidence": {"state": "pre-added", "who": ["user:anne"], "prob": 1}}}}, {"classId": "claim", "part": "s1p1", "offsets": [{"start": 884, "text": "Des weiteren werden Services wie Wartungen und Reparaturen sowie Reifenwechsel von CARbo \u00fcbernommen."}], "coordinates": [], "confidence": {"state": "pre-added", "who": ["user:anne"], "prob": 1}, "normalizations": {}, "fields": {"evidence": {"value": "3", "confidence": {"state": "pre-added", "who": ["user:anne"], "prob": 1}}}}, {"classId": "premise", "part": "s1p1", "offsets": [{"start": 985, "text": "Zus\u00e4tzliche Services sind ebenso die 24h Hotline bei Problemen oder Unf\u00e4llen, sowie die M\u00f6glichkeit, Einschulungen und Probefahrten zu beziehen."}], "coordinates": [], "confidence": {"state": "pre-added", "who": ["user:anne"], "prob": 1}, "normalizations": {}, "fields": {"strength_premise": {"value": "3", "confidence": {"state": "pre-added", "who": ["user:anne"], "prob": 1}}, "relevance_premise": {"value": "4", "confidence": {"state": "pre-added", "who": ["user:anne"], "prob": 1}}}}, {"classId": "premise", "part": "s1p1", "offsets": [{"start": 1130, "text": "Mit einer Frist von nur 2 Wochen haben Kunden die M\u00f6glichkeit, Autos unkompliziert zu wechseln oder das Abo zu k\u00fcndigen."}], "coordinates": [], "confidence": {"state": "pre-added", "who": ["user:anne"], "prob": 1}, "normalizations": {}, "fields": {"strength_premise": {"value": "3", "confidence": {"state": "pre-added", "who": ["user:anne"], "prob": 1}}, "relevance_premise": {"value": "3", "confidence": {"state": "pre-added", "who": ["user:anne"], "prob": 1}}}}, {"classId": "claim", "part": "s1p1", "offsets": [{"start": 1249, "text": ". Die Hauptzielgruppe stellen besonders Personen zwischen 20 und 40 Jahren dar,"}], "coordinates": [], "confidence": {"state": "pre-added", "who": ["user:anne"], "prob": 1}, "normalizations": {}, "fields": {"evidence": {"value": "3", "confidence": {"state": "pre-added", "who": ["user:anne"], "prob": 1}}}}, {"classId": "premise", "part": "s1p1", "offsets": [{"start": 1329, "text": "welche ein mittleres bis hohes Budget besitzen. Sie zeichnen sich dadurch aus, dass sie sich ungern an Sachen binden, Flexibilit\u00e4t und Auswahlm\u00f6glichkeiten sch\u00e4tzen und einen hohen Qualit\u00e4tsanspruch haben."}], "coordinates": [], "confidence": {"state": "pre-added", "who": ["user:anne"], "prob": 1}, "normalizations": {}, "fields": {"strength_premise": {"value": "3", "confidence": {"state": "pre-added", "who": ["user:anne"], "prob": 1}}, "relevance_premise": {"value": "4", "confidence": {"state": "pre-added", "who": ["user:anne"], "prob": 1}}}}, {"classId": "claim", "part": "s1p1", "offsets": [{"start": 1535, "text": "Diese Personen sch\u00e4tzen au\u00dferdem das all-in-one Package von CARbo"}], "coordinates": [], "confidence": {"state": "pre-added", "who": ["user:anne"], "prob": 1}, "normalizations": {}, "fields": {"evidence": {"value": "3", "confidence": {"state": "pre-added", "who": ["user:anne"], "prob": 1}}}}, {"classId": "premise", "part": "s1p1", "offsets": [{"start": 1602, "text": "bei welchem gro\u00dfe Lasten von dem User, wie das Handling von Versicherungen, Zulassungen oder der reine eigent\u00fcmliche Besitz des Autos, abgenommen werden."}], "coordinates": [], "confidence": {"state": "pre-added", "who": ["user:anne"], "prob": 1}, "normalizations": {}, "fields": {"strength_premise": {"value": "3", "confidence": {"state": "pre-added", "who": ["user:anne"], "prob": 1}}, "relevance_premise": {"value": "3", "confidence": {"state": "pre-added", "who": ["user:anne"], "prob": 1}}}}, {"classId": "claim", "part": "s1p1", "offsets": [{"start": 1756, "text": "Auf der anderen Seite bietet es Autovertriebsh\u00e4ndler eine neue M\u00f6glichkeit, Geld zu verdienen. Diese k\u00f6nnen Autos auf der Plattform anbieten,"}], "coordinates": [], "confidence": {"state": "pre-added", "who": ["user:anne"], "prob": 1}, "normalizations": {}, "fields": {"evidence": {"value": "3", "confidence": {"state": "pre-added", "who": ["user:anne"], "prob": 1}}}}, {"classId": "premise", "part": "s1p1", "offsets": [{"start": 1898, "text": "um so zus\u00e4tzliche monatliche Zahlungen zu generieren und neue Kundengruppen anzusprechen. Im Hinblick auf die Monetisierung dieses Gesch\u00e4ftsmodells geht ein kleiner Teil der monatlichen Zahlung als Service Geb\u00fchr an CARbo."}], "coordinates": [], "confidence": {"state": "pre-added", "who": ["user:anne"], "prob": 1}, "normalizations": {}, "fields": {"strength_premise": {"value": "3", "confidence": {"state": "pre-added", "who": ["user:anne"], "prob": 1}}, "relevance_premise": {"value": "3", "confidence": {"state": "pre-added", "who": ["user:anne"], "prob": 1}}}}], "relations": [{"classId": "support", "type": "linked", "directed": false, "entities": ["s1p1|e_3|380,503", "s1p1|e_2|351,378"], "confidence": {"state": "pre-added", "who": ["user:anne"], "prob": 1}}, {"classId": "support", "type": "linked", "directed": false, "entities": ["s1p1|e_3|678,882", "s1p1|e_2|505,676"], "confidence": {"state": "pre-added", "who": ["user:anne"], "prob": 1}}, {"classId": "support", "type": "linked", "directed": false, "entities": ["s1p1|e_3|985,1128", "s1p1|e_2|884,983"], "confidence": {"state": "pre-added", "who": ["user:anne"], "prob": 1}}, {"classId": "support", "type": "linked", "directed": false, "entities": ["s1p1|e_3|1329,1533", "s1p1|e_2|1249,1327"], "confidence": {"state": "pre-added", "who": ["user:anne"], "prob": 1}}, {"classId": "support", "type": "linked", "directed": false, "entities": ["s1p1|e_3|1602,1754", "s1p1|e_2|1535,1599"], "confidence": {"state": "pre-added", "who": ["user:anne"], "prob": 1}}, {"classId": "support", "type": "linked", "directed": false, "entities": ["s1p1|e_3|1898,2119", "s1p1|e_2|1756,1896"], "confidence": {"state": "pre-added", "who": ["user:anne"], "prob": 1}}, {"classId": "r_7", "type": "linked", "directed": false, "entities": ["s1p1|e_3|1130,1249", "s1p1|e_3|985,1128"], "confidence": {"state": "pre-added", "who": ["user:anne"], "prob": 1}}]}