{"annotatable": {"parts": ["s1p1"]}, "anncomplete": true, "sources": [], "strength_pitch": {"value": "3", "confidence": {"state": "pre-added", "who": ["user:anne"], "prob": 1}}, "entities": [{"classId": "major_claim", "part": "s1p1", "offsets": [{"start": 0, "text": "Wir sind PartTimeJob, ich bin Joannes der Gr\u00fcnder, mit meinem Mitbegr\u00fcnder Maximilian sind wir ehemalige HSG- Studenten, wir entwickeln PartTimeJob."}], "coordinates": [], "confidence": {"state": "pre-added", "who": ["user:anne"], "prob": 1}, "normalizations": {}, "fields": {"specificity": {"value": "4", "confidence": {"state": "pre-added", "who": ["user:anne"], "prob": 1}}, "evidence": {"value": "4", "confidence": {"state": "pre-added", "who": ["user:anne"], "prob": 1}}}}, {"classId": "claim", "part": "s1p1", "offsets": [{"start": 908, "text": "Noch ist es nicht vorbei, die Plattform wechselt nach der Auswahl Ihrer Mitarbeiter zu einer Personalverwaltungssoftware,"}], "coordinates": [], "confidence": {"state": "pre-added", "who": ["user:anne"], "prob": 1}, "normalizations": {}, "fields": {"evidence": {"value": "4", "confidence": {"state": "pre-added", "who": ["user:anne"], "prob": 1}}}}, {"classId": "premise", "part": "s1p1", "offsets": [{"start": 1030, "text": "mit der du mit deine Mitarbeiter kommunizieren kannst, ihnen die relevanten Informationen \u00fcber ihre Schichten schicken und sie sogar in kleinere Teams unterteilen k\u00f6nnen, um dir die Arbeit zu erleichtern."}], "coordinates": [], "confidence": {"state": "pre-added", "who": ["user:anne"], "prob": 1}, "normalizations": {}, "fields": {"strength_premise": {"value": "3", "confidence": {"state": "pre-added", "who": ["user:anne"], "prob": 1}}, "relevance_premise": {"value": "3", "confidence": {"state": "pre-added", "who": ["user:anne"], "prob": 1}}}}, {"classId": "claim", "part": "s1p1", "offsets": [{"start": 1235, "text": "Am Ende werden auch Zahlungen und Leistungsanalysen direkt \u00fcber PartTimeJob durchgef\u00fchrt."}], "coordinates": [], "confidence": {"state": "pre-added", "who": ["user:anne"], "prob": 1}, "normalizations": {}, "fields": {"evidence": {"value": "3", "confidence": {"state": "pre-added", "who": ["user:anne"], "prob": 1}}}}, {"classId": "premise", "part": "s1p1", "offsets": [{"start": 1325, "text": "Eine L\u00f6sung f\u00fcr deine tempor\u00e4ren Bedarf von A bis Z, mit der du viel Zeit und damit Geld sparen kannst, wenn du einen komplizierten und zeitaufw\u00e4ndigen Bewerbungsprozess durchf\u00fchren."}], "coordinates": [], "confidence": {"state": "pre-added", "who": ["user:anne"], "prob": 1}, "normalizations": {}, "fields": {"strength_premise": {"value": "3", "confidence": {"state": "pre-added", "who": ["user:anne"], "prob": 1}}, "relevance_premise": {"value": "4", "confidence": {"state": "pre-added", "who": ["user:anne"], "prob": 1}}}}, {"classId": "claim", "part": "s1p1", "offsets": [{"start": 1508, "text": "Bist du eigentlich auf der Suche nach einem Teilzeitjob, um mehr Geld zu verdienen?"}], "coordinates": [], "confidence": {"state": "pre-added", "who": ["user:anne"], "prob": 1}, "normalizations": {}, "fields": {"evidence": {"value": "3", "confidence": {"state": "pre-added", "who": ["user:anne"], "prob": 1}}}}, {"classId": "premise", "part": "s1p1", "offsets": [{"start": 1592, "text": "PartTimeJob ist auch f\u00fcr dich die perfekte L\u00f6sung. Viele Unternehmen sind auf der Suche nach kurzfristigen Ersatz oder Hilfe, meldest du dich an, erz\u00e4hlst uns deine F\u00e4higkeiten und deine Verf\u00fcgbarkeit und wir werden uns mit einem Jobangebot bei dir melden."}], "coordinates": [], "confidence": {"state": "pre-added", "who": ["user:anne"], "prob": 1}, "normalizations": {}, "fields": {"strength_premise": {"value": "3", "confidence": {"state": "pre-added", "who": ["user:anne"], "prob": 1}}, "relevance_premise": {"value": "3", "confidence": {"state": "pre-added", "who": ["user:anne"], "prob": 1}}}}], "relations": [{"classId": "support", "type": "linked", "directed": false, "entities": ["s1p1|e_3|1030,1233", "s1p1|e_2|908,1028"], "confidence": {"state": "pre-added", "who": ["user:anne"], "prob": 1}}, {"classId": "support", "type": "linked", "directed": false, "entities": ["s1p1|e_3|1325,1506", "s1p1|e_2|1235,1323"], "confidence": {"state": "pre-added", "who": ["user:anne"], "prob": 1}}, {"classId": "support", "type": "linked", "directed": false, "entities": ["s1p1|e_3|1592,1847", "s1p1|e_2|1508,1590"], "confidence": {"state": "pre-added", "who": ["user:anne"], "prob": 1}}]}