{"annotatable": {"parts": ["s1p1", "s1p2", "s1p3", "s1p4"]}, "anncomplete": true, "sources": [], "strength_pitch": {"value": "4", "confidence": {"state": "pre-added", "who": ["user:anne"], "prob": 1}}, "entities": [{"classId": "major_claim", "part": "s1p1", "offsets": [{"start": 0, "text": "Der Besitz von einem Auto ist w\u00e4hrend des ganzen Produktlebenszyklus mit Kosten verbunden. Der Fahrzeughalter zahlt f\u00fcr die Anschaffung, Wartung, Parkplatzmiete, Benzin und Versicherung. Mit immer wiederkehrenden Kosten wird der Geldbeutel geschm\u00e4lert. AdVehicle sagt diesem st\u00e4ndigen Minus den Kampf an."}], "coordinates": [], "confidence": {"state": "pre-added", "who": ["user:anne"], "prob": 1}, "normalizations": {}, "fields": {"specificity": {"value": "3", "confidence": {"state": "pre-added", "who": ["user:anne"], "prob": 1}}, "evidence": {"value": "4", "confidence": {"state": "pre-added", "who": ["user:anne"], "prob": 1}}}}, {"classId": "claim", "part": "s1p2", "offsets": [{"start": 0, "text": "Die Plattform von AdVehicle erm\u00f6glicht es durch die Nutzung des eigenen Autos unkompliziert Geld zu verdienen, indem private Besitzer ihre Fahrzeuge als Werbefl\u00e4che anbieten k\u00f6nnen"}], "coordinates": [], "confidence": {"state": "pre-added", "who": ["user:anne"], "prob": 1}, "normalizations": {}, "fields": {"evidence": {"value": "3", "confidence": {"state": "pre-added", "who": ["user:anne"], "prob": 1}}}}, {"classId": "premise", "part": "s1p2", "offsets": [{"start": 182, "text": "Um von diesen attraktiven Werbeeinnahmen profitieren zu k\u00f6nnen, m\u00fcssen die Nutzer lediglich die Webseite von AdVehicle aufrufen und anschliessend Angaben zum Auto, dem beabsichtigen Werbezeitraum und der bevorzugten Werbekategorie t\u00e4tigen."}], "coordinates": [], "confidence": {"state": "pre-added", "who": ["user:anne"], "prob": 1}, "normalizations": {}, "fields": {"strength_premise": {"value": "3", "confidence": {"state": "pre-added", "who": ["user:anne"], "prob": 1}}, "relevance_premise": {"value": "3", "confidence": {"state": "pre-added", "who": ["user:anne"], "prob": 1}}}}, {"classId": "premise", "part": "s1p2", "offsets": [{"start": 422, "text": "Direkt darauffolgend erh\u00e4lt der Nutzer ein auf die Bed\u00fcrfnisse abgestimmtes Angebot. Mit der Annahme wird dem Nutzer per Post eine Autofolie mit dem Sujet des Werbetreibenden (inklusive einer benutzerfreundlichen Montage-Anleitung) zugestellt."}], "coordinates": [], "confidence": {"state": "pre-added", "who": ["user:anne"], "prob": 1}, "normalizations": {}, "fields": {"strength_premise": {"value": "3", "confidence": {"state": "pre-added", "who": ["user:anne"], "prob": 1}}, "relevance_premise": {"value": "4", "confidence": {"state": "pre-added", "who": ["user:anne"], "prob": 1}}}}, {"classId": "claim", "part": "s1p3", "offsets": [{"start": 0, "text": "Die Plattform-Struktur von AdVehicle erm\u00f6glicht eine starke Skalierbarkeit,"}], "coordinates": [], "confidence": {"state": "pre-added", "who": ["user:anne"], "prob": 1}, "normalizations": {}, "fields": {"evidence": {"value": "4", "confidence": {"state": "pre-added", "who": ["user:anne"], "prob": 1}}}}, {"classId": "premise", "part": "s1p3", "offsets": [{"start": 76, "text": "da der Serviceprozess hochgradig automatisiert abl\u00e4uft und s\u00e4mtliche Produktionsprozesse von physischen G\u00fctern modular ausgelagert werden k\u00f6nnen."}], "coordinates": [], "confidence": {"state": "pre-added", "who": ["user:anne"], "prob": 1}, "normalizations": {}, "fields": {"strength_premise": {"value": "4", "confidence": {"state": "pre-added", "who": ["user:anne"], "prob": 1}}, "relevance_premise": {"value": "3", "confidence": {"state": "pre-added", "who": ["user:anne"], "prob": 1}}}}, {"classId": "claim", "part": "s1p3", "offsets": [{"start": 222, "text": "Mit wachsendem Angebot an Werbefl\u00e4chen steigt auch die Attraktivit\u00e4t f\u00fcr Werbetreibende, da zum einen die Auswahl gr\u00f6sser wird und zum anderen sich durch B\u00fcndelungen Regionen \u00fcber einen bestimmten Zeitraum gezielt bewerben lassen."}], "coordinates": [], "confidence": {"state": "pre-added", "who": ["user:anne"], "prob": 1}, "normalizations": {}, "fields": {"evidence": {"value": "3", "confidence": {"state": "pre-added", "who": ["user:anne"], "prob": 1}}}}, {"classId": "premise", "part": "s1p3", "offsets": [{"start": 453, "text": "Davon profitieren wiederum die Fahrzeugbesitzer, welche mit h\u00f6heren Werbeeinnahmen rechnen k\u00f6nnen."}], "coordinates": [], "confidence": {"state": "pre-added", "who": ["user:anne"], "prob": 1}, "normalizations": {}, "fields": {"strength_premise": {"value": "4", "confidence": {"state": "pre-added", "who": ["user:anne"], "prob": 1}}, "relevance_premise": {"value": "3", "confidence": {"state": "pre-added", "who": ["user:anne"], "prob": 1}}}}, {"classId": "claim", "part": "s1p4", "offsets": [{"start": 0, "text": "Mit jedem Auto, welches durch die Plattform zur Werbefl\u00e4che adaptiert werden konnte, verdient AdVehicle letztlich mit,"}], "coordinates": [], "confidence": {"state": "pre-added", "who": ["user:anne"], "prob": 1}, "normalizations": {}, "fields": {"evidence": {"value": "4", "confidence": {"state": "pre-added", "who": ["user:anne"], "prob": 1}}}}, {"classId": "premise", "part": "s1p4", "offsets": [{"start": 119, "text": "indem ein Teil der Ertr\u00e4ge einbehalten wird."}], "coordinates": [], "confidence": {"state": "pre-added", "who": ["user:anne"], "prob": 1}, "normalizations": {}, "fields": {"strength_premise": {"value": "4", "confidence": {"state": "pre-added", "who": ["user:anne"], "prob": 1}}, "relevance_premise": {"value": "3", "confidence": {"state": "pre-added", "who": ["user:anne"], "prob": 1}}}}], "relations": [{"classId": "support", "type": "linked", "directed": false, "entities": ["s1p2|e_3|182,420", "s1p2|e_2|0,179"], "confidence": {"state": "pre-added", "who": ["user:anne"], "prob": 1}}, {"classId": "support", "type": "linked", "directed": false, "entities": ["s1p3|e_3|76,220", "s1p3|e_2|0,74"], "confidence": {"state": "pre-added", "who": ["user:anne"], "prob": 1}}, {"classId": "support", "type": "linked", "directed": false, "entities": ["s1p3|e_3|453,550", "s1p3|e_2|222,451"], "confidence": {"state": "pre-added", "who": ["user:anne"], "prob": 1}}, {"classId": "support", "type": "linked", "directed": false, "entities": ["s1p4|e_3|119,162", "s1p4|e_2|0,117"], "confidence": {"state": "pre-added", "who": ["user:anne"], "prob": 1}}]}