{"annotatable": {"parts": ["s1p1", "s1p2", "s1p3"]}, "anncomplete": true, "sources": [], "strength_pitch": {"value": "3", "confidence": {"state": "pre-added", "who": ["user:anne"], "prob": 1}}, "entities": [{"classId": "claim", "part": "s1p1", "offsets": [{"start": 0, "text": "Wenn ein Kunde einen unregelm\u00e4\u00dfig genutzten Wertgegenstand versichern m\u00f6chte, wird er/sie mit dem Problem konfrontiert, das herk\u00f6mmlich angebotene Versicherungen nicht im Verh\u00e4ltnis zu seiner Nutzungsh\u00e4ufigkeit/-dauer stehen."}], "coordinates": [], "confidence": {"state": "pre-added", "who": ["user:anne"], "prob": 1}, "normalizations": {}, "fields": {"evidence": {"value": "3", "confidence": {"state": "pre-added", "who": ["user:anne"], "prob": 1}}}}, {"classId": "premise", "part": "s1p1", "offsets": [{"start": 226, "text": "Dies bedeutet: Sie sind zu unflexibel, kompliziert, haben zu lange Laufzeiten und sind somit teuer und nicht auf seine/ihre Bed\u00fcrfnisse zugeschnitten."}], "coordinates": [], "confidence": {"state": "pre-added", "who": ["user:anne"], "prob": 1}, "normalizations": {}, "fields": {"strength_premise": {"value": "3", "confidence": {"state": "pre-added", "who": ["user:anne"], "prob": 1}}, "relevance_premise": {"value": "3", "confidence": {"state": "pre-added", "who": ["user:anne"], "prob": 1}}}}, {"classId": "claim", "part": "s1p1", "offsets": [{"start": 377, "text": "Der Kundenkreis erstreckt sich von B2B Kunden wie Ausstellern auf Messen (und Fotografen) zu B2C Kunden wie Sportler mit teurem Equipment (z.B. Ski oder Velo), Reisenden f\u00fcr Laptops o.\u00e4., Kunden, die Schmuck oder Uhren versichern wollen."}], "coordinates": [], "confidence": {"state": "pre-added", "who": ["user:anne"], "prob": 1}, "normalizations": {}, "fields": {"evidence": {"value": "3", "confidence": {"state": "pre-added", "who": ["user:anne"], "prob": 1}}}}, {"classId": "premise", "part": "s1p1", "offsets": [{"start": 615, "text": "Dieses Problem wird durch unser Produkt gel\u00f6st: On click und ohne Selbsterhalt kann der Kunde sich genau f\u00fcr den Zeitraum versichern f\u00fcr den er/sie die Versicherung brauchst."}], "coordinates": [], "confidence": {"state": "pre-added", "who": ["user:anne"], "prob": 1}, "normalizations": {}, "fields": {"strength_premise": {"value": "3", "confidence": {"state": "pre-added", "who": ["user:anne"], "prob": 1}}, "relevance_premise": {"value": "3", "confidence": {"state": "pre-added", "who": ["user:anne"], "prob": 1}}}}, {"classId": "claim", "part": "s1p1", "offsets": [{"start": 790, "text": "Damit ist man durch ein pay-per-use Modell bedarfsorientiert, g\u00fcnstig, flexibel, unkompliziert, und ungebunden versichert."}], "coordinates": [], "confidence": {"state": "pre-added", "who": ["user:anne"], "prob": 1}, "normalizations": {}, "fields": {"evidence": {"value": "4", "confidence": {"state": "pre-added", "who": ["user:anne"], "prob": 1}}}}, {"classId": "premise", "part": "s1p1", "offsets": [{"start": 913, "text": "M\u00f6gliche Risiken wie Versicherungsbetrug wird dabei durch eine interne Betrugssoftware adressiert."}], "coordinates": [], "confidence": {"state": "pre-added", "who": ["user:anne"], "prob": 1}, "normalizations": {}, "fields": {"strength_premise": {"value": "3", "confidence": {"state": "pre-added", "who": ["user:anne"], "prob": 1}}, "relevance_premise": {"value": "4", "confidence": {"state": "pre-added", "who": ["user:anne"], "prob": 1}}}}, {"classId": "claim", "part": "s1p2", "offsets": [{"start": 0, "text": "Neben der versicherten Kunden profitieren auch die Hersteller- und Anbieter von dem versicherten Produkt."}], "coordinates": [], "confidence": {"state": "pre-added", "who": ["user:anne"], "prob": 1}, "normalizations": {}, "fields": {"evidence": {"value": "3", "confidence": {"state": "pre-added", "who": ["user:anne"], "prob": 1}}}}, {"classId": "premise", "part": "s1p2", "offsets": [{"start": 106, "text": "Unser Unternehmen bietet nicht nur selbst Versicherungen sondern auch eine White Label L\u00f6sung f\u00fcr die Hersteller- und Anbieter an. So k\u00f6nnen sie das Versicherungsprodukt unter ihrer Marke vertreiben und eine weitere Dienstleistung anbieten, die auf ihr Produkt zugeschnitten ist"}], "coordinates": [], "confidence": {"state": "pre-added", "who": ["user:anne"], "prob": 1}, "normalizations": {}, "fields": {"strength_premise": {"value": "3", "confidence": {"state": "pre-added", "who": ["user:anne"], "prob": 1}}, "relevance_premise": {"value": "4", "confidence": {"state": "pre-added", "who": ["user:anne"], "prob": 1}}}}, {"classId": "claim", "part": "s1p2", "offsets": [{"start": 386, "text": "Beispielsweise ein Kamerahersteller oder \u2013Vertreiber neben seinem Produkt Fotokamera und Equipment auch eine flexible Versicherung anbieten,"}], "coordinates": [], "confidence": {"state": "pre-added", "who": ["user:anne"], "prob": 1}, "normalizations": {}, "fields": {"evidence": {"value": "3", "confidence": {"state": "pre-added", "who": ["user:anne"], "prob": 1}}}}, {"classId": "premise", "part": "s1p2", "offsets": [{"start": 527, "text": "welche sich von Wettbewerbern mit Versicherungsprodukten mit langen Vertragslaufzeiten ohne flexible L\u00f6sungen abheben."}], "coordinates": [], "confidence": {"state": "pre-added", "who": ["user:anne"], "prob": 1}, "normalizations": {}, "fields": {"strength_premise": {"value": "3", "confidence": {"state": "pre-added", "who": ["user:anne"], "prob": 1}}, "relevance_premise": {"value": "3", "confidence": {"state": "pre-added", "who": ["user:anne"], "prob": 1}}}}, {"classId": "claim", "part": "s1p3", "offsets": [{"start": 0, "text": "Auf diese Weise adressiert unser Produkt nicht nur ein relevantes Problem der Kunden und erweitert das Produktportfolio von anderen versicherungsfernen Unternehmen,"}], "coordinates": [], "confidence": {"state": "pre-added", "who": ["user:anne"], "prob": 1}, "normalizations": {}, "fields": {"evidence": {"value": "3", "confidence": {"state": "pre-added", "who": ["user:anne"], "prob": 1}}}}, {"classId": "premise", "part": "s1p3", "offsets": [{"start": 165, "text": "sondern monetarisiert dies auch \u00fcber Direktverkauf und White Label L\u00f6sungen."}], "coordinates": [], "confidence": {"state": "pre-added", "who": ["user:anne"], "prob": 1}, "normalizations": {}, "fields": {"strength_premise": {"value": "3", "confidence": {"state": "pre-added", "who": ["user:anne"], "prob": 1}}, "relevance_premise": {"value": "3", "confidence": {"state": "pre-added", "who": ["user:anne"], "prob": 1}}}}], "relations": [{"classId": "support", "type": "linked", "directed": false, "entities": ["s1p1|e_3|226,375", "s1p1|e_2|0,224"], "confidence": {"state": "pre-added", "who": ["user:anne"], "prob": 1}}, {"classId": "support", "type": "linked", "directed": false, "entities": ["s1p1|e_3|615,788", "s1p1|e_2|377,613"], "confidence": {"state": "pre-added", "who": ["user:anne"], "prob": 1}}, {"classId": "support", "type": "linked", "directed": false, "entities": ["s1p1|e_3|913,1010", "s1p1|e_2|790,911"], "confidence": {"state": "pre-added", "who": ["user:anne"], "prob": 1}}, {"classId": "support", "type": "linked", "directed": false, "entities": ["s1p2|e_3|106,383", "s1p2|e_2|0,104"], "confidence": {"state": "pre-added", "who": ["user:anne"], "prob": 1}}, {"classId": "support", "type": "linked", "directed": false, "entities": ["s1p2|e_3|527,644", "s1p2|e_2|386,525"], "confidence": {"state": "pre-added", "who": ["user:anne"], "prob": 1}}, {"classId": "support", "type": "linked", "directed": false, "entities": ["s1p3|e_3|165,240", "s1p3|e_2|0,163"], "confidence": {"state": "pre-added", "who": ["user:anne"], "prob": 1}}]}