{"annotatable": {"parts": ["s1p1", "s1p2"]}, "anncomplete": true, "sources": [], "strength_pitch": {"value": "4", "confidence": {"state": "pre-added", "who": ["user:anne"], "prob": 1}}, "entities": [{"classId": "major_claim", "part": "s1p1", "offsets": [{"start": 124, "text": "Wir erm\u00f6glichen es unkompliziert und schnell bei einer Auswahl von Hunderten von Skischuhen verschiedener Hersteller die Richtigen zu finden. Unkompliziert kann man sich auf der Plattform registrieren und Fotos der F\u00fcsse aus verschiedenen Blickwinkeln aufnehmen, die anschliessend hochgeladen werden."}], "coordinates": [], "confidence": {"state": "pre-added", "who": ["user:anne"], "prob": 1}, "normalizations": {}, "fields": {"specificity": {"value": "4", "confidence": {"state": "pre-added", "who": ["user:anne"], "prob": 1}}, "evidence": {"value": "4", "confidence": {"state": "pre-added", "who": ["user:anne"], "prob": 1}}}}, {"classId": "claim", "part": "s1p1", "offsets": [{"start": 425, "text": "Mithilfe eines Algorithmus werden die F\u00fcsse modelliert und eine Auswahl von passenden Skischuhen wird erstellt."}], "coordinates": [], "confidence": {"state": "pre-added", "who": ["user:anne"], "prob": 1}, "normalizations": {}, "fields": {"evidence": {"value": "4", "confidence": {"state": "pre-added", "who": ["user:anne"], "prob": 1}}}}, {"classId": "premise", "part": "s1p1", "offsets": [{"start": 537, "text": "Im Online Chat mit einem unserer kompetenten Berater wird auf individuelle W\u00fcnsche eingegangen, wie beispielsweise Fahrstil und K\u00f6nnen, und die Auswahl wird verfeinert."}], "coordinates": [], "confidence": {"state": "pre-added", "who": ["user:anne"], "prob": 1}, "normalizations": {}, "fields": {"strength_premise": {"value": "4", "confidence": {"state": "pre-added", "who": ["user:anne"], "prob": 1}}, "relevance_premise": {"value": "4", "confidence": {"state": "pre-added", "who": ["user:anne"], "prob": 1}}}}, {"classId": "claim", "part": "s1p1", "offsets": [{"start": 706, "text": "Damit nicht wertvolle Zeit verloren geht, wird die Auswahl an Skischuhen bequem nach Hause geliefert."}], "coordinates": [], "confidence": {"state": "pre-added", "who": ["user:anne"], "prob": 1}, "normalizations": {}, "fields": {"evidence": {"value": "4", "confidence": {"state": "pre-added", "who": ["user:anne"], "prob": 1}}}}, {"classId": "premise", "part": "s1p1", "offsets": [{"start": 808, "text": "Die verschiedenen Skischuhe k\u00f6nnen nun anprobiert werden und falls erw\u00fcnscht, kann nochmals mit einem unserer Berater gechattet werden. Hat man sich f\u00fcr ein Paar Skischuhe entschieden, k\u00f6nnen die anderen Skischuhe kostenlos an uns zur\u00fcckgesandt werden"}], "coordinates": [], "confidence": {"state": "pre-added", "who": ["user:anne"], "prob": 1}, "normalizations": {}, "fields": {"strength_premise": {"value": "4", "confidence": {"state": "pre-added", "who": ["user:anne"], "prob": 1}}, "relevance_premise": {"value": "4", "confidence": {"state": "pre-added", "who": ["user:anne"], "prob": 1}}}}, {"classId": "claim", "part": "s1p1", "offsets": [{"start": 1061, "text": "Bei der Planung der kommenden Skitage unterst\u00fctzen wir unsere Kunden mit Informationen \u00fcber ihre Skiorte und das Wetter"}], "coordinates": [], "confidence": {"state": "pre-added", "who": ["user:anne"], "prob": 1}, "normalizations": {}, "fields": {"evidence": {"value": "4", "confidence": {"state": "pre-added", "who": ["user:anne"], "prob": 1}}}}, {"classId": "premise", "part": "s1p1", "offsets": [{"start": 1182, "text": "sowie verf\u00fcgbare Services von uns vor Ort auf unserer Plattform."}], "coordinates": [], "confidence": {"state": "pre-added", "who": ["user:anne"], "prob": 1}, "normalizations": {}, "fields": {"strength_premise": {"value": "3", "confidence": {"state": "pre-added", "who": ["user:anne"], "prob": 1}}, "relevance_premise": {"value": "3", "confidence": {"state": "pre-added", "who": ["user:anne"], "prob": 1}}}}, {"classId": "claim", "part": "s1p1", "offsets": [{"start": 1247, "text": "Die Services k\u00f6nnen sowohl vorab \u00fcber unsere Plattform gebucht werden oder spontan in Anspruch genommen werden."}], "coordinates": [], "confidence": {"state": "pre-added", "who": ["user:anne"], "prob": 1}, "normalizations": {}, "fields": {"evidence": {"value": "4", "confidence": {"state": "pre-added", "who": ["user:anne"], "prob": 1}}}}, {"classId": "premise", "part": "s1p1", "offsets": [{"start": 1359, "text": "Zudem besteht die Option online auf unserer Plattform mit anderen K\u00e4ufern Kontakt aufzunehmen und sich \u00fcber Tipps und Tricks auszutauschen."}], "coordinates": [], "confidence": {"state": "pre-added", "who": ["user:anne"], "prob": 1}, "normalizations": {}, "fields": {"strength_premise": {"value": "3", "confidence": {"state": "pre-added", "who": ["user:anne"], "prob": 1}}, "relevance_premise": {"value": "3", "confidence": {"state": "pre-added", "who": ["user:anne"], "prob": 1}}}}], "relations": [{"classId": "support", "type": "linked", "directed": false, "entities": ["s1p1|e_3|537,704", "s1p1|e_2|425,535"], "confidence": {"state": "pre-added", "who": ["user:anne"], "prob": 1}}, {"classId": "support", "type": "linked", "directed": false, "entities": ["s1p1|e_3|808,1058", "s1p1|e_2|706,806"], "confidence": {"state": "pre-added", "who": ["user:anne"], "prob": 1}}, {"classId": "support", "type": "linked", "directed": false, "entities": ["s1p1|e_3|1182,1245", "s1p1|e_2|1061,1179"], "confidence": {"state": "pre-added", "who": ["user:anne"], "prob": 1}}, {"classId": "support", "type": "linked", "directed": false, "entities": ["s1p1|e_3|1359,1497", "s1p1|e_2|1247,1357"], "confidence": {"state": "pre-added", "who": ["user:anne"], "prob": 1}}]}