{"annotatable": {"parts": ["s1p1"]}, "anncomplete": true, "sources": [], "strength_pitch": {"value": "3", "confidence": {"state": "pre-added", "who": ["user:anne"], "prob": 1}}, "entities": [{"classId": "claim", "part": "s1p1", "offsets": [{"start": 107, "text": "Die Suche nach geeigneten Handwerkern ist aber zeitaufw\u00e4ndig und m\u00fchsam."}], "coordinates": [], "confidence": {"state": "pre-added", "who": ["user:anne"], "prob": 1}, "normalizations": {}, "fields": {"evidence": {"value": "4", "confidence": {"state": "pre-added", "who": ["user:anne"], "prob": 1}}}}, {"classId": "premise", "part": "s1p1", "offsets": [{"start": 180, "text": "Ausserdem gestaltet sich der Auswahlprozess schwierig, da keine Vergleichsm\u00f6glichkeiten oder Bewertungsmassst\u00e4be vorhanden sind. Auch die Handwerkerbetriebe sind online nur schwierig ausfindig zu machen und abh\u00e4ngig vom Word-of-Mouth oder hohen Kosten f\u00fcr Google Keywords."}], "coordinates": [], "confidence": {"state": "pre-added", "who": ["user:anne"], "prob": 1}, "normalizations": {}, "fields": {"strength_premise": {"value": "3", "confidence": {"state": "pre-added", "who": ["user:anne"], "prob": 1}}, "relevance_premise": {"value": "4", "confidence": {"state": "pre-added", "who": ["user:anne"], "prob": 1}}}}, {"classId": "major_claim", "part": "s1p1", "offsets": [{"start": 496, "text": "Eine Plattform, die Privatpersonen mit Handwerkerbetrieben zusammenbringt und den Matching-Prozess vereinfacht."}], "coordinates": [], "confidence": {"state": "pre-added", "who": ["user:anne"], "prob": 1}, "normalizations": {}, "fields": {"specificity": {"value": "4", "confidence": {"state": "pre-added", "who": ["user:anne"], "prob": 1}}, "evidence": {"value": "4", "confidence": {"state": "pre-added", "who": ["user:anne"], "prob": 1}}}}, {"classId": "claim", "part": "s1p1", "offsets": [{"start": 608, "text": "Durch die Filter-, Vergleichs- und Bewertungsm\u00f6glichkeiten k\u00f6nnen Privatpersonen zielgerichtete Offertenanfragen stellen und sich besser f\u00fcr einen Anbieter entscheiden."}], "coordinates": [], "confidence": {"state": "pre-added", "who": ["user:anne"], "prob": 1}, "normalizations": {}, "fields": {"evidence": {"value": "4", "confidence": {"state": "pre-added", "who": ["user:anne"], "prob": 1}}}}, {"classId": "premise", "part": "s1p1", "offsets": [{"start": 777, "text": "Ausserdem erm\u00f6glicht es die Plattform vorg\u00e4ngig das Problem anhand von Auswahlm\u00f6glichkeiten und dem Foto- oder Videoupload genauer zu schildern."}], "coordinates": [], "confidence": {"state": "pre-added", "who": ["user:anne"], "prob": 1}, "normalizations": {}, "fields": {"strength_premise": {"value": "3", "confidence": {"state": "pre-added", "who": ["user:anne"], "prob": 1}}, "relevance_premise": {"value": "3", "confidence": {"state": "pre-added", "who": ["user:anne"], "prob": 1}}}}, {"classId": "claim", "part": "s1p1", "offsets": [{"start": 922, "text": "F\u00fcr Privatpersonen ist der Service kostenlos, die Handwerkerbetriebe bezahlen eine j\u00e4hrliche Geb\u00fchr (Subscription)."}], "coordinates": [], "confidence": {"state": "pre-added", "who": ["user:anne"], "prob": 1}, "normalizations": {}, "fields": {"evidence": {"value": "4", "confidence": {"state": "pre-added", "who": ["user:anne"], "prob": 1}}}}, {"classId": "premise", "part": "s1p1", "offsets": [{"start": 1038, "text": "Ausserdem kann zus\u00e4tzlich Werbung auf der Seite geschalten werden."}], "coordinates": [], "confidence": {"state": "pre-added", "who": ["user:anne"], "prob": 1}, "normalizations": {}, "fields": {"strength_premise": {"value": "3", "confidence": {"state": "pre-added", "who": ["user:anne"], "prob": 1}}, "relevance_premise": {"value": "3", "confidence": {"state": "pre-added", "who": ["user:anne"], "prob": 1}}}}], "relations": [{"classId": "support", "type": "linked", "directed": false, "entities": ["s1p1|e_3|180,451", "s1p1|e_2|107,178"], "confidence": {"state": "pre-added", "who": ["user:anne"], "prob": 1}}, {"classId": "support", "type": "linked", "directed": false, "entities": ["s1p1|e_3|777,920", "s1p1|e_2|608,775"], "confidence": {"state": "pre-added", "who": ["user:anne"], "prob": 1}}, {"classId": "support", "type": "linked", "directed": false, "entities": ["s1p1|e_3|1038,1103", "s1p1|e_2|922,1036"], "confidence": {"state": "pre-added", "who": ["user:anne"], "prob": 1}}]}