{"annotatable": {"parts": ["s1p1", "s1p2"]}, "anncomplete": true, "sources": [], "strength_pitch": {"value": "4", "confidence": {"state": "pre-added", "who": ["user:anne"], "prob": 1}}, "entities": [{"classId": "major_claim", "part": "s1p1", "offsets": [{"start": 0, "text": "myTranscript revolutioniert Audiotranskription f\u00fcr Forscher, Juristen, \u00c4rzte und dutzende andere Berufsgattungen."}], "coordinates": [], "confidence": {"state": "pre-added", "who": ["user:anne"], "prob": 1}, "normalizations": {}, "fields": {"specificity": {"value": "3", "confidence": {"state": "pre-added", "who": ["user:anne"], "prob": 1}}, "evidence": {"value": "3", "confidence": {"state": "pre-added", "who": ["user:anne"], "prob": 1}}}}, {"classId": "claim", "part": "s1p1", "offsets": [{"start": 114, "text": "Qualitative Interviews, Kundenkonsultationen und Patientengespr\u00e4che werden via der myTranscript App \u00fcber das Smartphone aufgezeichnet und anschliessend automatisch von Mensch und Maschine mittels Artificial Intelligence (AI) und Crowdsourcing transkribiert."}], "coordinates": [], "confidence": {"state": "pre-added", "who": ["user:anne"], "prob": 1}, "normalizations": {}, "fields": {"evidence": {"value": "4", "confidence": {"state": "pre-added", "who": ["user:anne"], "prob": 1}}}}, {"classId": "claim", "part": "s1p1", "offsets": [{"start": 372, "text": "Aus technischer Perspektive wird auf sogenannte Speech-to-text Algorithmen zur\u00fcckgegriffen,"}], "coordinates": [], "confidence": {"state": "pre-added", "who": ["user:anne"], "prob": 1}, "normalizations": {}, "fields": {"evidence": {"value": "3", "confidence": {"state": "pre-added", "who": ["user:anne"], "prob": 1}}}}, {"classId": "premise", "part": "s1p1", "offsets": [{"start": 464, "text": "welche mittels maschinellem Lernen und dem Einsatz von neuronalen Netzwerken Phoneme, Wortbruchst\u00fccke, W\u00f6rter, Teils\u00e4tze, S\u00e4tze und Ausdr\u00fccke analysiert und transkribiert."}], "coordinates": [], "confidence": {"state": "pre-added", "who": ["user:anne"], "prob": 1}, "normalizations": {}, "fields": {"strength_premise": {"value": "3", "confidence": {"state": "pre-added", "who": ["user:anne"], "prob": 1}}, "relevance_premise": {"value": "4", "confidence": {"state": "pre-added", "who": ["user:anne"], "prob": 1}}}}, {"classId": "claim", "part": "s1p1", "offsets": [{"start": 636, "text": "Der Einsatz von Crowdsourcing erm\u00f6glicht die Exaktheit der Transkription auf einen Wert von beinahe 100% zu steigern"}], "coordinates": [], "confidence": {"state": "pre-added", "who": ["user:anne"], "prob": 1}, "normalizations": {}, "fields": {"evidence": {"value": "4", "confidence": {"state": "pre-added", "who": ["user:anne"], "prob": 1}}}}, {"classId": "premise", "part": "s1p1", "offsets": [{"start": 755, "text": "insbesondere wird auf eine Task-basierte Crowdsourcing-Dienstleistungen wie beispielsweise Amazon Mechanical Turk zur\u00fcckgegriffen."}], "coordinates": [], "confidence": {"state": "pre-added", "who": ["user:anne"], "prob": 1}, "normalizations": {}, "fields": {"strength_premise": {"value": "3", "confidence": {"state": "pre-added", "who": ["user:anne"], "prob": 1}}, "relevance_premise": {"value": "3", "confidence": {"state": "pre-added", "who": ["user:anne"], "prob": 1}}}}, {"classId": "claim", "part": "s1p1", "offsets": [{"start": 886, "text": "Bereits wenige Minuten nach Beenden der Aufnahme ist die Transkription in der Mobile- und Web-App einsehbar und kann wahlweise als formatiertes und druckbereites Word-Dokument an eine E-Mail-Adresse gesendet werden oder heruntergeladen werden."}], "coordinates": [], "confidence": {"state": "pre-added", "who": ["user:anne"], "prob": 1}, "normalizations": {}, "fields": {"evidence": {"value": "4", "confidence": {"state": "pre-added", "who": ["user:anne"], "prob": 1}}}}, {"classId": "premise", "part": "s1p1", "offsets": [{"start": 1130, "text": "S\u00e4mtliche Dokumente und Audioaufzeichnungen in der myTranscript Cloud sind Compliance- und Datenschutz-konform und vollkommen vertraulich"}], "coordinates": [], "confidence": {"state": "pre-added", "who": ["user:anne"], "prob": 1}, "normalizations": {}, "fields": {"strength_premise": {"value": "3", "confidence": {"state": "pre-added", "who": ["user:anne"], "prob": 1}}, "relevance_premise": {"value": "3", "confidence": {"state": "pre-added", "who": ["user:anne"], "prob": 1}}}}, {"classId": "claim", "part": "s1p1", "offsets": [{"start": 1269, "text": "Mittels einem Freemium- Modell k\u00f6nnen User mit verschiedenen Anspr\u00fcchen an Exaktheit der Transkription (90% bzw. 95% bzw. 99% Accuracy) und dem ben\u00f6tigten monatlichen Transkriptionsvolumen (3h/Monat bzw. 60h/Monat bzw. 300h/Monat) unterschiedliche Pl\u00e4ne w\u00e4hlen (Free Plan, Professional Plan, Business Plan)."}], "coordinates": [], "confidence": {"state": "pre-added", "who": ["user:anne"], "prob": 1}, "normalizations": {}, "fields": {"evidence": {"value": "4", "confidence": {"state": "pre-added", "who": ["user:anne"], "prob": 1}}}}, {"classId": "premise", "part": "s1p1", "offsets": [{"start": 1577, "text": "myTranscript zeichnet sich durch eine bestechend einfache User Experience aus (\u201cset and forget\u201c)."}], "coordinates": [], "confidence": {"state": "pre-added", "who": ["user:anne"], "prob": 1}, "normalizations": {}, "fields": {"strength_premise": {"value": "3", "confidence": {"state": "pre-added", "who": ["user:anne"], "prob": 1}}, "relevance_premise": {"value": "3", "confidence": {"state": "pre-added", "who": ["user:anne"], "prob": 1}}}}, {"classId": "claim", "part": "s1p1", "offsets": [{"start": 1675, "text": "Die Audio-Qualit\u00e4t wird in Echtzeit \u00fcberpr\u00fcft"}], "coordinates": [], "confidence": {"state": "pre-added", "who": ["user:anne"], "prob": 1}, "normalizations": {}, "fields": {"evidence": {"value": "4", "confidence": {"state": "pre-added", "who": ["user:anne"], "prob": 1}}}}, {"classId": "premise", "part": "s1p1", "offsets": [{"start": 1721, "text": "\u2013 bei nicht ausreichender Qualit\u00e4t wird dies dem User angezeigt, was ggf. eine Wiederholung des Interviews (aufgrund mangelhafter Audioqualit\u00e4t und damit unm\u00f6glich gewordenen Transkription) verhindern kann."}], "coordinates": [], "confidence": {"state": "pre-added", "who": ["user:anne"], "prob": 1}, "normalizations": {}, "fields": {}}, {"classId": "claim", "part": "s1p1", "offsets": [{"start": 2131, "text": "S\u00e4mtliche relevanten Metadaten des Transkripts (u.a. Ort, Datum und Uhrzeit, Identifikation der Speaker) werden automatisch durch die Machine Learning Algorithmen hinzugef\u00fcgt,"}], "coordinates": [], "confidence": {"state": "pre-added", "who": ["user:anne"], "prob": 1}, "normalizations": {}, "fields": {"evidence": {"value": "4", "confidence": {"state": "pre-added", "who": ["user:anne"], "prob": 1}}}}, {"classId": "premise", "part": "s1p1", "offsets": [{"start": 2307, "text": "was Mehraufwand verhidnert. Deshalb ist gegen\u00fcber herk\u00f6mmlichen Transkriptionsdienstleistungen myTranscript deutlich g\u00fcnstiger, benutzerfreundlicher und schneller bei gleicher oder h\u00f6herer Transkriptions-Exaktheit."}], "coordinates": [], "confidence": {"state": "pre-added", "who": ["user:anne"], "prob": 1}, "normalizations": {}, "fields": {"strength_premise": {"value": "3", "confidence": {"state": "pre-added", "who": ["user:anne"], "prob": 1}}, "relevance_premise": {"value": "4", "confidence": {"state": "pre-added", "who": ["user:anne"], "prob": 1}}}}], "relations": [{"classId": "support", "type": "linked", "directed": false, "entities": ["s1p1|e_3|464,634", "s1p1|e_2|372,462"], "confidence": {"state": "pre-added", "who": ["user:anne"], "prob": 1}}, {"classId": "support", "type": "linked", "directed": false, "entities": ["s1p1|e_3|755,884", "s1p1|e_2|636,751"], "confidence": {"state": "pre-added", "who": ["user:anne"], "prob": 1}}, {"classId": "support", "type": "linked", "directed": false, "entities": ["s1p1|e_3|1130,1266", "s1p1|e_2|886,1128"], "confidence": {"state": "pre-added", "who": ["user:anne"], "prob": 1}}, {"classId": "support", "type": "linked", "directed": false, "entities": ["s1p1|e_3|1577,1673", "s1p1|e_2|1269,1575"], "confidence": {"state": "pre-added", "who": ["user:anne"], "prob": 1}}, {"classId": "support", "type": "linked", "directed": false, "entities": ["s1p1|e_3|1721,1926", "s1p1|e_2|1675,1719"], "confidence": {"state": "pre-added", "who": ["user:anne"], "prob": 1}}, {"classId": "support", "type": "linked", "directed": false, "entities": ["s1p1|e_3|2307,2520", "s1p1|e_2|2131,2305"], "confidence": {"state": "pre-added", "who": ["user:anne"], "prob": 1}}]}