{"annotatable": {"parts": ["s1p1", "s1p2", "s1p3", "s1p4", "s1p5", "s1p6", "s1p7", "s1p8"]}, "anncomplete": true, "sources": [], "strength_pitch": {"value": "4", "confidence": {"state": "pre-added", "who": ["user:anne"], "prob": 1}}, "entities": [{"classId": "claim", "part": "s1p2", "offsets": [{"start": 0, "text": "Denn die Sicherheitsbranche in Deutschland ist von erheblichen Problemen wie Schwarzarbeit und ungeeignetem Personal gepr\u00e4gt."}], "coordinates": [], "confidence": {"state": "pre-added", "who": ["user:anne"], "prob": 1}, "normalizations": {}, "fields": {"evidence": {"value": "4", "confidence": {"state": "pre-added", "who": ["user:anne"], "prob": 1}}}}, {"classId": "premise", "part": "s1p2", "offsets": [{"start": 126, "text": "Parallel steigt jedoch die Nachfrage nach Sicherheitsdienstleistungen seit Jahren kontinuierlich und befindet sich auf einem historischen Allzeithoch."}], "coordinates": [], "confidence": {"state": "pre-added", "who": ["user:anne"], "prob": 1}, "normalizations": {}, "fields": {"strength_premise": {"value": "4", "confidence": {"state": "pre-added", "who": ["user:anne"], "prob": 1}}, "relevance_premise": {"value": "4", "confidence": {"state": "pre-added", "who": ["user:anne"], "prob": 1}}}}, {"classId": "claim", "part": "s1p3", "offsets": [{"start": 0, "text": "F\u00fcr Organisationen gestaltet sich daher die Suche nach optimalen Sicherheitspartnern oft schwer,"}], "coordinates": [], "confidence": {"state": "pre-added", "who": ["user:anne"], "prob": 1}, "normalizations": {}, "fields": {"evidence": {"value": "4", "confidence": {"state": "pre-added", "who": ["user:anne"], "prob": 1}}}}, {"classId": "premise", "part": "s1p3", "offsets": [{"start": 97, "text": "denn dieser Prozess ist zeitaufw\u00e4ndig und intransparent, w\u00e4hrend die immer mehr werdenden Sicherheitsunternehmen nach effektiven Vertriebskan\u00e4len suchen."}], "coordinates": [], "confidence": {"state": "pre-added", "who": ["user:anne"], "prob": 1}, "normalizations": {}, "fields": {"strength_premise": {"value": "3", "confidence": {"state": "pre-added", "who": ["user:anne"], "prob": 1}}, "relevance_premise": {"value": "4", "confidence": {"state": "pre-added", "who": ["user:anne"], "prob": 1}}}}, {"classId": "major_claim", "part": "s1p4", "offsets": [{"start": 55, "text": "CallYourGuard ist eine digitale Vermittlungsplattform von Sicherheitsdienstleistungen, die Organisationen mit Sicherheitsanbietenden, gegen Provision, verkn\u00fcpft."}], "coordinates": [], "confidence": {"state": "pre-added", "who": ["user:anne"], "prob": 1}, "normalizations": {}, "fields": {"specificity": {"value": "4", "confidence": {"state": "pre-added", "who": ["user:anne"], "prob": 1}}, "evidence": {"value": "4", "confidence": {"state": "pre-added", "who": ["user:anne"], "prob": 1}}}}, {"classId": "claim", "part": "s1p4", "offsets": [{"start": 217, "text": "Konkret k\u00f6nnen Sicherheitsunternehmen und selbstst\u00e4ndige Fachkr\u00e4fte ein eigenes Profil inklusive Leistungen, Preise, Einsatzraum, Verf\u00fcgbarkeit, Qualifikationen, Zertifizierungen sowie Bildern und Referenzen erstellen, die es Organisationen erm\u00f6glichen, sich transparent und \u00fcbersichtlich zu informieren"}], "coordinates": [], "confidence": {"state": "pre-added", "who": ["user:anne"], "prob": 1}, "normalizations": {}, "fields": {"evidence": {"value": "4", "confidence": {"state": "pre-added", "who": ["user:anne"], "prob": 1}}}}, {"classId": "premise", "part": "s1p4", "offsets": [{"start": 522, "text": "Nach erfolgreichem Abschluss eines Auftrages k\u00f6nnen beide Seiten die Erf\u00fcllung des Auftrages best\u00e4tigen und sich gegenseitig eine Bewertung abgeben, die f\u00fcr andere User und Partner sichtbar ist."}], "coordinates": [], "confidence": {"state": "pre-added", "who": ["user:anne"], "prob": 1}, "normalizations": {}, "fields": {"strength_premise": {"value": "3", "confidence": {"state": "pre-added", "who": ["user:anne"], "prob": 1}}, "relevance_premise": {"value": "4", "confidence": {"state": "pre-added", "who": ["user:anne"], "prob": 1}}}}, {"classId": "claim", "part": "s1p6", "offsets": [{"start": 0, "text": "Zu buchende Sicherheitsdienstleistungen sind Objekt-, Veranstaltungs- und Personenschutzdienste sowie Sonderbewachungsleistungen, wie beispielsweise Ordnert\u00e4tigkeiten oder Streifendienste."}], "coordinates": [], "confidence": {"state": "pre-added", "who": ["user:anne"], "prob": 1}, "normalizations": {}, "fields": {"evidence": {"value": "3", "confidence": {"state": "pre-added", "who": ["user:anne"], "prob": 1}}}}, {"classId": "premise", "part": "s1p6", "offsets": [{"start": 189, "text": "Die Auftr\u00e4ge k\u00f6nnen sich dabei sowohl \u00fcber kurze als auch \u00fcber l\u00e4ngere Zeitr\u00e4ume erstrecken und k\u00f6nnen vom User auch kurzfristig gebucht werden."}], "coordinates": [], "confidence": {"state": "pre-added", "who": ["user:anne"], "prob": 1}, "normalizations": {}, "fields": {"strength_premise": {"value": "4", "confidence": {"state": "pre-added", "who": ["user:anne"], "prob": 1}}, "relevance_premise": {"value": "3", "confidence": {"state": "pre-added", "who": ["user:anne"], "prob": 1}}}}, {"classId": "claim", "part": "s1p7", "offsets": [{"start": 0, "text": "Als two-sided-platform bietet CallYourGuard einmalige potentiale f\u00fcr Wirtschaft und Sicherheitsbranche. Organisationen k\u00f6nnen in wenigen Schritten die passenden Sicherheitsfachkr\u00e4fte buchen und den Auswahlprozess effektiver gestalten."}], "coordinates": [], "confidence": {"state": "pre-added", "who": ["user:anne"], "prob": 1}, "normalizations": {}, "fields": {"evidence": {"value": "4", "confidence": {"state": "pre-added", "who": ["user:anne"], "prob": 1}}}}, {"classId": "premise", "part": "s1p7", "offsets": [{"start": 235, "text": "Sicherheitsunternehmen haben nicht nur den Vorteil neue Kundschaft zu gewinnen, sondern k\u00f6nnen auch ihr Yield-Management durch das g\u00fcnstige platzieren unbesch\u00e4ftigter Vollzeitkr\u00e4fte optimieren, w\u00e4hrend Fachkr\u00e4ften den Sprung in die Selbstst\u00e4ndigkeit und die M\u00f6glichkeit auf h\u00f6here Einnahmen geboten wird."}], "coordinates": [], "confidence": {"state": "pre-added", "who": ["user:anne"], "prob": 1}, "normalizations": {}, "fields": {"strength_premise": {"value": "4", "confidence": {"state": "pre-added", "who": ["user:anne"], "prob": 1}}, "relevance_premise": {"value": "4", "confidence": {"state": "pre-added", "who": ["user:anne"], "prob": 1}}}}], "relations": [{"classId": "support", "type": "linked", "directed": false, "entities": ["s1p2|e_3|126,275", "s1p2|e_2|0,124"], "confidence": {"state": "pre-added", "who": ["user:anne"], "prob": 1}}, {"classId": "support", "type": "linked", "directed": false, "entities": ["s1p3|e_3|97,249", "s1p3|e_2|0,95"], "confidence": {"state": "pre-added", "who": ["user:anne"], "prob": 1}}, {"classId": "support", "type": "linked", "directed": false, "entities": ["s1p4|e_3|522,715", "s1p4|e_2|217,519"], "confidence": {"state": "pre-added", "who": ["user:anne"], "prob": 1}}, {"classId": "support", "type": "linked", "directed": false, "entities": ["s1p6|e_3|189,332", "s1p6|e_2|0,187"], "confidence": {"state": "pre-added", "who": ["user:anne"], "prob": 1}}, {"classId": "support", "type": "linked", "directed": false, "entities": ["s1p7|e_3|235,538", "s1p7|e_2|0,233"], "confidence": {"state": "pre-added", "who": ["user:anne"], "prob": 1}}]}