{"annotatable": {"parts": ["s1p1", "s1p2"]}, "anncomplete": true, "sources": [], "strength_pitch": {"value": "3", "confidence": {"state": "pre-added", "who": ["user:anne"], "prob": 1}}, "entities": [{"classId": "major_claim", "part": "s1p1", "offsets": [{"start": 473, "text": "Mit der neuen Plattform Dreamroom ist es m\u00f6glich das eigene Zimmer zu fotografieren und somit ein virtuelles Abbild der eigenen vier W\u00e4nden zu kreieren."}], "coordinates": [], "confidence": {"state": "pre-added", "who": ["user:anne"], "prob": 1}, "normalizations": {}, "fields": {"specificity": {"value": "4", "confidence": {"state": "pre-added", "who": ["user:anne"], "prob": 1}}, "evidence": {"value": "4", "confidence": {"state": "pre-added", "who": ["user:anne"], "prob": 1}}}}, {"classId": "claim", "part": "s1p1", "offsets": [{"start": 626, "text": "Dadurch wird es m\u00f6glich zu sehen, ob das M\u00f6bel auch zum restlichen Mobiliar passt"}], "coordinates": [], "confidence": {"state": "pre-added", "who": ["user:anne"], "prob": 1}, "normalizations": {}, "fields": {"evidence": {"value": "4", "confidence": {"state": "pre-added", "who": ["user:anne"], "prob": 1}}}}, {"classId": "premise", "part": "s1p1", "offsets": [{"start": 708, "text": "und da anschliessend der Kauf direkt online abgewickelt werden kann, bleibt einem der Weg ins M\u00f6belhaus erspart."}], "coordinates": [], "confidence": {"state": "pre-added", "who": ["user:anne"], "prob": 1}, "normalizations": {}, "fields": {"strength_premise": {"value": "3", "confidence": {"state": "pre-added", "who": ["user:anne"], "prob": 1}}, "relevance_premise": {"value": "4", "confidence": {"state": "pre-added", "who": ["user:anne"], "prob": 1}}}}, {"classId": "claim", "part": "s1p1", "offsets": [{"start": 821, "text": "Der Lieferung- und Installationsprozess wird durch den M\u00f6belverk\u00e4ufer \u00fcbernommen."}], "coordinates": [], "confidence": {"state": "pre-added", "who": ["user:anne"], "prob": 1}, "normalizations": {}, "fields": {"evidence": {"value": "3", "confidence": {"state": "pre-added", "who": ["user:anne"], "prob": 1}}}}, {"classId": "premise", "part": "s1p1", "offsets": [{"start": 903, "text": "Somit kann alles simpel von zuhause erledigt werden und die Zeit kann f\u00fcr alle \u00fcbrig anfallenden Aufgaben verwendet werden."}], "coordinates": [], "confidence": {"state": "pre-added", "who": ["user:anne"], "prob": 1}, "normalizations": {}, "fields": {"strength_premise": {"value": "3", "confidence": {"state": "pre-added", "who": ["user:anne"], "prob": 1}}, "relevance_premise": {"value": "4", "confidence": {"state": "pre-added", "who": ["user:anne"], "prob": 1}}}}, {"classId": "claim", "part": "s1p2", "offsets": [{"start": 0, "text": "Dreamroom zeichnet sich durch ein breites Angebot an M\u00f6bel(h\u00e4usern) und der Simplifizierung von Prozessen aus."}], "coordinates": [], "confidence": {"state": "pre-added", "who": ["user:anne"], "prob": 1}, "normalizations": {}, "fields": {"evidence": {"value": "4", "confidence": {"state": "pre-added", "who": ["user:anne"], "prob": 1}}}}, {"classId": "claim", "part": "s1p2", "offsets": [{"start": 111, "text": "Revenue wird mittels einer Provision auf die Verk\u00e4ufe generiert."}], "coordinates": [], "confidence": {"state": "pre-added", "who": ["user:anne"], "prob": 1}, "normalizations": {}, "fields": {}}, {"classId": "claim", "part": "s1p2", "offsets": [{"start": 176, "text": "User werden aufgrund der Vereinfachung eines aufwendigen Prozesses und eines Bewertungssystems auf die Plattform kommen und die M\u00f6belh\u00e4user k\u00f6nnen einen zus\u00e4tzlichen Absatzkanal nutzen,"}], "coordinates": [], "confidence": {"state": "pre-added", "who": ["user:anne"], "prob": 1}, "normalizations": {}, "fields": {"evidence": {"value": "3", "confidence": {"state": "pre-added", "who": ["user:anne"], "prob": 1}}}}, {"classId": "premise", "part": "s1p2", "offsets": [{"start": 362, "text": "des weiteren profitieren sie im Onlineverkauf von tieferen Kosten beim Personal und der Verkaufsfl\u00e4che."}], "coordinates": [], "confidence": {"state": "pre-added", "who": ["user:anne"], "prob": 1}, "normalizations": {}, "fields": {"strength_premise": {"value": "3", "confidence": {"state": "pre-added", "who": ["user:anne"], "prob": 1}}, "relevance_premise": {"value": "3", "confidence": {"state": "pre-added", "who": ["user:anne"], "prob": 1}}}}], "relations": [{"classId": "support", "type": "linked", "directed": false, "entities": ["s1p1|e_3|708,819", "s1p1|e_2|626,706"], "confidence": {"state": "pre-added", "who": ["user:anne"], "prob": 1}}, {"classId": "support", "type": "linked", "directed": false, "entities": ["s1p1|e_3|903,1025", "s1p1|e_2|821,901"], "confidence": {"state": "pre-added", "who": ["user:anne"], "prob": 1}}, {"classId": "support", "type": "linked", "directed": false, "entities": ["s1p2|e_3|362,464", "s1p2|e_2|176,360"], "confidence": {"state": "pre-added", "who": ["user:anne"], "prob": 1}}]}