{"annotatable": {"parts": ["s1p1", "s1p2", "s1p3", "s1p4", "s1p5", "s1p6", "s1p7"]}, "anncomplete": true, "sources": [], "strength_pitch": {"value": "4", "confidence": {"state": "pre-added", "who": ["user:anne"], "prob": 1}}, "entities": [{"classId": "major_claim", "part": "s1p3", "offsets": [{"start": 0, "text": "Um diesem Problem entgegenzuwirken, setzt das Nachhilfeinstitut auf eine Kombination aus klassischem Nachhilfeunterricht und einer sozialen Lernapp."}], "coordinates": [], "confidence": {"state": "pre-added", "who": ["user:anne"], "prob": 1}, "normalizations": {}, "fields": {"specificity": {"value": "3", "confidence": {"state": "pre-added", "who": ["user:anne"], "prob": 1}}, "evidence": {"value": "4", "confidence": {"state": "pre-added", "who": ["user:anne"], "prob": 1}}}}, {"classId": "claim", "part": "s1p3", "offsets": [{"start": 149, "text": "Dabei wird der Unterricht pers\u00f6nlich mit dem User durchgef\u00fchrt, die Vor-, sowie Nachbereitung erfolgt jedoch auf der App,"}], "coordinates": [], "confidence": {"state": "pre-added", "who": ["user:anne"], "prob": 1}, "normalizations": {}, "fields": {"evidence": {"value": "3", "confidence": {"state": "pre-added", "who": ["user:anne"], "prob": 1}}}}, {"classId": "premise", "part": "s1p3", "offsets": [{"start": 271, "text": "welches mittels anpassbarem Dashboard auf die konkreten W\u00fcnsche und Bed\u00fcrfnisse des Users angepasst werden kann."}], "coordinates": [], "confidence": {"state": "pre-added", "who": ["user:anne"], "prob": 1}, "normalizations": {}, "fields": {"strength_premise": {"value": "3", "confidence": {"state": "pre-added", "who": ["user:anne"], "prob": 1}}, "relevance_premise": {"value": "3", "confidence": {"state": "pre-added", "who": ["user:anne"], "prob": 1}}}}, {"classId": "claim", "part": "s1p4", "offsets": [{"start": 0, "text": "Durch die integrierte Kalenderfunktion k\u00f6nnen sowohl Nachhilfestunden geplant, als auch der eigene Lernplan gestaltet werden."}], "coordinates": [], "confidence": {"state": "pre-added", "who": ["user:anne"], "prob": 1}, "normalizations": {}, "fields": {"evidence": {"value": "4", "confidence": {"state": "pre-added", "who": ["user:anne"], "prob": 1}}}}, {"classId": "premise", "part": "s1p4", "offsets": [{"start": 126, "text": "Dieser ist f\u00fcr den Lehrer einsehbar. Je nach Bed\u00fcrfnis kann er mit ausgew\u00e4hlten Personen geteilt werden, um das Commitment zu erh\u00f6hen."}], "coordinates": [], "confidence": {"state": "pre-added", "who": ["user:anne"], "prob": 1}, "normalizations": {}, "fields": {"strength_premise": {"value": "3", "confidence": {"state": "pre-added", "who": ["user:anne"], "prob": 1}}, "relevance_premise": {"value": "3", "confidence": {"state": "pre-added", "who": ["user:anne"], "prob": 1}}}}, {"classId": "claim", "part": "s1p5", "offsets": [{"start": 0, "text": "Mit Hilfe der Lern-Trackingfunktion der App, welche der User selbstst\u00e4ndig ausf\u00fcllen kann,"}], "coordinates": [], "confidence": {"state": "pre-added", "who": ["user:anne"], "prob": 1}, "normalizations": {}, "fields": {"evidence": {"value": "4", "confidence": {"state": "pre-added", "who": ["user:anne"], "prob": 1}}}}, {"classId": "premise", "part": "s1p5", "offsets": [{"start": 91, "text": "wird das eigene Lernverhalten aufgezeichnet und sichtbar gemacht. Somit wird ein Bewusstsein f\u00fcr pers\u00f6nliches Verbesserungspotential geschaffen."}], "coordinates": [], "confidence": {"state": "pre-added", "who": ["user:anne"], "prob": 1}, "normalizations": {}, "fields": {"strength_premise": {"value": "3", "confidence": {"state": "pre-added", "who": ["user:anne"], "prob": 1}}, "relevance_premise": {"value": "3", "confidence": {"state": "pre-added", "who": ["user:anne"], "prob": 1}}}}, {"classId": "claim", "part": "s1p5", "offsets": [{"start": 236, "text": "Weiter wird die Auswertung dem Nachhilfelehrer zur Verf\u00fcgung gestellt,"}], "coordinates": [], "confidence": {"state": "pre-added", "who": ["user:anne"], "prob": 1}, "normalizations": {}, "fields": {"evidence": {"value": "3", "confidence": {"state": "pre-added", "who": ["user:anne"], "prob": 1}}}}, {"classId": "premise", "part": "s1p5", "offsets": [{"start": 307, "text": "welcher damit individuelles Feedback und Hilfe anbieten kann."}], "coordinates": [], "confidence": {"state": "pre-added", "who": ["user:anne"], "prob": 1}, "normalizations": {}, "fields": {"strength_premise": {"value": "3", "confidence": {"state": "pre-added", "who": ["user:anne"], "prob": 1}}, "relevance_premise": {"value": "4", "confidence": {"state": "pre-added", "who": ["user:anne"], "prob": 1}}}}, {"classId": "claim", "part": "s1p6", "offsets": [{"start": 0, "text": "Sollte w\u00e4hrend dem Lernen Hilfe ben\u00f6tigt werden, ist der User in der Lage, \u00fcber die App mit dem pers\u00f6nlichen Nachhilfelehrer zu kommunizieren."}], "coordinates": [], "confidence": {"state": "pre-added", "who": ["user:anne"], "prob": 1}, "normalizations": {}, "fields": {"evidence": {"value": "3", "confidence": {"state": "pre-added", "who": ["user:anne"], "prob": 1}}}}, {"classId": "claim", "part": "s1p7", "offsets": [{"start": 0, "text": "Das LEARNING DASHBOARD hilft dem Nachhilfeinstitut, den User w\u00e4hrend einem noch gr\u00f6sseren Teil der User Journey (dem Lernprozess) zu begleiten und zu unterst\u00fctzen."}], "coordinates": [], "confidence": {"state": "pre-added", "who": ["user:anne"], "prob": 1}, "normalizations": {}, "fields": {"evidence": {"value": "3", "confidence": {"state": "pre-added", "who": ["user:anne"], "prob": 1}}}}, {"classId": "premise", "part": "s1p7", "offsets": [{"start": 164, "text": "Der User wird an das Unternehmen gebunden und erf\u00e4hrt gleichzeitig die bestm\u00f6gliche Unterst\u00fctzung."}], "coordinates": [], "confidence": {"state": "pre-added", "who": ["user:anne"], "prob": 1}, "normalizations": {}, "fields": {"strength_premise": {"value": "4", "confidence": {"state": "pre-added", "who": ["user:anne"], "prob": 1}}, "relevance_premise": {"value": "3", "confidence": {"state": "pre-added", "who": ["user:anne"], "prob": 1}}}}, {"classId": "claim", "part": "s1p7", "offsets": [{"start": 263, "text": "Dabei ist die Nutzung f\u00fcr den User gratis,"}], "coordinates": [], "confidence": {"state": "pre-added", "who": ["user:anne"], "prob": 1}, "normalizations": {}, "fields": {"evidence": {"value": "4", "confidence": {"state": "pre-added", "who": ["user:anne"], "prob": 1}}}}, {"classId": "premise", "part": "s1p7", "offsets": [{"start": 306, "text": "sofern er beim Nachhilfeinstitut die Nachhilfelektionen absolviert."}], "coordinates": [], "confidence": {"state": "pre-added", "who": ["user:anne"], "prob": 1}, "normalizations": {}, "fields": {"strength_premise": {"value": "3", "confidence": {"state": "pre-added", "who": ["user:anne"], "prob": 1}}, "relevance_premise": {"value": "3", "confidence": {"state": "pre-added", "who": ["user:anne"], "prob": 1}}}}, {"classId": "claim", "part": "s1p7", "offsets": [{"start": 374, "text": "Durch diese Plattform wird die Attraktivit\u00e4t des Instituts erh\u00f6ht und gleichzeitig die User in ihrem zuk\u00fcnftigen Lernprozess an das Unternehmen gebunden."}], "coordinates": [], "confidence": {"state": "pre-added", "who": ["user:anne"], "prob": 1}, "normalizations": {}, "fields": {"evidence": {"value": "3", "confidence": {"state": "pre-added", "who": ["user:anne"], "prob": 1}}}}], "relations": [{"classId": "support", "type": "linked", "directed": false, "entities": ["s1p3|e_3|271,382", "s1p3|e_2|149,269"], "confidence": {"state": "pre-added", "who": ["user:anne"], "prob": 1}}, {"classId": "support", "type": "linked", "directed": false, "entities": ["s1p4|e_3|126,259", "s1p4|e_2|0,124"], "confidence": {"state": "pre-added", "who": ["user:anne"], "prob": 1}}, {"classId": "support", "type": "linked", "directed": false, "entities": ["s1p5|e_3|91,234", "s1p5|e_2|0,89"], "confidence": {"state": "pre-added", "who": ["user:anne"], "prob": 1}}, {"classId": "support", "type": "linked", "directed": false, "entities": ["s1p5|e_3|307,367", "s1p5|e_2|236,305"], "confidence": {"state": "pre-added", "who": ["user:anne"], "prob": 1}}, {"classId": "support", "type": "linked", "directed": false, "entities": ["s1p7|e_3|164,261", "s1p7|e_2|0,162"], "confidence": {"state": "pre-added", "who": ["user:anne"], "prob": 1}}, {"classId": "support", "type": "linked", "directed": false, "entities": ["s1p7|e_3|306,372", "s1p7|e_2|263,304"], "confidence": {"state": "pre-added", "who": ["user:anne"], "prob": 1}}]}