{"annotatable": {"parts": ["s1p1", "s1p2", "s1p3", "s1p4", "s1p5"]}, "anncomplete": true, "sources": [], "strength_pitch": {"value": "4", "confidence": {"state": "pre-added", "who": ["user:anne"], "prob": 1}}, "entities": [{"classId": "claim", "part": "s1p3", "offsets": [{"start": 106, "text": "F\u00fcr Immobilien mit hohem Transaktionsvolumen, die \u201eoff-market\u201c und diskret ver\u00e4u\u00dfert werden sollen, bieten wir eine Schnittstelle zu institutionellen Kunden."}], "coordinates": [], "confidence": {"state": "pre-added", "who": ["user:anne"], "prob": 1}, "normalizations": {}, "fields": {"evidence": {"value": "3", "confidence": {"state": "pre-added", "who": ["user:anne"], "prob": 1}}}}, {"classId": "premise", "part": "s1p3", "offsets": [{"start": 264, "text": "Fonds, Familiy Offices, Versicherungen, Pensionskassen und professionelle Investoren, die \u00fcber ausreichend Kapital verf\u00fcgen, kommen hier zusammen"}], "coordinates": [], "confidence": {"state": "pre-added", "who": ["user:anne"], "prob": 1}, "normalizations": {}, "fields": {"strength_premise": {"value": "3", "confidence": {"state": "pre-added", "who": ["user:anne"], "prob": 1}}, "relevance_premise": {"value": "3", "confidence": {"state": "pre-added", "who": ["user:anne"], "prob": 1}}}}, {"classId": "claim", "part": "s1p3", "offsets": [{"start": 411, "text": "Die Plattform erm\u00f6glicht strukturierte Transaktionen"}], "coordinates": [], "confidence": {"state": "pre-added", "who": ["user:anne"], "prob": 1}, "normalizations": {}, "fields": {"evidence": {"value": "3", "confidence": {"state": "pre-added", "who": ["user:anne"], "prob": 1}}}}, {"classId": "premise", "part": "s1p3", "offsets": [{"start": 466, "text": "von der Unterlagen\u00fcbergabe der Eigent\u00fcmer bis hin zu einem verschl\u00fcsselten Datenraum f\u00fcr die Due Diligence."}], "coordinates": [], "confidence": {"state": "pre-added", "who": ["user:anne"], "prob": 1}, "normalizations": {}, "fields": {"strength_premise": {"value": "3", "confidence": {"state": "pre-added", "who": ["user:anne"], "prob": 1}}, "relevance_premise": {"value": "3", "confidence": {"state": "pre-added", "who": ["user:anne"], "prob": 1}}}}, {"classId": "claim", "part": "s1p4", "offsets": [{"start": 0, "text": "Wichtig ist, dass wir nicht nur die Technologie bieten, vielmehr ist die Plattform die Schnittstelle mit Daten- und Kommunikationsraum."}], "coordinates": [], "confidence": {"state": "pre-added", "who": ["user:anne"], "prob": 1}, "normalizations": {}, "fields": {"evidence": {"value": "4", "confidence": {"state": "pre-added", "who": ["user:anne"], "prob": 1}}}}, {"classId": "premise", "part": "s1p4", "offsets": [{"start": 136, "text": "Bei Bedarf k\u00f6nnen User direkt mit externen Partnern f\u00fcr Rechtsberatungen, notarielle Beurkundungen und Gutachten zusammengebracht werden."}], "coordinates": [], "confidence": {"state": "pre-added", "who": ["user:anne"], "prob": 1}, "normalizations": {}, "fields": {"strength_premise": {"value": "4", "confidence": {"state": "pre-added", "who": ["user:anne"], "prob": 1}}, "relevance_premise": {"value": "4", "confidence": {"state": "pre-added", "who": ["user:anne"], "prob": 1}}}}, {"classId": "claim", "part": "s1p4", "offsets": [{"start": 274, "text": "\u00dcber eine initiale Geb\u00fchr der Verk\u00e4ufer und Investoren sowie Partizipation an erfolgreichen Transaktionen wird die Plattform monetarisiert."}], "coordinates": [], "confidence": {"state": "pre-added", "who": ["user:anne"], "prob": 1}, "normalizations": {}, "fields": {"evidence": {"value": "4", "confidence": {"state": "pre-added", "who": ["user:anne"], "prob": 1}}}}, {"classId": "premise", "part": "s1p4", "offsets": [{"start": 414, "text": "Zudem kann das zugrundeliegende System als White Label L\u00f6sung f\u00fcr On-Market Transaktionen verwendet werden und weitere Services, die f\u00fcr eine erfolgreiche Transaktion erforderlich sind, werden \u00fcber uns initiiert und bieten Up-Selling M\u00f6glichkeiten."}], "coordinates": [], "confidence": {"state": "pre-added", "who": ["user:anne"], "prob": 1}, "normalizations": {}, "fields": {"strength_premise": {"value": "3", "confidence": {"state": "pre-added", "who": ["user:anne"], "prob": 1}}, "relevance_premise": {"value": "3", "confidence": {"state": "pre-added", "who": ["user:anne"], "prob": 1}}}}, {"classId": "major_claim", "part": "s1p5", "offsets": [{"start": 0, "text": "AssetAllocator: Off-Market Immobilien inserieren und finden. Exklusiv f\u00fcr professionelle und institutionelle Anleger."}], "coordinates": [], "confidence": {"state": "pre-added", "who": ["user:anne"], "prob": 1}, "normalizations": {}, "fields": {"specificity": {"value": "3", "confidence": {"state": "pre-added", "who": ["user:anne"], "prob": 1}}, "evidence": {"value": "3", "confidence": {"state": "pre-added", "who": ["user:anne"], "prob": 1}}}}], "relations": [{"classId": "support", "type": "linked", "directed": false, "entities": ["s1p3|e_3|264,408", "s1p3|e_2|106,262"], "confidence": {"state": "pre-added", "who": ["user:anne"], "prob": 1}}, {"classId": "support", "type": "linked", "directed": false, "entities": ["s1p3|e_3|466,572", "s1p3|e_2|411,462"], "confidence": {"state": "pre-added", "who": ["user:anne"], "prob": 1}}, {"classId": "support", "type": "linked", "directed": false, "entities": ["s1p4|e_3|136,272", "s1p4|e_2|0,134"], "confidence": {"state": "pre-added", "who": ["user:anne"], "prob": 1}}, {"classId": "support", "type": "linked", "directed": false, "entities": ["s1p4|e_3|414,661", "s1p4|e_2|274,412"], "confidence": {"state": "pre-added", "who": ["user:anne"], "prob": 1}}]}