{"annotatable": {"parts": ["s1p1", "s1p2", "s1p3"]}, "anncomplete": true, "sources": [], "strength_pitch": {"value": "4", "confidence": {"state": "pre-added", "who": ["user:anne"], "prob": 1}}, "entities": [{"classId": "claim", "part": "s1p2", "offsets": [{"start": 0, "text": "Dies ist nun durch die Schaffung unseres Nachhaltigkeitslabels f\u00fcr Hotels m\u00f6glich."}], "coordinates": [], "confidence": {"state": "pre-added", "who": ["user:anne"], "prob": 1}, "normalizations": {}, "fields": {"evidence": {"value": "4", "confidence": {"state": "pre-added", "who": ["user:anne"], "prob": 1}}}}, {"classId": "premise", "part": "s1p2", "offsets": [{"start": 83, "text": "Drei verschiedene Aspekte sind in diesem Label enthalten."}], "coordinates": [], "confidence": {"state": "pre-added", "who": ["user:anne"], "prob": 1}, "normalizations": {}, "fields": {"strength_premise": {"value": "3", "confidence": {"state": "pre-added", "who": ["user:anne"], "prob": 1}}, "relevance_premise": {"value": "4", "confidence": {"state": "pre-added", "who": ["user:anne"], "prob": 1}}}}, {"classId": "claim", "part": "s1p2", "offsets": [{"start": 141, "text": "Erstens wird der \u00f6kologische Aspekt durch die Plattierung von B\u00e4umen angegangen."}], "coordinates": [], "confidence": {"state": "pre-added", "who": ["user:anne"], "prob": 1}, "normalizations": {}, "fields": {"evidence": {"value": "3", "confidence": {"state": "pre-added", "who": ["user:anne"], "prob": 1}}}}, {"classId": "premise", "part": "s1p2", "offsets": [{"start": 222, "text": "Das Geld, das die Hotels sparen, wenn die Handt\u00fccher f\u00fcr einen weiteren Tag ungewaschen bleiben, je nach Wunsch des Kunden, geht an das Pflanzen von B\u00e4umen, darunter Bambus."}], "coordinates": [], "confidence": {"state": "pre-added", "who": ["user:anne"], "prob": 1}, "normalizations": {}, "fields": {"strength_premise": {"value": "3", "confidence": {"state": "pre-added", "who": ["user:anne"], "prob": 1}}, "relevance_premise": {"value": "4", "confidence": {"state": "pre-added", "who": ["user:anne"], "prob": 1}}}}, {"classId": "claim", "part": "s1p2", "offsets": [{"start": 396, "text": "Zweitens ist auch die Gew\u00e4hrleistung guter Arbeitsbedingungen f\u00fcr das Hotelpersonal durch Vorschriften \u00fcber Mindestlohn, Arbeitszeiten usw. Teil des Labels."}], "coordinates": [], "confidence": {"state": "pre-added", "who": ["user:anne"], "prob": 1}, "normalizations": {}, "fields": {"evidence": {"value": "3", "confidence": {"state": "pre-added", "who": ["user:anne"], "prob": 1}}}}, {"classId": "premise", "part": "s1p2", "offsets": [{"start": 553, "text": "Schlie\u00dflich m\u00fcssen die Hotels m\u00f6glichst abfallfreie Produkte und Dienstleistungen verwenden und so eine Kreislaufwirtschaft f\u00f6rdern. Wenn zB. der Bambus angebaut wird, wird er zur Herstellung von Toilettenpapier verwendet, das an unsere Hotelkunden verkauft werden kann."}], "coordinates": [], "confidence": {"state": "pre-added", "who": ["user:anne"], "prob": 1}, "normalizations": {}, "fields": {"strength_premise": {"value": "4", "confidence": {"state": "pre-added", "who": ["user:anne"], "prob": 1}}, "relevance_premise": {"value": "4", "confidence": {"state": "pre-added", "who": ["user:anne"], "prob": 1}}}}, {"classId": "major_claim", "part": "s1p3", "offsets": [{"start": 0, "text": "Auf unserer Plattform kann man ein nachhaltiges Hotel buchen, das unser Label tr\u00e4gt und es den Nutzern erm\u00f6glicht, ihre Erfahrungen w\u00e4hrend und nach ihrem Aufenthalt auszutauschen."}], "coordinates": [], "confidence": {"state": "pre-added", "who": ["user:anne"], "prob": 1}, "normalizations": {}, "fields": {"specificity": {"value": "4", "confidence": {"state": "pre-added", "who": ["user:anne"], "prob": 1}}, "evidence": {"value": "4", "confidence": {"state": "pre-added", "who": ["user:anne"], "prob": 1}}}}, {"classId": "claim", "part": "s1p3", "offsets": [{"start": 327, "text": "Der Markt f\u00fcr nachhaltigen Tourismus ist vielversprechend, da er bis 2023 eine CAGR von \u00fcber 10% aufweisen wird (Research and Markets, 2019)."}], "coordinates": [], "confidence": {"state": "pre-added", "who": ["user:anne"], "prob": 1}, "normalizations": {}, "fields": {"evidence": {"value": "5", "confidence": {"state": "pre-added", "who": ["user:anne"], "prob": 1}}}}, {"classId": "claim", "part": "s1p3", "offsets": [{"start": 469, "text": "Die finanzielle Machbarkeit ist leicht erkennbar,"}], "coordinates": [], "confidence": {"state": "pre-added", "who": ["user:anne"], "prob": 1}, "normalizations": {}, "fields": {"evidence": {"value": "4", "confidence": {"state": "pre-added", "who": ["user:anne"], "prob": 1}}}}, {"classId": "premise", "part": "s1p3", "offsets": [{"start": 519, "text": "da die Einsparungen von zwei ungewaschenen Handt\u00fcchern ungef\u00e4hr den Kosten f\u00fcr die Pflanzung und Pflege eines Baumes entsprechen."}], "coordinates": [], "confidence": {"state": "pre-added", "who": ["user:anne"], "prob": 1}, "normalizations": {}, "fields": {"strength_premise": {"value": "4", "confidence": {"state": "pre-added", "who": ["user:anne"], "prob": 1}}, "relevance_premise": {"value": "4", "confidence": {"state": "pre-added", "who": ["user:anne"], "prob": 1}}}}, {"classId": "claim", "part": "s1p3", "offsets": [{"start": 649, "text": "Dar\u00fcber hinaus steht es den Hotels frei, ihre Preise f\u00fcr die weiteren nachhaltigen Aspekte leicht zu erh\u00f6hen,"}], "coordinates": [], "confidence": {"state": "pre-added", "who": ["user:anne"], "prob": 1}, "normalizations": {}, "fields": {"evidence": {"value": "4", "confidence": {"state": "pre-added", "who": ["user:anne"], "prob": 1}}}}, {"classId": "premise", "part": "s1p3", "offsets": [{"start": 759, "text": "was durch das Label begr\u00fcndet ist."}], "coordinates": [], "confidence": {"state": "pre-added", "who": ["user:anne"], "prob": 1}, "normalizations": {}, "fields": {"strength_premise": {"value": "3", "confidence": {"state": "pre-added", "who": ["user:anne"], "prob": 1}}, "relevance_premise": {"value": "3", "confidence": {"state": "pre-added", "who": ["user:anne"], "prob": 1}}}}, {"classId": "claim", "part": "s1p3", "offsets": [{"start": 794, "text": "Seien Sie Teil einer nachhaltigen Zukunft,"}], "coordinates": [], "confidence": {"state": "pre-added", "who": ["user:anne"], "prob": 1}, "normalizations": {}, "fields": {"evidence": {"value": "4", "confidence": {"state": "pre-added", "who": ["user:anne"], "prob": 1}}}}, {"classId": "premise", "part": "s1p3", "offsets": [{"start": 837, "text": "indem Sie mit uns eine verantwortungsvollere Tourismusbranche schaffen."}], "coordinates": [], "confidence": {"state": "pre-added", "who": ["user:anne"], "prob": 1}, "normalizations": {}, "fields": {"strength_premise": {"value": "4", "confidence": {"state": "pre-added", "who": ["user:anne"], "prob": 1}}, "relevance_premise": {"value": "3", "confidence": {"state": "pre-added", "who": ["user:anne"], "prob": 1}}}}], "relations": [{"classId": "support", "type": "linked", "directed": false, "entities": ["s1p2|e_3|83,139", "s1p2|e_2|0,81"], "confidence": {"state": "pre-added", "who": ["user:anne"], "prob": 1}}, {"classId": "support", "type": "linked", "directed": false, "entities": ["s1p2|e_3|222,394", "s1p2|e_2|141,220"], "confidence": {"state": "pre-added", "who": ["user:anne"], "prob": 1}}, {"classId": "support", "type": "linked", "directed": false, "entities": ["s1p2|e_3|553,822", "s1p2|e_2|396,551"], "confidence": {"state": "pre-added", "who": ["user:anne"], "prob": 1}}, {"classId": "support", "type": "linked", "directed": false, "entities": ["s1p3|e_3|519,647", "s1p3|e_2|469,517"], "confidence": {"state": "pre-added", "who": ["user:anne"], "prob": 1}}, {"classId": "support", "type": "linked", "directed": false, "entities": ["s1p3|e_3|759,792", "s1p3|e_2|649,757"], "confidence": {"state": "pre-added", "who": ["user:anne"], "prob": 1}}, {"classId": "support", "type": "linked", "directed": false, "entities": ["s1p3|e_3|837,907", "s1p3|e_2|794,835"], "confidence": {"state": "pre-added", "who": ["user:anne"], "prob": 1}}]}