{"annotatable": {"parts": ["s1p1", "s1p2", "s1p3"]}, "anncomplete": true, "sources": [], "strength_pitch": {"value": "5", "confidence": {"state": "pre-added", "who": ["user:anne"], "prob": 1}}, "entities": [{"classId": "major_claim", "part": "s1p2", "offsets": [{"start": 1, "text": "MyLens Cockpit\u201c nimmt sich dieser Problematik an. Die App ist eine Plattform, die eine \u00dcbersicht \u00fcber alle online verf\u00fcgbaren Kontaktlinsen anbietet, und erm\u00f6glicht es Angebote und Preise transparent zu vergleichen."}], "coordinates": [], "confidence": {"state": "pre-added", "who": ["user:anne"], "prob": 1}, "normalizations": {}, "fields": {"specificity": {"value": "4", "confidence": {"state": "pre-added", "who": ["user:anne"], "prob": 1}}, "evidence": {"value": "3", "confidence": {"state": "pre-added", "who": ["user:anne"], "prob": 1}}}}, {"classId": "claim", "part": "s1p2", "offsets": [{"start": 217, "text": "F\u00fcr Anbieter bietet sich somit ein idealer Zugang zur Zielgruppe und die M\u00f6glichkeit, neue Kunden zu gewinnen."}], "coordinates": [], "confidence": {"state": "pre-added", "who": ["user:anne"], "prob": 1}, "normalizations": {}, "fields": {"evidence": {"value": "4", "confidence": {"state": "pre-added", "who": ["user:anne"], "prob": 1}}}}, {"classId": "premise", "part": "s1p2", "offsets": [{"start": 328, "text": "Durch die Transparenz der Plattform aufgrund der Community profitieren insbesondere Neuanbieter von erh\u00f6hten Absatzchancen im ges\u00e4ttigten Kontaktlinsenmarkt."}], "coordinates": [], "confidence": {"state": "pre-added", "who": ["user:anne"], "prob": 1}, "normalizations": {}, "fields": {"strength_premise": {"value": "3", "confidence": {"state": "pre-added", "who": ["user:anne"], "prob": 1}}, "relevance_premise": {"value": "4", "confidence": {"state": "pre-added", "who": ["user:anne"], "prob": 1}}}}, {"classId": "claim", "part": "s1p2", "offsets": [{"start": 486, "text": "Aufgrund einer aggregierten Rechnungsstellung wird die administrative Abwicklung f\u00fcr Linsenanbieter, aber auch f\u00fcr Krankenkassen deutlich erleichtert."}], "coordinates": [], "confidence": {"state": "pre-added", "who": ["user:anne"], "prob": 1}, "normalizations": {}, "fields": {"evidence": {"value": "3", "confidence": {"state": "pre-added", "who": ["user:anne"], "prob": 1}}}}, {"classId": "claim", "part": "s1p2", "offsets": [{"start": 637, "text": "F\u00fcr Kunden ergeben sich viele Benefits:"}], "coordinates": [], "confidence": {"state": "pre-added", "who": ["user:anne"], "prob": 1}, "normalizations": {}, "fields": {"evidence": {"value": "3", "confidence": {"state": "pre-added", "who": ["user:anne"], "prob": 1}}}}, {"classId": "premise", "part": "s1p2", "offsets": [{"start": 677, "text": "Ein Forum erm\u00f6glicht den Austausch mit einer Community, sodass vor allem Neueinsteiger von den Erfahrungen anderer Kunden profitieren k\u00f6nnen."}], "coordinates": [], "confidence": {"state": "pre-added", "who": ["user:anne"], "prob": 1}, "normalizations": {}, "fields": {"strength_premise": {"value": "3", "confidence": {"state": "pre-added", "who": ["user:anne"], "prob": 1}}, "relevance_premise": {"value": "3", "confidence": {"state": "pre-added", "who": ["user:anne"], "prob": 1}}}}, {"classId": "claim", "part": "s1p2", "offsets": [{"start": 819, "text": "Der Nachbestelltermin f\u00fcr die Kontaktlinsen wird auf Basis der letzten Bestellung ausgerechnet und man erh\u00e4lt eine Erinnerung per Push-Nachricht"}], "coordinates": [], "confidence": {"state": "pre-added", "who": ["user:anne"], "prob": 1}, "normalizations": {}, "fields": {"evidence": {"value": "4", "confidence": {"state": "pre-added", "who": ["user:anne"], "prob": 1}}}}, {"classId": "premise", "part": "s1p2", "offsets": [{"start": 965, "text": "Die Nachbestellung ist dann in einem Klick m\u00f6glich, sodass ein m\u00fchsamer Bestell- und Bezahlprozess entf\u00e4llt. Auch die R\u00fcckverg\u00fctung mit der Krankenkasse wird \u00fcbernommen."}], "coordinates": [], "confidence": {"state": "pre-added", "who": ["user:anne"], "prob": 1}, "normalizations": {}, "fields": {"strength_premise": {"value": "3", "confidence": {"state": "pre-added", "who": ["user:anne"], "prob": 1}}, "relevance_premise": {"value": "3", "confidence": {"state": "pre-added", "who": ["user:anne"], "prob": 1}}}}, {"classId": "claim", "part": "s1p2", "offsets": [{"start": 1136, "text": "MyLens Cockpit\u201c bietet dir als Kontaktlinsentr\u00e4ger also viele Vorteile und k\u00fcmmert sich um fast alles:"}], "coordinates": [], "confidence": {"state": "pre-added", "who": ["user:anne"], "prob": 1}, "normalizations": {}, "fields": {"evidence": {"value": "4", "confidence": {"state": "pre-added", "who": ["user:anne"], "prob": 1}}}}, {"classId": "premise", "part": "s1p2", "offsets": [{"start": 1239, "text": "die App mit integrierter Community ber\u00e4t dich kompetent, dass du deine passenden Kontaktlinsen zum optimalen Preis findest, erinnert dich an das Nachbestellen, damit du immer gut versorgt bist und niemals in eine \u201eout-of-stock\u201c Situation ger\u00e4tst, und liefert dir dein gew\u00fcnschtes Produkt nach einem Klick zur Bestellung einfach und bequem nach Hause."}], "coordinates": [], "confidence": {"state": "pre-added", "who": ["user:anne"], "prob": 1}, "normalizations": {}, "fields": {"strength_premise": {"value": "3", "confidence": {"state": "pre-added", "who": ["user:anne"], "prob": 1}}, "relevance_premise": {"value": "4", "confidence": {"state": "pre-added", "who": ["user:anne"], "prob": 1}}}}, {"classId": "claim", "part": "s1p2", "offsets": [{"start": 1590, "text": "Schliesslich wickelt \u201eMyLens Cockpit\u201c auch ganz einfach den R\u00fcckerstattungsprozess mit deiner Krankenkasse ab"}], "coordinates": [], "confidence": {"state": "pre-added", "who": ["user:anne"], "prob": 1}, "normalizations": {}, "fields": {"evidence": {"value": "3", "confidence": {"state": "pre-added", "who": ["user:anne"], "prob": 1}}}}, {"classId": "premise", "part": "s1p2", "offsets": [{"start": 1701, "text": "Du sparst dir Zeit f\u00fcr m\u00fchsame Onlinerecherche, um das beste Angebot zu finden, f\u00fcr das Abholen und Kaufen der Kontaktlinsen beim Optiker oder f\u00fcr komplizierte Abwicklungen beim Onlinekauf und der Schnittstelle zur Krankenkasse"}], "coordinates": [], "confidence": {"state": "pre-added", "who": ["user:anne"], "prob": 1}, "normalizations": {}, "fields": {"strength_premise": {"value": "3", "confidence": {"state": "pre-added", "who": ["user:anne"], "prob": 1}}, "relevance_premise": {"value": "3", "confidence": {"state": "pre-added", "who": ["user:anne"], "prob": 1}}}}], "relations": [{"classId": "support", "type": "linked", "directed": false, "entities": ["s1p2|e_3|328,484", "s1p2|e_2|217,326"], "confidence": {"state": "pre-added", "who": ["user:anne"], "prob": 1}}, {"classId": "support", "type": "linked", "directed": false, "entities": ["s1p2|e_3|677,817", "s1p2|e_2|637,675"], "confidence": {"state": "pre-added", "who": ["user:anne"], "prob": 1}}, {"classId": "support", "type": "linked", "directed": false, "entities": ["s1p2|e_3|965,1133", "s1p2|e_2|819,962"], "confidence": {"state": "pre-added", "who": ["user:anne"], "prob": 1}}, {"classId": "support", "type": "linked", "directed": false, "entities": ["s1p2|e_3|1239,1588", "s1p2|e_2|1136,1237"], "confidence": {"state": "pre-added", "who": ["user:anne"], "prob": 1}}, {"classId": "support", "type": "linked", "directed": false, "entities": ["s1p2|e_3|1701,1927", "s1p2|e_2|1590,1698"], "confidence": {"state": "pre-added", "who": ["user:anne"], "prob": 1}}]}