{"annotatable": {"parts": ["s1p1", "s1p2", "s1p3", "s1p4", "s1p5"]}, "anncomplete": true, "sources": [], "strength_pitch": {"value": "4", "confidence": {"state": "pre-added", "who": ["user:anne"], "prob": 1}}, "entities": [{"classId": "major_claim", "part": "s1p2", "offsets": [{"start": 0, "text": "Die neue Plattform \u00abPlat-surance\u00bb soll Kunden die M\u00f6glichkeit geben, alles rund um Versicherungen an einem Ort zu erledigen."}], "coordinates": [], "confidence": {"state": "pre-added", "who": ["user:anne"], "prob": 1}, "normalizations": {}, "fields": {"specificity": {"value": "4", "confidence": {"state": "pre-added", "who": ["user:anne"], "prob": 1}}, "evidence": {"value": "4", "confidence": {"state": "pre-added", "who": ["user:anne"], "prob": 1}}}}, {"classId": "claim", "part": "s1p2", "offsets": [{"start": 125, "text": "Inhalte der verschiedenen Versicherungen werden in \u00fcbersichtlicher Form dargestellt und \u00fcber Gamification, Comics oder Videos k\u00f6nnen ansprechende Varianten zum Erkl\u00e4ren der Inhalte ausgew\u00e4hlt werden."}], "coordinates": [], "confidence": {"state": "pre-added", "who": ["user:anne"], "prob": 1}, "normalizations": {}, "fields": {"evidence": {"value": "4", "confidence": {"state": "pre-added", "who": ["user:anne"], "prob": 1}}}}, {"classId": "premise", "part": "s1p2", "offsets": [{"start": 325, "text": "Zudem k\u00f6nnen dank individualisierten Filtern, Angebote der Unternehmen miteinander verglichen und aufgrund von gewissen Kriterien (bspw. Alter, Interessen, Job, Hobbies etc.) Vorschl\u00e4ge f\u00fcr Versicherungen eingeholt werden."}], "coordinates": [], "confidence": {"state": "pre-added", "who": ["user:anne"], "prob": 1}, "normalizations": {}, "fields": {"strength_premise": {"value": "4", "confidence": {"state": "pre-added", "who": ["user:anne"], "prob": 1}}, "relevance_premise": {"value": "4", "confidence": {"state": "pre-added", "who": ["user:anne"], "prob": 1}}}}, {"classId": "claim", "part": "s1p3", "offsets": [{"start": 0, "text": "Sollte es zu einem Schadensfall kommen, ist der Prozess, wie nun vorgegangen werden muss, ebenfalls \u00fcbersichtlich auf der Plattform erkl\u00e4rt und Sch\u00e4den k\u00f6nnen direkt via Plattform eingereicht werden."}], "coordinates": [], "confidence": {"state": "pre-added", "who": ["user:anne"], "prob": 1}, "normalizations": {}, "fields": {"evidence": {"value": "4", "confidence": {"state": "pre-added", "who": ["user:anne"], "prob": 1}}}}, {"classId": "premise", "part": "s1p3", "offsets": [{"start": 200, "text": "Zus\u00e4tzlich kann die zust\u00e4ndige Ansprechperson direkt kontaktiert und informiert werden. Anschliessend erh\u00e4lt man laufend Benachrichtigung der Plattform \u00fcber den aktuellen Stand der Schadenerledigung."}], "coordinates": [], "confidence": {"state": "pre-added", "who": ["user:anne"], "prob": 1}, "normalizations": {}, "fields": {"strength_premise": {"value": "3", "confidence": {"state": "pre-added", "who": ["user:anne"], "prob": 1}}, "relevance_premise": {"value": "3", "confidence": {"state": "pre-added", "who": ["user:anne"], "prob": 1}}}}, {"classId": "premise", "part": "s1p4", "offsets": [{"start": 0, "text": "Dieses Angebot wird einerseits junge Menschen, die das erste Mal selbst eine Versicherung abschliessen und andererseits Berufst\u00e4tige Personen, die nicht viel Zeit haben sich um Organisatorisches zu k\u00fcmmern, ansprechen."}], "coordinates": [], "confidence": {"state": "pre-added", "who": ["user:anne"], "prob": 1}, "normalizations": {}, "fields": {"strength_premise": {"value": "4", "confidence": {"state": "pre-added", "who": ["user:anne"], "prob": 1}}, "relevance_premise": {"value": "3", "confidence": {"state": "pre-added", "who": ["user:anne"], "prob": 1}}}}, {"classId": "claim", "part": "s1p5", "offsets": [{"start": 0, "text": "Die Versicherungsunternehmen zahlen eine geringe Subscription-Geb\u00fchr, um ihre Angebote via der Plattform anbieten zu d\u00fcrfen."}], "coordinates": [], "confidence": {"state": "pre-added", "who": ["user:anne"], "prob": 1}, "normalizations": {}, "fields": {"evidence": {"value": "3", "confidence": {"state": "pre-added", "who": ["user:anne"], "prob": 1}}}}, {"classId": "premise", "part": "s1p5", "offsets": [{"start": 125, "text": "Ausserdem erhebt die Plattform eine kleine Vermittlungsgeb\u00fchr beim erfolgreichen Abschluss einer Versicherung."}], "coordinates": [], "confidence": {"state": "pre-added", "who": ["user:anne"], "prob": 1}, "normalizations": {}, "fields": {"strength_premise": {"value": "3", "confidence": {"state": "pre-added", "who": ["user:anne"], "prob": 1}}, "relevance_premise": {"value": "4", "confidence": {"state": "pre-added", "who": ["user:anne"], "prob": 1}}}}, {"classId": "premise", "part": "s1p5", "offsets": [{"start": 236, "text": "Die Angebote der Versicherungen sind zu gleichen Preisen wie auf den individuellen Webseiten aufgef\u00fchrt, um zu verhindern, dass Kunden sich auf der Plattform informieren, anschliessend aber dann doch direkt bei den Versicherungsunternehmen ihre Versicherung abschliessen."}], "coordinates": [], "confidence": {"state": "pre-added", "who": ["user:anne"], "prob": 1}, "normalizations": {}, "fields": {"strength_premise": {"value": "4", "confidence": {"state": "pre-added", "who": ["user:anne"], "prob": 1}}, "relevance_premise": {"value": "3", "confidence": {"state": "pre-added", "who": ["user:anne"], "prob": 1}}}}], "relations": [{"classId": "support", "type": "linked", "directed": false, "entities": ["s1p2|e_3|325,546", "s1p2|e_2|125,323"], "confidence": {"state": "pre-added", "who": ["user:anne"], "prob": 1}}, {"classId": "support", "type": "linked", "directed": false, "entities": ["s1p3|e_3|200,398", "s1p3|e_2|0,198"], "confidence": {"state": "pre-added", "who": ["user:anne"], "prob": 1}}, {"classId": "support", "type": "linked", "directed": false, "entities": ["s1p4|e_3|0,217", "s1p3|e_2|0,198"], "confidence": {"state": "pre-added", "who": ["user:anne"], "prob": 1}}, {"classId": "support", "type": "linked", "directed": false, "entities": ["s1p5|e_3|125,234", "s1p5|e_2|0,123"], "confidence": {"state": "pre-added", "who": ["user:anne"], "prob": 1}}, {"classId": "r_7", "type": "linked", "directed": false, "entities": ["s1p5|e_3|236,506", "s1p5|e_3|125,234"], "confidence": {"state": "pre-added", "who": ["user:anne"], "prob": 1}}]}