{"annotatable": {"parts": ["s1p1"]}, "anncomplete": true, "sources": [], "strength_pitch": {"value": "4", "confidence": {"state": "pre-added", "who": ["user:anne"], "prob": 1}}, "entities": [{"classId": "major_claim", "part": "s1p1", "offsets": [{"start": 0, "text": "Die digitale Plattform W\u00e4schefuchs erm\u00f6glicht den Endkunden auf einen Blick zahlreiche W\u00e4scheservice-Anbieter zu vergleichen und denjenigen auszuw\u00e4hlen der den eigenen Bed\u00fcrfnissen am meisten entspricht."}], "coordinates": [], "confidence": {"state": "pre-added", "who": ["user:anne"], "prob": 1}, "normalizations": {}, "fields": {"specificity": {"value": "4", "confidence": {"state": "pre-added", "who": ["user:anne"], "prob": 1}}, "evidence": {"value": "4", "confidence": {"state": "pre-added", "who": ["user:anne"], "prob": 1}}}}, {"classId": "claim", "part": "s1p1", "offsets": [{"start": 204, "text": "Das Zusammenkommen vieler Anbieter erm\u00f6glicht dem einzelnen Kunden zeitnah einen Service zu buchen."}], "coordinates": [], "confidence": {"state": "pre-added", "who": ["user:anne"], "prob": 1}, "normalizations": {}, "fields": {"evidence": {"value": "4", "confidence": {"state": "pre-added", "who": ["user:anne"], "prob": 1}}}}, {"classId": "premise", "part": "s1p1", "offsets": [{"start": 304, "text": "Zus\u00e4tzlich erm\u00f6glicht die Vielzahl der Anbieter auch unterschiedliche Services in Anspruch zu nehmen bzgl. Leistung und Terminvereinbarung, sodass ein Service ausgew\u00e4hlt werden kann, welcher am besten den pers\u00f6nlichen Bed\u00fcrfnissen entspricht und auch die einzelne Kaufbereitschaft optimal absch\u00f6pft."}], "coordinates": [], "confidence": {"state": "pre-added", "who": ["user:anne"], "prob": 1}, "normalizations": {}, "fields": {"strength_premise": {"value": "4", "confidence": {"state": "pre-added", "who": ["user:anne"], "prob": 1}}, "relevance_premise": {"value": "3", "confidence": {"state": "pre-added", "who": ["user:anne"], "prob": 1}}}}, {"classId": "claim", "part": "s1p1", "offsets": [{"start": 604, "text": "Die W\u00e4sche wird von von den angestellten Fahrern von W\u00e4schefuchs abgeholt und zum Serviceanbieter gebracht und nach dem Service auch wieder an den gew\u00fcnschten Ort zur gew\u00fcnschten Zeit zur\u00fcckgebracht"}], "coordinates": [], "confidence": {"state": "pre-added", "who": ["user:anne"], "prob": 1}, "normalizations": {}, "fields": {"evidence": {"value": "4", "confidence": {"state": "pre-added", "who": ["user:anne"], "prob": 1}}}}, {"classId": "premise", "part": "s1p1", "offsets": [{"start": 803, "text": "W\u00e4schefuchs erleichtert somit nicht nur den Alltag der Kunden, sondern auch denjenigen der Anbieter."}], "coordinates": [], "confidence": {"state": "pre-added", "who": ["user:anne"], "prob": 1}, "normalizations": {}, "fields": {"strength_premise": {"value": "3", "confidence": {"state": "pre-added", "who": ["user:anne"], "prob": 1}}, "relevance_premise": {"value": "3", "confidence": {"state": "pre-added", "who": ["user:anne"], "prob": 1}}}}, {"classId": "claim", "part": "s1p1", "offsets": [{"start": 904, "text": "Er bietet B2C Kunden eine zus\u00e4tzliche Werbeplattform und einen \u00fcbersichtlichen Kanal,"}], "coordinates": [], "confidence": {"state": "pre-added", "who": ["user:anne"], "prob": 1}, "normalizations": {}, "fields": {"evidence": {"value": "3", "confidence": {"state": "pre-added", "who": ["user:anne"], "prob": 1}}}}, {"classId": "premise", "part": "s1p1", "offsets": [{"start": 990, "text": "um mit Kunden in Kontakt zu treten. Zudem bietet er auch einzelnen Anbietern im C2C-Bereich eine zus\u00e4tzliche Besch\u00e4ftigungsm\u00f6glichkeit."}], "coordinates": [], "confidence": {"state": "pre-added", "who": ["user:anne"], "prob": 1}, "normalizations": {}, "fields": {"strength_premise": {"value": "3", "confidence": {"state": "pre-added", "who": ["user:anne"], "prob": 1}}, "relevance_premise": {"value": "4", "confidence": {"state": "pre-added", "who": ["user:anne"], "prob": 1}}}}], "relations": [{"classId": "support", "type": "linked", "directed": false, "entities": ["s1p1|e_3|304,602", "s1p1|e_2|204,302"], "confidence": {"state": "pre-added", "who": ["user:anne"], "prob": 1}}, {"classId": "support", "type": "linked", "directed": false, "entities": ["s1p1|e_3|803,902", "s1p1|e_2|604,801"], "confidence": {"state": "pre-added", "who": ["user:anne"], "prob": 1}}, {"classId": "support", "type": "linked", "directed": false, "entities": ["s1p1|e_3|990,1124", "s1p1|e_2|904,988"], "confidence": {"state": "pre-added", "who": ["user:anne"], "prob": 1}}]}