{"annotatable": {"parts": ["s1p1", "s1p2"]}, "anncomplete": true, "sources": [], "strength_pitch": {"value": "4", "confidence": {"state": "pre-added", "who": ["user:anne"], "prob": 1}}, "entities": [{"classId": "major_claim", "part": "s1p2", "offsets": [{"start": 0, "text": "MySKK ist eine neue Version der SKK-Website, die auch als mobile App erh\u00e4ltlich ist, die es Studierenden erm\u00f6glicht, B\u00fccher online zu kaufen."}], "coordinates": [], "confidence": {"state": "pre-added", "who": ["user:anne"], "prob": 1}, "normalizations": {}, "fields": {"specificity": {"value": "4", "confidence": {"state": "pre-added", "who": ["user:anne"], "prob": 1}}, "evidence": {"value": "4", "confidence": {"state": "pre-added", "who": ["user:anne"], "prob": 1}}}}, {"classId": "claim", "part": "s1p2", "offsets": [{"start": 142, "text": "Das Paket kann an deine Adresse in St.Gallen geliefern sein oder kann als Packet in der SKK erh\u00e4ltlich werden."}], "coordinates": [], "confidence": {"state": "pre-added", "who": ["user:anne"], "prob": 1}, "normalizations": {}, "fields": {"evidence": {"value": "4", "confidence": {"state": "pre-added", "who": ["user:anne"], "prob": 1}}}}, {"classId": "claim", "part": "s1p2", "offsets": [{"start": 253, "text": "Die Plattform ist mit Canvas verbunden und zeigt genau die B\u00fccher an, die erforderlich sind f\u00fcr die belegten Kurse des jeweiligen Studenten."}], "coordinates": [], "confidence": {"state": "pre-added", "who": ["user:anne"], "prob": 1}, "normalizations": {}, "fields": {"evidence": {"value": "4", "confidence": {"state": "pre-added", "who": ["user:anne"], "prob": 1}}}}, {"classId": "premise", "part": "s1p2", "offsets": [{"start": 394, "text": "Der/die Student/in hat die M\u00f6glichkeit, die ben\u00f6tigten B\u00fccher Online auszuw\u00e4hlen und diese per Kreditkarte oder andere digitale Payment M\u00f6glichkeiten (Twint, Apple Pay,...etc.) zu kaufen."}], "coordinates": [], "confidence": {"state": "pre-added", "who": ["user:anne"], "prob": 1}, "normalizations": {}, "fields": {"strength_premise": {"value": "4", "confidence": {"state": "pre-added", "who": ["user:anne"], "prob": 1}}, "relevance_premise": {"value": "4", "confidence": {"state": "pre-added", "who": ["user:anne"], "prob": 1}}}}, {"classId": "claim", "part": "s1p2", "offsets": [{"start": 582, "text": "Die Bestellung wird einige Tage sp\u00e4ter an die Adresse des Studenten gesendet oder kann als Paket in der SKK erh\u00e4ltlich sein wenn der Sch\u00fcler keine zus\u00e4tzlichen Versandkosten bezahlen m\u00f6chte."}], "coordinates": [], "confidence": {"state": "pre-added", "who": ["user:anne"], "prob": 1}, "normalizations": {}, "fields": {"evidence": {"value": "4", "confidence": {"state": "pre-added", "who": ["user:anne"], "prob": 1}}}}, {"classId": "premise", "part": "s1p2", "offsets": [{"start": 773, "text": "Nach dem Kauf k\u00f6nnen die Studenten eine Bewertung zu den gekauften B\u00fcchern abgeben, in welcher sie genauer erl\u00e4utern, ob das Buch n\u00fctzlich war und ob sie den Kauf anderen Studenten empfehlen w\u00fcrden."}], "coordinates": [], "confidence": {"state": "pre-added", "who": ["user:anne"], "prob": 1}, "normalizations": {}, "fields": {"strength_premise": {"value": "3", "confidence": {"state": "pre-added", "who": ["user:anne"], "prob": 1}}, "relevance_premise": {"value": "4", "confidence": {"state": "pre-added", "who": ["user:anne"], "prob": 1}}}}, {"classId": "claim", "part": "s1p2", "offsets": [{"start": 972, "text": "Auf diese Weise erhalten Studenten der n\u00e4chsten Jahrg\u00e4nge Unterst\u00fctzung bei der Entscheidung,"}], "coordinates": [], "confidence": {"state": "pre-added", "who": ["user:anne"], "prob": 1}, "normalizations": {}, "fields": {"evidence": {"value": "4", "confidence": {"state": "pre-added", "who": ["user:anne"], "prob": 1}}}}, {"classId": "premise", "part": "s1p2", "offsets": [{"start": 1066, "text": "welche B\u00fccher sie kaufen sollen. Dies soll ihnen helfen, alle ihre Kurse erfolgreich zu bestehen ohne unn\u00f6tige K\u00e4ufe zu t\u00e4tigen"}], "coordinates": [], "confidence": {"state": "pre-added", "who": ["user:anne"], "prob": 1}, "normalizations": {}, "fields": {"strength_premise": {"value": "4", "confidence": {"state": "pre-added", "who": ["user:anne"], "prob": 1}}, "relevance_premise": {"value": "4", "confidence": {"state": "pre-added", "who": ["user:anne"], "prob": 1}}}}], "relations": [{"classId": "support", "type": "linked", "directed": false, "entities": ["s1p2|e_3|394,580", "s1p2|e_2|253,392"], "confidence": {"state": "pre-added", "who": ["user:anne"], "prob": 1}}, {"classId": "support", "type": "linked", "directed": false, "entities": ["s1p2|e_3|773,970", "s1p2|e_2|582,771"], "confidence": {"state": "pre-added", "who": ["user:anne"], "prob": 1}}, {"classId": "support", "type": "linked", "directed": false, "entities": ["s1p2|e_3|1066,1192", "s1p2|e_2|972,1064"], "confidence": {"state": "pre-added", "who": ["user:anne"], "prob": 1}}]}