{"annotatable": {"parts": ["s1p1", "s1p2", "s1p3", "s1p4", "s1p5", "s1p6"]}, "anncomplete": true, "sources": [], "strength_pitch": {"value": "3", "confidence": {"state": "pre-added", "who": ["user:anne"], "prob": 1}}, "entities": [{"classId": "major_claim", "part": "s1p2", "offsets": [{"start": 46, "text": "Was sich wie ein Gourmetrestaurant anh\u00f6rt bietet FELFEL. Ein moderner K\u00fchlschrank voller frisch zubereiteten Mahlzeiten die beliebig kombiniert werden k\u00f6nnen."}], "coordinates": [], "confidence": {"state": "pre-added", "who": ["user:anne"], "prob": 1}, "normalizations": {}, "fields": {"specificity": {"value": "3", "confidence": {"state": "pre-added", "who": ["user:anne"], "prob": 1}}, "evidence": {"value": "4", "confidence": {"state": "pre-added", "who": ["user:anne"], "prob": 1}}}}, {"classId": "claim", "part": "s1p3", "offsets": [{"start": 0, "text": "Den Mitarbeitenden bietet der K\u00fchlschrank ein Mittagessen oder einen kleinen Snack f\u00fcr zwischendurch."}], "coordinates": [], "confidence": {"state": "pre-added", "who": ["user:anne"], "prob": 1}, "normalizations": {}, "fields": {"evidence": {"value": "4", "confidence": {"state": "pre-added", "who": ["user:anne"], "prob": 1}}}}, {"classId": "premise", "part": "s1p3", "offsets": [{"start": 102, "text": "Durch das breite Angebot wird den Arbeitskr\u00e4ften genau das geboten, worauf sie Lust haben."}], "coordinates": [], "confidence": {"state": "pre-added", "who": ["user:anne"], "prob": 1}, "normalizations": {}, "fields": {"strength_premise": {"value": "3", "confidence": {"state": "pre-added", "who": ["user:anne"], "prob": 1}}, "relevance_premise": {"value": "3", "confidence": {"state": "pre-added", "who": ["user:anne"], "prob": 1}}}}, {"classId": "claim", "part": "s1p3", "offsets": [{"start": 193, "text": "Durch frische und w\u00f6chentlich neue Kreationen,"}], "coordinates": [], "confidence": {"state": "pre-added", "who": ["user:anne"], "prob": 1}, "normalizations": {}, "fields": {"evidence": {"value": "3", "confidence": {"state": "pre-added", "who": ["user:anne"], "prob": 1}}}}, {"classId": "premise", "part": "s1p3", "offsets": [{"start": 240, "text": "welche von lokalen Familienbetrieben hergestellt werden, ist FELFEL weitaus mehr als ein herk\u00f6mmlicher Verpflegungsautomat."}], "coordinates": [], "confidence": {"state": "pre-added", "who": ["user:anne"], "prob": 1}, "normalizations": {}, "fields": {"strength_premise": {"value": "4", "confidence": {"state": "pre-added", "who": ["user:anne"], "prob": 1}}, "relevance_premise": {"value": "3", "confidence": {"state": "pre-added", "who": ["user:anne"], "prob": 1}}}}, {"classId": "claim", "part": "s1p3", "offsets": [{"start": 364, "text": "Kalorientracking, Ern\u00e4hrungsplan und Wochen-Menus erf\u00fcllen die Erwartungen von wertvollen Mitarbeitern,"}], "coordinates": [], "confidence": {"state": "pre-added", "who": ["user:anne"], "prob": 1}, "normalizations": {}, "fields": {"evidence": {"value": "3", "confidence": {"state": "pre-added", "who": ["user:anne"], "prob": 1}}}}, {"classId": "premise", "part": "s1p3", "offsets": [{"start": 468, "text": "welche Ihre Daten und Pr\u00e4ferenzen bei der Registrierung einspeisen, und bieten den Rahmen f\u00fcr effektive Arbeit."}], "coordinates": [], "confidence": {"state": "pre-added", "who": ["user:anne"], "prob": 1}, "normalizations": {}, "fields": {"strength_premise": {"value": "3", "confidence": {"state": "pre-added", "who": ["user:anne"], "prob": 1}}, "relevance_premise": {"value": "3", "confidence": {"state": "pre-added", "who": ["user:anne"], "prob": 1}}}}, {"classId": "claim", "part": "s1p3", "offsets": [{"start": 580, "text": "Die Mahlzeiten k\u00f6nnen beliebig kombiniert werden"}], "coordinates": [], "confidence": {"state": "pre-added", "who": ["user:anne"], "prob": 1}, "normalizations": {}, "fields": {"evidence": {"value": "3", "confidence": {"state": "pre-added", "who": ["user:anne"], "prob": 1}}}}, {"classId": "premise", "part": "s1p3", "offsets": [{"start": 630, "text": "Damit kann der grosse Hunger gestillt werden und f\u00fcr kleine Esser Foodwaste verhindert werden. Der modulare Aufbau der Menus bietet dazu die richtige L\u00f6sung."}], "coordinates": [], "confidence": {"state": "pre-added", "who": ["user:anne"], "prob": 1}, "normalizations": {}, "fields": {"strength_premise": {"value": "4", "confidence": {"state": "pre-added", "who": ["user:anne"], "prob": 1}}, "relevance_premise": {"value": "4", "confidence": {"state": "pre-added", "who": ["user:anne"], "prob": 1}}}}, {"classId": "claim", "part": "s1p4", "offsets": [{"start": 0, "text": "Das Unternehmen und deren Mitarbeiter m\u00fcssen sich um nichts k\u00fcmmern."}], "coordinates": [], "confidence": {"state": "pre-added", "who": ["user:anne"], "prob": 1}, "normalizations": {}, "fields": {"evidence": {"value": "4", "confidence": {"state": "pre-added", "who": ["user:anne"], "prob": 1}}}}, {"classId": "premise", "part": "s1p4", "offsets": [{"start": 69, "text": "FELFEL bietet einen rundum Service, f\u00fcllt den K\u00fchlschrank laufend mit frischen Produkten und macht die Zahlungsabwicklung einfach. Ohne eine m\u00fchsame Lohnbuchhaltung mit Nachverrechnungen."}], "coordinates": [], "confidence": {"state": "pre-added", "who": ["user:anne"], "prob": 1}, "normalizations": {}, "fields": {"strength_premise": {"value": "3", "confidence": {"state": "pre-added", "who": ["user:anne"], "prob": 1}}, "relevance_premise": {"value": "4", "confidence": {"state": "pre-added", "who": ["user:anne"], "prob": 1}}}}, {"classId": "claim", "part": "s1p5", "offsets": [{"start": 0, "text": "Ein gratis Badge kann selbst\u00e4ndig registriert werden und die Kreditkarte kann mit wenigen Klicks hinterlegt werden."}], "coordinates": [], "confidence": {"state": "pre-added", "who": ["user:anne"], "prob": 1}, "normalizations": {}, "fields": {"evidence": {"value": "4", "confidence": {"state": "pre-added", "who": ["user:anne"], "prob": 1}}}}, {"classId": "claim", "part": "s1p5", "offsets": [{"start": 116, "text": "Nach Wunsch k\u00f6nnen auch die pers\u00f6nlichen Daten zum eigenen K\u00f6rperbau und Fitnesslevel hinterlegt werden,"}], "coordinates": [], "confidence": {"state": "pre-added", "who": ["user:anne"], "prob": 1}, "normalizations": {}, "fields": {"evidence": {"value": "3", "confidence": {"state": "pre-added", "who": ["user:anne"], "prob": 1}}}}, {"classId": "premise", "part": "s1p5", "offsets": [{"start": 221, "text": "wodurch man spezifische Produkte und Men\u00fcvorschl\u00e4ge per E-Mail erh\u00e4lt"}], "coordinates": [], "confidence": {"state": "pre-added", "who": ["user:anne"], "prob": 1}, "normalizations": {}, "fields": {"strength_premise": {"value": "3", "confidence": {"state": "pre-added", "who": ["user:anne"], "prob": 1}}, "relevance_premise": {"value": "4", "confidence": {"state": "pre-added", "who": ["user:anne"], "prob": 1}}}}, {"classId": "claim", "part": "s1p5", "offsets": [{"start": 292, "text": "Die Bezahlung ist zeitsparend und einfach."}], "coordinates": [], "confidence": {"state": "pre-added", "who": ["user:anne"], "prob": 1}, "normalizations": {}, "fields": {"evidence": {"value": "3", "confidence": {"state": "pre-added", "who": ["user:anne"], "prob": 1}}}}, {"classId": "premise", "part": "s1p5", "offsets": [{"start": 335, "text": "Zudem ist das Vertrauen von FELFEL so gross, dass die erste Mahlzeit konsumiert werden kann (max. 20.- CHF) und erst danach der Badge registriert werden muss."}], "coordinates": [], "confidence": {"state": "pre-added", "who": ["user:anne"], "prob": 1}, "normalizations": {}, "fields": {"strength_premise": {"value": "3", "confidence": {"state": "pre-added", "who": ["user:anne"], "prob": 1}}, "relevance_premise": {"value": "4", "confidence": {"state": "pre-added", "who": ["user:anne"], "prob": 1}}}}, {"classId": "claim", "part": "s1p5", "offsets": [{"start": 494, "text": "Ausgeworfene M\u00fcnzen und das Zusammensuchen von Kleingeld geh\u00f6rt der Vergangenheit an"}], "coordinates": [], "confidence": {"state": "pre-added", "who": ["user:anne"], "prob": 1}, "normalizations": {}, "fields": {"evidence": {"value": "4", "confidence": {"state": "pre-added", "who": ["user:anne"], "prob": 1}}}}, {"classId": "premise", "part": "s1p5", "offsets": [{"start": 580, "text": "genau wie ungesunde Fertigprodukte, die nicht schmecken."}], "coordinates": [], "confidence": {"state": "pre-added", "who": ["user:anne"], "prob": 1}, "normalizations": {}, "fields": {"strength_premise": {"value": "3", "confidence": {"state": "pre-added", "who": ["user:anne"], "prob": 1}}, "relevance_premise": {"value": "3", "confidence": {"state": "pre-added", "who": ["user:anne"], "prob": 1}}}}], "relations": [{"classId": "support", "type": "linked", "directed": false, "entities": ["s1p3|e_3|102,191", "s1p3|e_2|0,100"], "confidence": {"state": "pre-added", "who": ["user:anne"], "prob": 1}}, {"classId": "support", "type": "linked", "directed": false, "entities": ["s1p3|e_3|240,362", "s1p3|e_2|193,238"], "confidence": {"state": "pre-added", "who": ["user:anne"], "prob": 1}}, {"classId": "support", "type": "linked", "directed": false, "entities": ["s1p3|e_3|468,578", "s1p3|e_2|364,466"], "confidence": {"state": "pre-added", "who": ["user:anne"], "prob": 1}}, {"classId": "support", "type": "linked", "directed": false, "entities": ["s1p3|e_3|630,786", "s1p3|e_2|580,627"], "confidence": {"state": "pre-added", "who": ["user:anne"], "prob": 1}}, {"classId": "support", "type": "linked", "directed": false, "entities": ["s1p4|e_3|69,255", "s1p4|e_2|0,67"], "confidence": {"state": "pre-added", "who": ["user:anne"], "prob": 1}}, {"classId": "support", "type": "linked", "directed": false, "entities": ["s1p5|e_3|221,289", "s1p5|e_2|116,219"], "confidence": {"state": "pre-added", "who": ["user:anne"], "prob": 1}}, {"classId": "support", "type": "linked", "directed": false, "entities": ["s1p5|e_3|335,492", "s1p5|e_2|292,333"], "confidence": {"state": "pre-added", "who": ["user:anne"], "prob": 1}}, {"classId": "support", "type": "linked", "directed": false, "entities": ["s1p5|e_3|580,635", "s1p5|e_2|494,577"], "confidence": {"state": "pre-added", "who": ["user:anne"], "prob": 1}}]}