{"annotatable": {"parts": ["s1p1", "s1p2", "s1p3", "s1p4", "s1p5"]}, "anncomplete": true, "sources": [], "strength_pitch": {"value": "4", "confidence": {"state": "pre-added", "who": ["user:anne"], "prob": 1}}, "entities": [{"classId": "major_claim", "part": "s1p2", "offsets": [{"start": 0, "text": "Hairify ist die perfekte L\u00f6sung f\u00fcr alle die viel unterwegs sind, wenig Zeit & Budget haben und m\u00f6glichst flexibel sein wollen aber dennoch grossen Wert auf ihr \u00c4usseres legen."}], "coordinates": [], "confidence": {"state": "pre-added", "who": ["user:anne"], "prob": 1}, "normalizations": {}, "fields": {"specificity": {"value": "3", "confidence": {"state": "pre-added", "who": ["user:anne"], "prob": 1}}, "evidence": {"value": "4", "confidence": {"state": "pre-added", "who": ["user:anne"], "prob": 1}}}}, {"classId": "claim", "part": "s1p2", "offsets": [{"start": 177, "text": "Dank Hairify hat die lange Suche nach einem geeigneten Friseur ein Ende."}], "coordinates": [], "confidence": {"state": "pre-added", "who": ["user:anne"], "prob": 1}, "normalizations": {}, "fields": {"evidence": {"value": "3", "confidence": {"state": "pre-added", "who": ["user:anne"], "prob": 1}}}}, {"classId": "premise", "part": "s1p2", "offsets": [{"start": 250, "text": "Mit wenigen Klicks hat der Kunde Zugriff auf ein Friseur Netzwerk, welches vollst\u00e4ndig auf die individuellen Pr\u00e4ferenzen abgestimmt ist."}], "coordinates": [], "confidence": {"state": "pre-added", "who": ["user:anne"], "prob": 1}, "normalizations": {}, "fields": {"strength_premise": {"value": "3", "confidence": {"state": "pre-added", "who": ["user:anne"], "prob": 1}}, "relevance_premise": {"value": "4", "confidence": {"state": "pre-added", "who": ["user:anne"], "prob": 1}}}}, {"classId": "claim", "part": "s1p2", "offsets": [{"start": 387, "text": "Der Kunde w\u00e4hlt das Budget, den gew\u00fcnschten Radius, die Lieblingsmarken und das pr\u00e4ferierte Zeitfenster aus."}], "coordinates": [], "confidence": {"state": "pre-added", "who": ["user:anne"], "prob": 1}, "normalizations": {}, "fields": {"evidence": {"value": "4", "confidence": {"state": "pre-added", "who": ["user:anne"], "prob": 1}}}}, {"classId": "premise", "part": "s1p2", "offsets": [{"start": 496, "text": "Dank integrierter Augmented Reality Technik wird zudem die langwierige Entscheidung f\u00fcr den perfekten Haarschnitt betr\u00e4chtlich erleichtert."}], "coordinates": [], "confidence": {"state": "pre-added", "who": ["user:anne"], "prob": 1}, "normalizations": {}, "fields": {"strength_premise": {"value": "3", "confidence": {"state": "pre-added", "who": ["user:anne"], "prob": 1}}, "relevance_premise": {"value": "3", "confidence": {"state": "pre-added", "who": ["user:anne"], "prob": 1}}}}, {"classId": "claim", "part": "s1p2", "offsets": [{"start": 636, "text": "Unter zahlreichen Frisur Vorschl\u00e4gen hat der Kunde die M\u00f6glichkeit den Haarschnitt auszuw\u00e4hlen, der ihm am besten gef\u00e4llt und kann ihn direkt virtuell an sich ausprobieren."}], "coordinates": [], "confidence": {"state": "pre-added", "who": ["user:anne"], "prob": 1}, "normalizations": {}, "fields": {"evidence": {"value": "4", "confidence": {"state": "pre-added", "who": ["user:anne"], "prob": 1}}}}, {"classId": "premise", "part": "s1p2", "offsets": [{"start": 809, "text": "Sobald alle ben\u00f6tigten Daten eingegeben sind, startet die automatische Suche nach einem geeigneten Friseur."}], "coordinates": [], "confidence": {"state": "pre-added", "who": ["user:anne"], "prob": 1}, "normalizations": {}, "fields": {"strength_premise": {"value": "3", "confidence": {"state": "pre-added", "who": ["user:anne"], "prob": 1}}, "relevance_premise": {"value": "3", "confidence": {"state": "pre-added", "who": ["user:anne"], "prob": 1}}}}, {"classId": "claim", "part": "s1p2", "offsets": [{"start": 917, "text": "Innerhalb von wenigen Minuten wird die Anfrage von allen Friseur Salons bearbeitet, die mit den Pr\u00e4ferenzen des Kunden \u00fcbereinstimmen und im gew\u00fcnschten Zeitfenster einen freien Termin Slot haben."}], "coordinates": [], "confidence": {"state": "pre-added", "who": ["user:anne"], "prob": 1}, "normalizations": {}, "fields": {"evidence": {"value": "4", "confidence": {"state": "pre-added", "who": ["user:anne"], "prob": 1}}}}, {"classId": "premise", "part": "s1p2", "offsets": [{"start": 1114, "text": "Der Kunde hat Zugriff auf die Bewertungen von fr\u00fcheren Kunden und sieht zudem die ungef\u00e4hre Dauer des Friseur Termins. So kann der Kunde aus der Liste der verf\u00fcgbaren Friseure den ausw\u00e4hlen, der ihm am meisten entspricht."}], "coordinates": [], "confidence": {"state": "pre-added", "who": ["user:anne"], "prob": 1}, "normalizations": {}, "fields": {"strength_premise": {"value": "3", "confidence": {"state": "pre-added", "who": ["user:anne"], "prob": 1}}, "relevance_premise": {"value": "4", "confidence": {"state": "pre-added", "who": ["user:anne"], "prob": 1}}}}, {"classId": "claim", "part": "s1p2", "offsets": [{"start": 1336, "text": "Doch nicht nur die Suche nach dem Friseur Salon wird vereinfacht, auch die Zahlungsabwicklung findet direkt in Hairify statt."}], "coordinates": [], "confidence": {"state": "pre-added", "who": ["user:anne"], "prob": 1}, "normalizations": {}, "fields": {"evidence": {"value": "4", "confidence": {"state": "pre-added", "who": ["user:anne"], "prob": 1}}}}, {"classId": "premise", "part": "s1p2", "offsets": [{"start": 1462, "text": "Eine komplette One-Stop-Shop L\u00f6sung! Damit auch andere User von der Erfahrung profitieren k\u00f6nnen, kann der Friseur Besuch anschliessend in der App bewertet werden."}], "coordinates": [], "confidence": {"state": "pre-added", "who": ["user:anne"], "prob": 1}, "normalizations": {}, "fields": {"strength_premise": {"value": "3", "confidence": {"state": "pre-added", "who": ["user:anne"], "prob": 1}}, "relevance_premise": {"value": "3", "confidence": {"state": "pre-added", "who": ["user:anne"], "prob": 1}}}}, {"classId": "claim", "part": "s1p3", "offsets": [{"start": 0, "text": "Doch nicht nur Kunden profitieren, auch die Friseursalonanbieter k\u00f6nnen durch Hairify einen Vorteil f\u00fcr ihr Gesch\u00e4ft erzielen."}], "coordinates": [], "confidence": {"state": "pre-added", "who": ["user:anne"], "prob": 1}, "normalizations": {}, "fields": {"evidence": {"value": "3", "confidence": {"state": "pre-added", "who": ["user:anne"], "prob": 1}}}}, {"classId": "premise", "part": "s1p3", "offsets": [{"start": 127, "text": "Die Plattform erm\u00f6glicht es Anbieter und Nachfrager flexibel und schnell zusammenzubringen. Friseursalonanbieter haben dadurch Zugang zu einer breiten Kundenbasis und die M\u00f6glichkeit kurzfristig freie Terminslots zu f\u00fcllen um so Leerzeiten zu vermeiden."}], "coordinates": [], "confidence": {"state": "pre-added", "who": ["user:anne"], "prob": 1}, "normalizations": {}, "fields": {"strength_premise": {"value": "3", "confidence": {"state": "pre-added", "who": ["user:anne"], "prob": 1}}, "relevance_premise": {"value": "3", "confidence": {"state": "pre-added", "who": ["user:anne"], "prob": 1}}}}], "relations": [{"classId": "support", "type": "linked", "directed": false, "entities": ["s1p2|e_3|250,385", "s1p2|e_2|177,248"], "confidence": {"state": "pre-added", "who": ["user:anne"], "prob": 1}}, {"classId": "support", "type": "linked", "directed": false, "entities": ["s1p2|e_3|496,634", "s1p2|e_2|387,494"], "confidence": {"state": "pre-added", "who": ["user:anne"], "prob": 1}}, {"classId": "support", "type": "linked", "directed": false, "entities": ["s1p2|e_3|809,915", "s1p2|e_2|636,807"], "confidence": {"state": "pre-added", "who": ["user:anne"], "prob": 1}}, {"classId": "support", "type": "linked", "directed": false, "entities": ["s1p2|e_3|1114,1334", "s1p2|e_2|917,1112"], "confidence": {"state": "pre-added", "who": ["user:anne"], "prob": 1}}, {"classId": "support", "type": "linked", "directed": false, "entities": ["s1p2|e_3|1462,1624", "s1p2|e_2|1336,1460"], "confidence": {"state": "pre-added", "who": ["user:anne"], "prob": 1}}, {"classId": "support", "type": "linked", "directed": false, "entities": ["s1p3|e_3|127,379", "s1p3|e_2|0,125"], "confidence": {"state": "pre-added", "who": ["user:anne"], "prob": 1}}]}