{"annotatable": {"parts": ["s1p1", "s1p2"]}, "anncomplete": true, "sources": [], "strength_pitch": {"value": "3", "confidence": {"state": "pre-added", "who": ["user:anne"], "prob": 1}}, "entities": [{"classId": "claim", "part": "s1p2", "offsets": [{"start": 0, "text": "Fast w\u00f6chentlich erscheinen sogar in der konservativen Schweiz Medienbeitr\u00e4ge \u00fcber Hautpflege f\u00fcr M\u00e4nner und Makeup-tragende M\u00e4nner."}], "coordinates": [], "confidence": {"state": "pre-added", "who": ["user:anne"], "prob": 1}, "normalizations": {}, "fields": {"evidence": {"value": "4", "confidence": {"state": "pre-added", "who": ["user:anne"], "prob": 1}}}}, {"classId": "premise", "part": "s1p2", "offsets": [{"start": 133, "text": "Eine erste Umfrage unter HSG Studenten ergab, dass sie es als m\u00fchsam empfanden eine gute Feuchtigkeitscr\u00e8me zu finden. Sich in einen Makeupladen zu Makeup zu beraten ist die noch gr\u00f6ssere Herausforderung."}], "coordinates": [], "confidence": {"state": "pre-added", "who": ["user:anne"], "prob": 1}, "normalizations": {}, "fields": {"strength_premise": {"value": "3", "confidence": {"state": "pre-added", "who": ["user:anne"], "prob": 1}}, "relevance_premise": {"value": "3", "confidence": {"state": "pre-added", "who": ["user:anne"], "prob": 1}}}}, {"classId": "major_claim", "part": "s1p2", "offsets": [{"start": 338, "text": "Auf unserer Webseite beantworten M\u00e4nner ein paar kurze Frage zu ihren Hautbed\u00fcrfnissen und Hautgegebenheiten und erhalten dann eine Auswahl an passenden Pflege- und Makeupprodukten."}], "coordinates": [], "confidence": {"state": "pre-added", "who": ["user:anne"], "prob": 1}, "normalizations": {}, "fields": {"specificity": {"value": "4", "confidence": {"state": "pre-added", "who": ["user:anne"], "prob": 1}}, "evidence": {"value": "4", "confidence": {"state": "pre-added", "who": ["user:anne"], "prob": 1}}}}, {"classId": "premise", "part": "s1p2", "offsets": [{"start": 520, "text": "Eine Schritt-f\u00fcr-Schritt Anleitung unterst\u00fctzt die M\u00e4nner bei der korrekten Anwendung"}], "coordinates": [], "confidence": {"state": "pre-added", "who": ["user:anne"], "prob": 1}, "normalizations": {}, "fields": {"strength_premise": {"value": "4", "confidence": {"state": "pre-added", "who": ["user:anne"], "prob": 1}}, "relevance_premise": {"value": "4", "confidence": {"state": "pre-added", "who": ["user:anne"], "prob": 1}}}}, {"classId": "claim", "part": "s1p2", "offsets": [{"start": 607, "text": "Sobald das Produkt getestet wurde und auch wirklich passt, kann der Mann seine Produkte abonnieren."}], "coordinates": [], "confidence": {"state": "pre-added", "who": ["user:anne"], "prob": 1}, "normalizations": {}, "fields": {"evidence": {"value": "3", "confidence": {"state": "pre-added", "who": ["user:anne"], "prob": 1}}}}, {"classId": "premise", "part": "s1p2", "offsets": [{"start": 707, "text": "Wir gew\u00e4hren Marken somit Zugang zu einer neuen Zielgruppe."}], "coordinates": [], "confidence": {"state": "pre-added", "who": ["user:anne"], "prob": 1}, "normalizations": {}, "fields": {"strength_premise": {"value": "3", "confidence": {"state": "pre-added", "who": ["user:anne"], "prob": 1}}, "relevance_premise": {"value": "3", "confidence": {"state": "pre-added", "who": ["user:anne"], "prob": 1}}}}, {"classId": "claim", "part": "s1p2", "offsets": [{"start": 767, "text": "Die Marken bezahlen eine monatliche Mitgliedschaftsgeb\u00fchr"}], "coordinates": [], "confidence": {"state": "pre-added", "who": ["user:anne"], "prob": 1}, "normalizations": {}, "fields": {"evidence": {"value": "3", "confidence": {"state": "pre-added", "who": ["user:anne"], "prob": 1}}}}, {"classId": "premise", "part": "s1p2", "offsets": [{"start": 826, "text": "zudem erhalten wir durch die Verk\u00e4ufe auf unserer Plattform einen Anteil des Verkaufspreises als Entsch\u00e4digung"}], "coordinates": [], "confidence": {"state": "pre-added", "who": ["user:anne"], "prob": 1}, "normalizations": {}, "fields": {"strength_premise": {"value": "3", "confidence": {"state": "pre-added", "who": ["user:anne"], "prob": 1}}, "relevance_premise": {"value": "4", "confidence": {"state": "pre-added", "who": ["user:anne"], "prob": 1}}}}, {"classId": "claim", "part": "s1p2", "offsets": [{"start": 938, "text": "Mit diesem Service erhalten M\u00e4nner endlich kompetente und niederschwellige Unterst\u00fctzung bei der Auswahl ihrer Groomingprodukten"}], "coordinates": [], "confidence": {"state": "pre-added", "who": ["user:anne"], "prob": 1}, "normalizations": {}, "fields": {"evidence": {"value": "4", "confidence": {"state": "pre-added", "who": ["user:anne"], "prob": 1}}}}, {"classId": "premise", "part": "s1p2", "offsets": [{"start": 1068, "text": "Die empfohlenen Produkte werden zu Beginn von bereits etablierten Marken stammen, es wird jedoch noch getestet ob die Entwicklung einer Eigenmarke sinnvoll ist."}], "coordinates": [], "confidence": {"state": "pre-added", "who": ["user:anne"], "prob": 1}, "normalizations": {}, "fields": {"strength_premise": {"value": "3", "confidence": {"state": "pre-added", "who": ["user:anne"], "prob": 1}}, "relevance_premise": {"value": "3", "confidence": {"state": "pre-added", "who": ["user:anne"], "prob": 1}}}}], "relations": [{"classId": "r_5", "type": "linked", "directed": false, "entities": ["s1p2|e_3|520,604", "s1p2|e_1|338,518"], "confidence": {"state": "pre-added", "who": ["user:anne"], "prob": 1}}, {"classId": "support", "type": "linked", "directed": false, "entities": ["s1p2|e_3|133,336", "s1p2|e_2|0,131"], "confidence": {"state": "pre-added", "who": ["user:anne"], "prob": 1}}, {"classId": "support", "type": "linked", "directed": false, "entities": ["s1p2|e_3|707,765", "s1p2|e_2|607,705"], "confidence": {"state": "pre-added", "who": ["user:anne"], "prob": 1}}, {"classId": "support", "type": "linked", "directed": false, "entities": ["s1p2|e_3|826,935", "s1p2|e_2|767,823"], "confidence": {"state": "pre-added", "who": ["user:anne"], "prob": 1}}, {"classId": "support", "type": "linked", "directed": false, "entities": ["s1p2|e_3|1068,1227", "s1p2|e_2|938,1065"], "confidence": {"state": "pre-added", "who": ["user:anne"], "prob": 1}}]}