{"annotatable": {"parts": ["s1p1", "s1p2", "s1p3", "s1p4", "s1p5"]}, "anncomplete": true, "sources": [], "strength_pitch": {"value": "4", "confidence": {"state": "pre-added", "who": ["user:anne"], "prob": 1}}, "entities": [{"classId": "major_claim", "part": "s1p2", "offsets": [{"start": 0, "text": "Wisch & Wupp ist ein digital vernetzer Handschuh, der mit einer eigens entwickelten App verkn\u00fcpft wird. Er misst das Putzverhalten des Users, und gibt Auskunft \u00fcber Wischtechnik, Tipps und Zeit."}], "coordinates": [], "confidence": {"state": "pre-added", "who": ["user:anne"], "prob": 1}, "normalizations": {}, "fields": {"specificity": {"value": "4", "confidence": {"state": "pre-added", "who": ["user:anne"], "prob": 1}}, "evidence": {"value": "4", "confidence": {"state": "pre-added", "who": ["user:anne"], "prob": 1}}}}, {"classId": "claim", "part": "s1p3", "offsets": [{"start": 0, "text": "Man kann die Gr\u00f6sse des benutzen Lappens, der Oberfl\u00e4che und der Beschaffenheit vor dem Putzen angeben,"}], "coordinates": [], "confidence": {"state": "pre-added", "who": ["user:anne"], "prob": 1}, "normalizations": {}, "fields": {"evidence": {"value": "3", "confidence": {"state": "pre-added", "who": ["user:anne"], "prob": 1}}}}, {"classId": "claim", "part": "s1p3", "offsets": [{"start": 36, "text": "p"}], "coordinates": [], "confidence": {"state": "pre-added", "who": ["user:anne"], "prob": 1}, "normalizations": {}, "fields": {}}, {"classId": "premise", "part": "s1p3", "offsets": [{"start": 104, "text": "sofern der Scan nicht alle Daten direkt automatisch erfasst."}], "coordinates": [], "confidence": {"state": "pre-added", "who": ["user:anne"], "prob": 1}, "normalizations": {}, "fields": {"strength_premise": {"value": "3", "confidence": {"state": "pre-added", "who": ["user:anne"], "prob": 1}}, "relevance_premise": {"value": "3", "confidence": {"state": "pre-added", "who": ["user:anne"], "prob": 1}}}}, {"classId": "claim", "part": "s1p3", "offsets": [{"start": 165, "text": "Das Programm kalkuliert den optimalen Putzweg inkl. Tipps zum Material und Wisch-Technik."}], "coordinates": [], "confidence": {"state": "pre-added", "who": ["user:anne"], "prob": 1}, "normalizations": {}, "fields": {"evidence": {"value": "3", "confidence": {"state": "pre-added", "who": ["user:anne"], "prob": 1}}}}, {"classId": "premise", "part": "s1p3", "offsets": [{"start": 253, "text": ". Es misst die Zeit des Wischen und zeigt an wieviele Handgriffe man braucht (vgl. zu Schrittz\u00e4hlern)."}], "coordinates": [], "confidence": {"state": "pre-added", "who": ["user:anne"], "prob": 1}, "normalizations": {}, "fields": {"strength_premise": {"value": "3", "confidence": {"state": "pre-added", "who": ["user:anne"], "prob": 1}}, "relevance_premise": {"value": "4", "confidence": {"state": "pre-added", "who": ["user:anne"], "prob": 1}}}}, {"classId": "claim", "part": "s1p3", "offsets": [{"start": 356, "text": "Die App bietet vorinstallierte Lappengr\u00f6sssen an"}], "coordinates": [], "confidence": {"state": "pre-added", "who": ["user:anne"], "prob": 1}, "normalizations": {}, "fields": {"evidence": {"value": "3", "confidence": {"state": "pre-added", "who": ["user:anne"], "prob": 1}}}}, {"classId": "premise", "part": "s1p3", "offsets": [{"start": 406, "text": "z.B.: eigenproduzierte Lappen mit den Funktionsnamen \u201eWC\u201c, \u201eAblagen\u201c."}], "coordinates": [], "confidence": {"state": "pre-added", "who": ["user:anne"], "prob": 1}, "normalizations": {}, "fields": {"strength_premise": {"value": "3", "confidence": {"state": "pre-added", "who": ["user:anne"], "prob": 1}}, "relevance_premise": {"value": "3", "confidence": {"state": "pre-added", "who": ["user:anne"], "prob": 1}}}}, {"classId": "claim", "part": "s1p3", "offsets": [{"start": 476, "text": "Ab einer bestimmten Anzahl von geputzten Fl\u00e4chen bekommt man personalisierte Putzlappen freigeschaltet."}], "coordinates": [], "confidence": {"state": "pre-added", "who": ["user:anne"], "prob": 1}, "normalizations": {}, "fields": {"evidence": {"value": "4", "confidence": {"state": "pre-added", "who": ["user:anne"], "prob": 1}}}}, {"classId": "premise", "part": "s1p3", "offsets": [{"start": 580, "text": "Die App ist kostenlos und mit anderen Nutzerkonten verkn\u00fcpfbar - zum Austausch von Tipps und Aufgabenerf\u00fcllungen."}], "coordinates": [], "confidence": {"state": "pre-added", "who": ["user:anne"], "prob": 1}, "normalizations": {}, "fields": {"strength_premise": {"value": "3", "confidence": {"state": "pre-added", "who": ["user:anne"], "prob": 1}}, "relevance_premise": {"value": "3", "confidence": {"state": "pre-added", "who": ["user:anne"], "prob": 1}}}}, {"classId": "claim", "part": "s1p4", "offsets": [{"start": 0, "text": "Man kann seine Ergebnisse mit seiner Familie, Freunden oder WG-Mitbewohnern teilen und seinen Fortschritt verfolgen."}], "coordinates": [], "confidence": {"state": "pre-added", "who": ["user:anne"], "prob": 1}, "normalizations": {}, "fields": {"evidence": {"value": "3", "confidence": {"state": "pre-added", "who": ["user:anne"], "prob": 1}}}}, {"classId": "premise", "part": "s1p4", "offsets": [{"start": 117, "text": "Feedack und Tipps der App geben dem Nutzer ein Gef\u00fchl der Sicherheit und Machbarkeit nebst wichtigem Zeitgewinn. Die effizientesten Wischwege und das ausdr\u00fccklich positive Feedback mindern die Frustration \u00fcber routinierte Handgriffe"}], "coordinates": [], "confidence": {"state": "pre-added", "who": ["user:anne"], "prob": 1}, "normalizations": {}, "fields": {"strength_premise": {"value": "3", "confidence": {"state": "pre-added", "who": ["user:anne"], "prob": 1}}, "relevance_premise": {"value": "4", "confidence": {"state": "pre-added", "who": ["user:anne"], "prob": 1}}}}, {"classId": "claim", "part": "s1p5", "offsets": [{"start": 0, "text": "Der Handschuh sieht nicht nur futuristisch aus,"}], "coordinates": [], "confidence": {"state": "pre-added", "who": ["user:anne"], "prob": 1}, "normalizations": {}, "fields": {"evidence": {"value": "3", "confidence": {"state": "pre-added", "who": ["user:anne"], "prob": 1}}}}, {"classId": "premise", "part": "s1p5", "offsets": [{"start": 48, "text": "es gibt ihn auch f\u00fcr Links- und Rechtsh\u00e4nder in verschiedenen Gr\u00f6ssen."}], "coordinates": [], "confidence": {"state": "pre-added", "who": ["user:anne"], "prob": 1}, "normalizations": {}, "fields": {"strength_premise": {"value": "3", "confidence": {"state": "pre-added", "who": ["user:anne"], "prob": 1}}, "relevance_premise": {"value": "3", "confidence": {"state": "pre-added", "who": ["user:anne"], "prob": 1}}}}, {"classId": "claim", "part": "s1p5", "offsets": [{"start": 119, "text": "Wisch &Wupp verwandelt langweilige Routinen in Aktivit\u00e4ten mit sportlichen Wettbewerb und f\u00fchrt zu Effizienzsteigerung und Belohnung zum Abschluss jedes Wischens."}], "coordinates": [], "confidence": {"state": "pre-added", "who": ["user:anne"], "prob": 1}, "normalizations": {}, "fields": {"evidence": {"value": "4", "confidence": {"state": "pre-added", "who": ["user:anne"], "prob": 1}}}}], "relations": [{"classId": "support", "type": "linked", "directed": false, "entities": ["s1p3|e_3|253,354", "s1p3|e_2|165,253"], "confidence": {"state": "pre-added", "who": ["user:anne"], "prob": 1}}, {"classId": "support", "type": "linked", "directed": false, "entities": ["s1p3|e_3|406,474", "s1p3|e_2|356,403"], "confidence": {"state": "pre-added", "who": ["user:anne"], "prob": 1}}, {"classId": "support", "type": "linked", "directed": false, "entities": ["s1p3|e_3|580,692", "s1p3|e_2|476,578"], "confidence": {"state": "pre-added", "who": ["user:anne"], "prob": 1}}, {"classId": "support", "type": "linked", "directed": false, "entities": ["s1p4|e_3|117,348", "s1p4|e_2|0,115"], "confidence": {"state": "pre-added", "who": ["user:anne"], "prob": 1}}, {"classId": "support", "type": "linked", "directed": false, "entities": ["s1p5|e_3|48,117", "s1p5|e_2|0,46"], "confidence": {"state": "pre-added", "who": ["user:anne"], "prob": 1}}]}