{"annotatable": {"parts": ["s1p1", "s1p2"]}, "anncomplete": true, "sources": [], "strength_pitch": {"value": "4", "confidence": {"state": "pre-added", "who": ["user:anne"], "prob": 1}}, "entities": [{"classId": "major_claim", "part": "s1p2", "offsets": [{"start": 0, "text": "Das neue Business-Model dient als Erg\u00e4nzung zum bisherigen Gesch\u00e4ftsmodell von BestSecret. Die User k\u00f6nnen sich dabei \u00fcber ein App die gew\u00fcnschten Kleider bequem nach Hause liefern lassen."}], "coordinates": [], "confidence": {"state": "pre-added", "who": ["user:anne"], "prob": 1}, "normalizations": {}, "fields": {"specificity": {"value": "3", "confidence": {"state": "pre-added", "who": ["user:anne"], "prob": 1}}, "evidence": {"value": "4", "confidence": {"state": "pre-added", "who": ["user:anne"], "prob": 1}}}}, {"classId": "claim", "part": "s1p2", "offsets": [{"start": 189, "text": "Im Gegensatz zur bisherigen User-Journey m\u00fcssen die Pr\u00e4ferenzen nur einmal eingegeben werden, damit die Kleider von einem Experten passend zusammengestellt werden k\u00f6nnen."}], "coordinates": [], "confidence": {"state": "pre-added", "who": ["user:anne"], "prob": 1}, "normalizations": {}, "fields": {"evidence": {"value": "4", "confidence": {"state": "pre-added", "who": ["user:anne"], "prob": 1}}}}, {"classId": "premise", "part": "s1p2", "offsets": [{"start": 360, "text": "Kombiniert wird dieses Modell mit den aktuellen Rabatten und Preisnachl\u00e4ssen, die schon im bisherigen Gesch\u00e4ftsmodell von BestSecret bestehen. Damit soll auch f\u00fcr die User, die keine Lust oder Zeit haben, um sich \u00fcber die neuen Trends zu informieren und in den Gesch\u00e4ften nach passenden Schn\u00e4ppchen zu suchen die M\u00f6glichkeit bestehen, sich gut zu kleiden, ohne daf\u00fcr Unsummen ausgeben zu m\u00fcssen."}], "coordinates": [], "confidence": {"state": "pre-added", "who": ["user:anne"], "prob": 1}, "normalizations": {}, "fields": {"strength_premise": {"value": "4", "confidence": {"state": "pre-added", "who": ["user:anne"], "prob": 1}}, "relevance_premise": {"value": "4", "confidence": {"state": "pre-added", "who": ["user:anne"], "prob": 1}}}}, {"classId": "claim", "part": "s1p2", "offsets": [{"start": 995, "text": "Wenn diese Marke einen Ausverkauf hat, wird das gew\u00fcnschte Kleidungsst\u00fcck automatisch angezeigt und falls gew\u00fcnscht nach Hause geliefert."}], "coordinates": [], "confidence": {"state": "pre-added", "who": ["user:anne"], "prob": 1}, "normalizations": {}, "fields": {"evidence": {"value": "4", "confidence": {"state": "pre-added", "who": ["user:anne"], "prob": 1}}}}, {"classId": "premise", "part": "s1p2", "offsets": [{"start": 1133, "text": "Die User k\u00f6nnen somit sich sicher sein, dass das Kleidungsst\u00fcck passt und zu einem g\u00fcnstigen Preis gekauft wurde."}], "coordinates": [], "confidence": {"state": "pre-added", "who": ["user:anne"], "prob": 1}, "normalizations": {}, "fields": {"strength_premise": {"value": "3", "confidence": {"state": "pre-added", "who": ["user:anne"], "prob": 1}}, "relevance_premise": {"value": "4", "confidence": {"state": "pre-added", "who": ["user:anne"], "prob": 1}}}}, {"classId": "claim", "part": "s1p2", "offsets": [{"start": 1395, "text": "Das Unternehmen BestSecret, kann dadurch sein bestehendes Gesch\u00e4ftsmodel erweitern und die langfristigen Kundenbindungen nutzen"}], "coordinates": [], "confidence": {"state": "pre-added", "who": ["user:anne"], "prob": 1}, "normalizations": {}, "fields": {"evidence": {"value": "3", "confidence": {"state": "pre-added", "who": ["user:anne"], "prob": 1}}}}, {"classId": "premise", "part": "s1p2", "offsets": [{"start": 1524, "text": "um in der Zukunft einen stabilen Umsatz zu generieren"}], "coordinates": [], "confidence": {"state": "pre-added", "who": ["user:anne"], "prob": 1}, "normalizations": {}, "fields": {"strength_premise": {"value": "3", "confidence": {"state": "pre-added", "who": ["user:anne"], "prob": 1}}, "relevance_premise": {"value": "4", "confidence": {"state": "pre-added", "who": ["user:anne"], "prob": 1}}}}, {"classId": "claim", "part": "s1p2", "offsets": [{"start": 1579, "text": "Zus\u00e4tzlich wird durch das neue Business-Modell eine neue User-Persona angesprochen, die \u00fcblicherweise nicht viel Zeit mit dem Online-Shopping verbringt."}], "coordinates": [], "confidence": {"state": "pre-added", "who": ["user:anne"], "prob": 1}, "normalizations": {}, "fields": {"evidence": {"value": "4", "confidence": {"state": "pre-added", "who": ["user:anne"], "prob": 1}}}}, {"classId": "premise", "part": "s1p2", "offsets": [{"start": 1732, "text": "Besonders in der heutigen Zeit, wo die Personen mit einer Flut von Angeboten \u00fcberw\u00e4ltigt werden und durch die Transparenz im Internet m\u00fchelose Preisvergleiche durchf\u00fchren k\u00f6nnen, wird es f\u00fcr die Unternehmen aus der Modebranche immer schwieriger, sich am Markt durchzusetzen."}], "coordinates": [], "confidence": {"state": "pre-added", "who": ["user:anne"], "prob": 1}, "normalizations": {}, "fields": {"strength_premise": {"value": "4", "confidence": {"state": "pre-added", "who": ["user:anne"], "prob": 1}}, "relevance_premise": {"value": "3", "confidence": {"state": "pre-added", "who": ["user:anne"], "prob": 1}}}}, {"classId": "claim", "part": "s1p2", "offsets": [{"start": 2007, "text": "Mit dem neuen Gesch\u00e4ftsmodell sollen die neuen Trends aufgegriffen werden,"}], "coordinates": [], "confidence": {"state": "pre-added", "who": ["user:anne"], "prob": 1}, "normalizations": {}, "fields": {"evidence": {"value": "4", "confidence": {"state": "pre-added", "who": ["user:anne"], "prob": 1}}}}, {"classId": "premise", "part": "s1p2", "offsets": [{"start": 2082, "text": "um der Kriese entgegenzuwirken."}], "coordinates": [], "confidence": {"state": "pre-added", "who": ["user:anne"], "prob": 1}, "normalizations": {}, "fields": {"strength_premise": {"value": "4", "confidence": {"state": "pre-added", "who": ["user:anne"], "prob": 1}}, "relevance_premise": {"value": "3", "confidence": {"state": "pre-added", "who": ["user:anne"], "prob": 1}}}}], "relations": [{"classId": "support", "type": "linked", "directed": false, "entities": ["s1p2|e_3|360,754", "s1p2|e_2|189,358"], "confidence": {"state": "pre-added", "who": ["user:anne"], "prob": 1}}, {"classId": "support", "type": "linked", "directed": false, "entities": ["s1p2|e_3|1133,1245", "s1p2|e_2|995,1131"], "confidence": {"state": "pre-added", "who": ["user:anne"], "prob": 1}}, {"classId": "support", "type": "linked", "directed": false, "entities": ["s1p2|e_3|1524,1576", "s1p2|e_2|1395,1521"], "confidence": {"state": "pre-added", "who": ["user:anne"], "prob": 1}}, {"classId": "support", "type": "linked", "directed": false, "entities": ["s1p2|e_3|1732,2005", "s1p2|e_2|1579,1730"], "confidence": {"state": "pre-added", "who": ["user:anne"], "prob": 1}}, {"classId": "support", "type": "linked", "directed": false, "entities": ["s1p2|e_3|2082,2112", "s1p2|e_2|2007,2080"], "confidence": {"state": "pre-added", "who": ["user:anne"], "prob": 1}}]}