{"annotatable": {"parts": ["s1p1", "s1p2"]}, "anncomplete": true, "sources": [], "strength_pitch": {"value": "3", "confidence": {"state": "pre-added", "who": ["user:anne"], "prob": 1}}, "entities": [{"classId": "major_claim", "part": "s1p2", "offsets": [{"start": 0, "text": "Ein vollumf\u00e4nglicher Laundry Service erm\u00f6glicht die Bestellung und Bezahlung der W\u00e4schereinigung via App."}], "coordinates": [], "confidence": {"state": "pre-added", "who": ["user:anne"], "prob": 1}, "normalizations": {}, "fields": {"specificity": {"value": "3", "confidence": {"state": "pre-added", "who": ["user:anne"], "prob": 1}}, "evidence": {"value": "3", "confidence": {"state": "pre-added", "who": ["user:anne"], "prob": 1}}}}, {"classId": "claim", "part": "s1p2", "offsets": [{"start": 106, "text": "Dabei wird die W\u00e4sche Zuhause oder auch in der Arbeit zur gew\u00fcnschten Zeit abgeholt und in passende Boxen f\u00fcr einen sorgf\u00e4ltigen Umgang mit der W\u00e4sche eingepackt. Nach Reinigung der W\u00e4sche wird diese wieder zum gew\u00fcnschten Zeitpunkt und Ort gewaschen und geb\u00fcgelt abgeliefert. Zudem bietet die App Empfehlungen an, anhand einer Analyse der bisherigen Reinigungsverhalten der User, wann und wo die n\u00e4chste W\u00e4sche abgeholt werden sollte."}], "coordinates": [], "confidence": {"state": "pre-added", "who": ["user:anne"], "prob": 1}, "normalizations": {}, "fields": {"evidence": {"value": "4", "confidence": {"state": "pre-added", "who": ["user:anne"], "prob": 1}}}}, {"classId": "premise", "part": "s1p2", "offsets": [{"start": 542, "text": "Somit kann erm\u00f6glicht werden, dass die User nur eine sehr geringe Zeit in die Planung der Reinigungsg\u00e4nge investieren m\u00fcssen und einen m\u00f6glichen W\u00e4schemangel umgehen. Zudem wird f\u00fcr den User eine Zeitersparnis und Flexibilit\u00e4t erm\u00f6glicht, durch die Abholung und Lieferung der W\u00e4sche."}], "coordinates": [], "confidence": {"state": "pre-added", "who": ["user:anne"], "prob": 1}, "normalizations": {}, "fields": {"strength_premise": {"value": "3", "confidence": {"state": "pre-added", "who": ["user:anne"], "prob": 1}}, "relevance_premise": {"value": "3", "confidence": {"state": "pre-added", "who": ["user:anne"], "prob": 1}}}}, {"classId": "claim", "part": "s1p2", "offsets": [{"start": 826, "text": "Vor allem Kunden mit anspruchsvollen Jobs, als auch M\u00fctter, die Familie und Job vereinbaren wollen, leiden unter enormen Zeitmangel und Organisationsaufwand."}], "coordinates": [], "confidence": {"state": "pre-added", "who": ["user:anne"], "prob": 1}, "normalizations": {}, "fields": {"evidence": {"value": "4", "confidence": {"state": "pre-added", "who": ["user:anne"], "prob": 1}}}}, {"classId": "premise", "part": "s1p2", "offsets": [{"start": 984, "text": "Die Anpassung an bisherige \u00d6ffnungszeiten und der Transport der W\u00e4sche waren grosse Herausforderungen, welche durch Smart Laundry umgangen werden."}], "coordinates": [], "confidence": {"state": "pre-added", "who": ["user:anne"], "prob": 1}, "normalizations": {}, "fields": {"strength_premise": {"value": "3", "confidence": {"state": "pre-added", "who": ["user:anne"], "prob": 1}}, "relevance_premise": {"value": "3", "confidence": {"state": "pre-added", "who": ["user:anne"], "prob": 1}}}}], "relations": [{"classId": "support", "type": "linked", "directed": false, "entities": ["s1p2|e_3|542,824", "s1p2|e_2|106,540"], "confidence": {"state": "pre-added", "who": ["user:anne"], "prob": 1}}, {"classId": "support", "type": "linked", "directed": false, "entities": ["s1p2|e_3|984,1129", "s1p2|e_2|826,982"], "confidence": {"state": "pre-added", "who": ["user:anne"], "prob": 1}}]}