{"annotatable": {"parts": ["s1p1", "s1p2", "s1p3", "s1p4", "s1p5", "s1p6"]}, "anncomplete": true, "sources": [], "strength_pitch": {"value": "3", "confidence": {"state": "pre-added", "who": ["user:anne"], "prob": 1}}, "entities": [{"classId": "claim", "part": "s1p2", "offsets": [{"start": 0, "text": "Der heutige Online-Versand von Kleidung ist weder effizient noch nachhaltig."}], "coordinates": [], "confidence": {"state": "pre-added", "who": ["user:anne"], "prob": 1}, "normalizations": {}, "fields": {"evidence": {"value": "3", "confidence": {"state": "pre-added", "who": ["user:anne"], "prob": 1}}}}, {"classId": "premise", "part": "s1p2", "offsets": [{"start": 77, "text": "H\u00e4ufig finden Kleidungsst\u00fccke den Weg zur\u00fcck zum H\u00e4ndler, weil der Kunde die Gr\u00f6sse im Internet nicht gut genug absch\u00e4tzen kann und die bestellte Ware nicht passt."}], "coordinates": [], "confidence": {"state": "pre-added", "who": ["user:anne"], "prob": 1}, "normalizations": {}, "fields": {"strength_premise": {"value": "3", "confidence": {"state": "pre-added", "who": ["user:anne"], "prob": 1}}, "relevance_premise": {"value": "4", "confidence": {"state": "pre-added", "who": ["user:anne"], "prob": 1}}}}, {"classId": "major_claim", "part": "s1p3", "offsets": [{"start": 0, "text": "MyTailor packt dieses Problem an seinem Ursprung und stellt eine Software zur Verf\u00fcgung, die massgeschneiderte Kleidung \u00fcber das Internet anbieten l\u00e4sst."}], "coordinates": [], "confidence": {"state": "pre-added", "who": ["user:anne"], "prob": 1}, "normalizations": {}, "fields": {"specificity": {"value": "4", "confidence": {"state": "pre-added", "who": ["user:anne"], "prob": 1}}, "evidence": {"value": "4", "confidence": {"state": "pre-added", "who": ["user:anne"], "prob": 1}}}}, {"classId": "claim", "part": "s1p5", "offsets": [{"start": 0, "text": "Online-H\u00e4ndler sind daran interessiert, dass ihre Produkte m\u00f6glichst alle interessierten Kunden erreichen."}], "coordinates": [], "confidence": {"state": "pre-added", "who": ["user:anne"], "prob": 1}, "normalizations": {}, "fields": {"evidence": {"value": "4", "confidence": {"state": "pre-added", "who": ["user:anne"], "prob": 1}}}}, {"classId": "premise", "part": "s1p5", "offsets": [{"start": 107, "text": "Kunden, welchen der angebotene Schnitt der Marke nicht passt oder Kunden, die massgeschneiderte Ware kaufen m\u00f6chten, werden bis dato h\u00e4ufig vernachl\u00e4ssigt."}], "coordinates": [], "confidence": {"state": "pre-added", "who": ["user:anne"], "prob": 1}, "normalizations": {}, "fields": {"strength_premise": {"value": "3", "confidence": {"state": "pre-added", "who": ["user:anne"], "prob": 1}}, "relevance_premise": {"value": "3", "confidence": {"state": "pre-added", "who": ["user:anne"], "prob": 1}}}}, {"classId": "claim", "part": "s1p5", "offsets": [{"start": 263, "text": "MyTailor erm\u00f6glicht den Online-H\u00e4ndlern dieses Kundenpotenzial auszusch\u00f6pfen,"}], "coordinates": [], "confidence": {"state": "pre-added", "who": ["user:anne"], "prob": 1}, "normalizations": {}, "fields": {"evidence": {"value": "3", "confidence": {"state": "pre-added", "who": ["user:anne"], "prob": 1}}}}, {"classId": "premise", "part": "s1p5", "offsets": [{"start": 341, "text": "was als Incentive f\u00fcr die Registrierung dient. F\u00fcr den Online-H\u00e4ndler bedarf es daf\u00fcr einer Subscription auf der MyTailor Plattform"}], "coordinates": [], "confidence": {"state": "pre-added", "who": ["user:anne"], "prob": 1}, "normalizations": {}, "fields": {"strength_premise": {"value": "3", "confidence": {"state": "pre-added", "who": ["user:anne"], "prob": 1}}, "relevance_premise": {"value": "3", "confidence": {"state": "pre-added", "who": ["user:anne"], "prob": 1}}}}, {"classId": "claim", "part": "s1p5", "offsets": [{"start": 474, "text": "F\u00fcr die Nutzung des Services stehen ihm zwei M\u00f6glichkeiten zur Verf\u00fcgung:"}], "coordinates": [], "confidence": {"state": "pre-added", "who": ["user:anne"], "prob": 1}, "normalizations": {}, "fields": {"evidence": {"value": "3", "confidence": {"state": "pre-added", "who": ["user:anne"], "prob": 1}}}}, {"classId": "premise", "part": "s1p6", "offsets": [{"start": 0, "text": "1) All-Inclusive f\u00fcr die unlimitierte Nutzung der App und 2) Pay-Per-Use, bei der pro \u201cMassnahme\u201c/Bestellung verrechnet wird. \u00dcber die App kommt der potenzielle Kunde anschliessend in den Kontakt mit dem Online-H\u00e4ndler. Nach dem Download der App kann er sich bequem von zu Hause seine K\u00f6rpermasse vor der Handykamera messen lassen und die Kleidungsst\u00fccke bestellen."}], "coordinates": [], "confidence": {"state": "pre-added", "who": ["user:anne"], "prob": 1}, "normalizations": {}, "fields": {"strength_premise": {"value": "3", "confidence": {"state": "pre-added", "who": ["user:anne"], "prob": 1}}, "relevance_premise": {"value": "3", "confidence": {"state": "pre-added", "who": ["user:anne"], "prob": 1}}}}, {"classId": "claim", "part": "s1p6", "offsets": [{"start": 366, "text": "Ein \u00e4hnlicher Messvorgang bietet aktuell die Marke \u201eSon of a Tailor\u201c an."}], "coordinates": [], "confidence": {"state": "pre-added", "who": ["user:anne"], "prob": 1}, "normalizations": {}, "fields": {"evidence": {"value": "3", "confidence": {"state": "pre-added", "who": ["user:anne"], "prob": 1}}}}, {"classId": "premise", "part": "s1p6", "offsets": [{"start": 439, "text": "Der Unterschied zu dieser Unternehmung stellt das breitere Publikum dar, da MyTailor verschiedene Unternehmen verbindet und die Massnahme sowohl f\u00fcr Damen als auch Herren anbietet. Resultierend daraus k\u00f6nnen mehr Daten erhoben und der Messalgorithmus besser gestaltet werden."}], "coordinates": [], "confidence": {"state": "pre-added", "who": ["user:anne"], "prob": 1}, "normalizations": {}, "fields": {"strength_premise": {"value": "3", "confidence": {"state": "pre-added", "who": ["user:anne"], "prob": 1}}, "relevance_premise": {"value": "4", "confidence": {"state": "pre-added", "who": ["user:anne"], "prob": 1}}}}], "relations": [{"classId": "support", "type": "linked", "directed": false, "entities": ["s1p2|e_3|77,239", "s1p2|e_2|0,75"], "confidence": {"state": "pre-added", "who": ["user:anne"], "prob": 1}}, {"classId": "support", "type": "linked", "directed": false, "entities": ["s1p5|e_3|107,261", "s1p5|e_2|0,105"], "confidence": {"state": "pre-added", "who": ["user:anne"], "prob": 1}}, {"classId": "support", "type": "linked", "directed": false, "entities": ["s1p5|e_3|341,471", "s1p5|e_2|263,339"], "confidence": {"state": "pre-added", "who": ["user:anne"], "prob": 1}}, {"classId": "support", "type": "linked", "directed": false, "entities": ["s1p6|e_3|0,364", "s1p5|e_2|474,546"], "confidence": {"state": "pre-added", "who": ["user:anne"], "prob": 1}}, {"classId": "support", "type": "linked", "directed": false, "entities": ["s1p6|e_3|439,713", "s1p6|e_2|366,437"], "confidence": {"state": "pre-added", "who": ["user:anne"], "prob": 1}}]}