{"annotatable": {"parts": ["s1p1", "s1p2", "s1p3"]}, "anncomplete": true, "sources": [], "strength_pitch": {"value": "5", "confidence": {"state": "pre-added", "who": ["user:anne"], "prob": 1}}, "entities": [{"classId": "claim", "part": "s1p2", "offsets": [{"start": 0, "text": "60% der Bev\u00f6lkerung in der afrikanischen Sub-Sahara Region sind nicht nur kleinb\u00e4uerliche Landwirte, sondern 23% des kumulierten GDP dieses Gebiets kommt zudem aus der Landwirtschaft."}], "coordinates": [], "confidence": {"state": "pre-added", "who": ["user:anne"], "prob": 1}, "normalizations": {}, "fields": {"evidence": {"value": "4", "confidence": {"state": "pre-added", "who": ["user:anne"], "prob": 1}}}}, {"classId": "premise", "part": "s1p2", "offsets": [{"start": 184, "text": "Die Ertr\u00e4ge bleiben jedoch weit unter ihrem Potential."}], "coordinates": [], "confidence": {"state": "pre-added", "who": ["user:anne"], "prob": 1}, "normalizations": {}, "fields": {"strength_premise": {"value": "3", "confidence": {"state": "pre-added", "who": ["user:anne"], "prob": 1}}, "relevance_premise": {"value": "4", "confidence": {"state": "pre-added", "who": ["user:anne"], "prob": 1}}}}, {"classId": "claim", "part": "s1p2", "offsets": [{"start": 239, "text": "Dies liegt unter anderem an der Zug\u00e4nglichkeit von qualitativem Samengut und der fragmentierten Wertsch\u00f6pfungskette."}], "coordinates": [], "confidence": {"state": "pre-added", "who": ["user:anne"], "prob": 1}, "normalizations": {}, "fields": {"evidence": {"value": "4", "confidence": {"state": "pre-added", "who": ["user:anne"], "prob": 1}}}}, {"classId": "premise", "part": "s1p2", "offsets": [{"start": 356, "text": "So f\u00fchren infrastrukturelle Defizite und das Fehlen von direkten Lieferketten dazu, dass Landwirtschaftsbetriebe h\u00e4ufig ihre Samen durch bilateralen Handel mit anderen Betrieben erhalten oder von kleinen lokalen Agrarh\u00e4ndlern beziehen, wodurch eine gewisse Samenqualit\u00e4t, wie etwa verbesserte Resilienz gegen Insekten oder D\u00fcrre, nicht gew\u00e4hrleistet werden kann."}], "coordinates": [], "confidence": {"state": "pre-added", "who": ["user:anne"], "prob": 1}, "normalizations": {}, "fields": {"strength_premise": {"value": "4", "confidence": {"state": "pre-added", "who": ["user:anne"], "prob": 1}}, "relevance_premise": {"value": "4", "confidence": {"state": "pre-added", "who": ["user:anne"], "prob": 1}}}}, {"classId": "claim", "part": "s1p2", "offsets": [{"start": 719, "text": "Eine L\u00f6sung dieses Problems verspricht nicht nur erhebliche Ertragszuw\u00e4chse in den Betrieben und damit verbunden auch eine gewisse Zahlungsbereitschaft,"}], "coordinates": [], "confidence": {"state": "pre-added", "who": ["user:anne"], "prob": 1}, "normalizations": {}, "fields": {"evidence": {"value": "4", "confidence": {"state": "pre-added", "who": ["user:anne"], "prob": 1}}}}, {"classId": "premise", "part": "s1p2", "offsets": [{"start": 872, "text": "sondern bek\u00e4mpft auch das Problem der unzureichenden Produktivit\u00e4t der Inputfaktoren, die die durch das steigende Bev\u00f6lkerungswachstum vorangetriebene mangelnde Nahrungsabdeckung im afrikanischen Raum befeuert."}], "coordinates": [], "confidence": {"state": "pre-added", "who": ["user:anne"], "prob": 1}, "normalizations": {}, "fields": {"strength_premise": {"value": "4", "confidence": {"state": "pre-added", "who": ["user:anne"], "prob": 1}}, "relevance_premise": {"value": "4", "confidence": {"state": "pre-added", "who": ["user:anne"], "prob": 1}}}}, {"classId": "major_claim", "part": "s1p3", "offsets": [{"start": 0, "text": "Vor dem Hintergrund dessen soll vortrefflich eine zweiseitige Plattform namens Seedution f\u00fcr den Handel von Samengut erstellt werden."}], "coordinates": [], "confidence": {"state": "pre-added", "who": ["user:anne"], "prob": 1}, "normalizations": {}, "fields": {"specificity": {"value": "4", "confidence": {"state": "pre-added", "who": ["user:anne"], "prob": 1}}, "evidence": {"value": "4", "confidence": {"state": "pre-added", "who": ["user:anne"], "prob": 1}}}}, {"classId": "claim", "part": "s1p3", "offsets": [{"start": 134, "text": "Diese verbindet die Agrarbetriebe, samt ihrer individuellen Bed\u00fcrfnisse, mit entsprechenden Samengutproduzenten oder gr\u00f6\u00dferen Agrarh\u00e4ndlern und \u00fcberwindet so die vielen Zwischenhandelsschritte,"}], "coordinates": [], "confidence": {"state": "pre-added", "who": ["user:anne"], "prob": 1}, "normalizations": {}, "fields": {"evidence": {"value": "4", "confidence": {"state": "pre-added", "who": ["user:anne"], "prob": 1}}}}, {"classId": "premise", "part": "s1p3", "offsets": [{"start": 328, "text": "welche jedes Mal mit Preisaufschl\u00e4gen verbunden sind."}], "coordinates": [], "confidence": {"state": "pre-added", "who": ["user:anne"], "prob": 1}, "normalizations": {}, "fields": {"strength_premise": {"value": "3", "confidence": {"state": "pre-added", "who": ["user:anne"], "prob": 1}}, "relevance_premise": {"value": "3", "confidence": {"state": "pre-added", "who": ["user:anne"], "prob": 1}}}}, {"classId": "claim", "part": "s1p3", "offsets": [{"start": 382, "text": "Mit Hilfe von zweiseitigen Netzwerkeffekten vergr\u00f6\u00dfert sich so automatisch das Handelsnetzwerk."}], "coordinates": [], "confidence": {"state": "pre-added", "who": ["user:anne"], "prob": 1}, "normalizations": {}, "fields": {"evidence": {"value": "4", "confidence": {"state": "pre-added", "who": ["user:anne"], "prob": 1}}}}, {"classId": "premise", "part": "s1p3", "offsets": [{"start": 478, "text": "Zudem werden anhand notwendiger Informationskriterien \u00fcber die angebotenen Produkte Qualit\u00e4tsstandards entwickelt, was ein hochwertiges Wachstum dieses Netzwerks sicherstellt."}], "coordinates": [], "confidence": {"state": "pre-added", "who": ["user:anne"], "prob": 1}, "normalizations": {}, "fields": {"strength_premise": {"value": "4", "confidence": {"state": "pre-added", "who": ["user:anne"], "prob": 1}}, "relevance_premise": {"value": "4", "confidence": {"state": "pre-added", "who": ["user:anne"], "prob": 1}}}}, {"classId": "claim", "part": "s1p3", "offsets": [{"start": 654, "text": "Diese Qualit\u00e4tsstandard und die vorgegebene Informationsbasis sorgt daf\u00fcr, auch f\u00fcr Gro\u00dflandwirte eine bislang fehlende Vergleichsbasis f\u00fcr existente Produkte anbieten zu k\u00f6nnen. Teil dieser Angaben sind au\u00dferdem dedizierte Anwendungshinweise,"}], "coordinates": [], "confidence": {"state": "pre-added", "who": ["user:anne"], "prob": 1}, "normalizations": {}, "fields": {"evidence": {"value": "4", "confidence": {"state": "pre-added", "who": ["user:anne"], "prob": 1}}}}, {"classId": "premise", "part": "s1p3", "offsets": [{"start": 898, "text": "um die Ertragszuw\u00e4chse der Kunden sicherzustellen. Um das vorherrschende Infrastrukturproblem und die geforderten Liefersicherheiten zu gew\u00e4hrleisten, werden durch fest bepreiste Kuriernetzwerke geschaffen, die das Nutzenversprechen auch physisch darstellen k\u00f6nnen."}], "coordinates": [], "confidence": {"state": "pre-added", "who": ["user:anne"], "prob": 1}, "normalizations": {}, "fields": {"strength_premise": {"value": "4", "confidence": {"state": "pre-added", "who": ["user:anne"], "prob": 1}}, "relevance_premise": {"value": "4", "confidence": {"state": "pre-added", "who": ["user:anne"], "prob": 1}}}}, {"classId": "claim", "part": "s1p3", "offsets": [{"start": 1164, "text": "Insbesondere Kleinbauern werden dahingehend zus\u00e4tzlich unterst\u00fctzt"}], "coordinates": [], "confidence": {"state": "pre-added", "who": ["user:anne"], "prob": 1}, "normalizations": {}, "fields": {"evidence": {"value": "3", "confidence": {"state": "pre-added", "who": ["user:anne"], "prob": 1}}}}, {"classId": "premise", "part": "s1p3", "offsets": [{"start": 1232, "text": "indem mit den Herstellern individuelle Zahlungsvereinbarungen getroffen werden k\u00f6nnen. I"}], "coordinates": [], "confidence": {"state": "pre-added", "who": ["user:anne"], "prob": 1}, "normalizations": {}, "fields": {"strength_premise": {"value": "3", "confidence": {"state": "pre-added", "who": ["user:anne"], "prob": 1}}, "relevance_premise": {"value": "3", "confidence": {"state": "pre-added", "who": ["user:anne"], "prob": 1}}}}, {"classId": "claim", "part": "s1p3", "offsets": [{"start": 1320, "text": "nvestieren sie jetzt in diese innovative, orchestrierende Plattform,"}], "coordinates": [], "confidence": {"state": "pre-added", "who": ["user:anne"], "prob": 1}, "normalizations": {}, "fields": {"evidence": {"value": "4", "confidence": {"state": "pre-added", "who": ["user:anne"], "prob": 1}}}}, {"classId": "premise", "part": "s1p3", "offsets": [{"start": 1389, "text": "um nicht nur von dem enormen Marktpotential zu profitieren, sondern auch an der Vision mitzuwirken, den Menschen die Lebensgrundlage zu erm\u00f6glichen, die sie verdienen"}], "coordinates": [], "confidence": {"state": "pre-added", "who": ["user:anne"], "prob": 1}, "normalizations": {}, "fields": {"strength_premise": {"value": "4", "confidence": {"state": "pre-added", "who": ["user:anne"], "prob": 1}}, "relevance_premise": {"value": "4", "confidence": {"state": "pre-added", "who": ["user:anne"], "prob": 1}}}}], "relations": [{"classId": "support", "type": "linked", "directed": false, "entities": ["s1p2|e_3|184,237", "s1p2|e_2|0,182"], "confidence": {"state": "pre-added", "who": ["user:anne"], "prob": 1}}, {"classId": "support", "type": "linked", "directed": false, "entities": ["s1p2|e_3|356,717", "s1p2|e_2|239,354"], "confidence": {"state": "pre-added", "who": ["user:anne"], "prob": 1}}, {"classId": "support", "type": "linked", "directed": false, "entities": ["s1p2|e_3|872,1081", "s1p2|e_2|719,870"], "confidence": {"state": "pre-added", "who": ["user:anne"], "prob": 1}}, {"classId": "support", "type": "linked", "directed": false, "entities": ["s1p3|e_3|478,652", "s1p3|e_2|382,476"], "confidence": {"state": "pre-added", "who": ["user:anne"], "prob": 1}}, {"classId": "support", "type": "linked", "directed": false, "entities": ["s1p3|e_3|898,1162", "s1p3|e_2|654,896"], "confidence": {"state": "pre-added", "who": ["user:anne"], "prob": 1}}, {"classId": "support", "type": "linked", "directed": false, "entities": ["s1p3|e_3|1232,1319", "s1p3|e_2|1164,1229"], "confidence": {"state": "pre-added", "who": ["user:anne"], "prob": 1}}, {"classId": "support", "type": "linked", "directed": false, "entities": ["s1p3|e_3|1389,1554", "s1p3|e_2|1320,1387"], "confidence": {"state": "pre-added", "who": ["user:anne"], "prob": 1}}]}