{"annotatable": {"parts": ["s1p1", "s1p2"]}, "anncomplete": true, "sources": [], "strength_pitch": {"value": "3", "confidence": {"state": "pre-added", "who": ["user:anne"], "prob": 1}}, "entities": [{"classId": "claim", "part": "s1p1", "offsets": [{"start": 712, "text": "Erst k\u00fcrzlich wurde im St. Galler Tagblatt beispielsweise von der Langfeld AG berichtet, welche in Frauenfeld eine Gewerbeimmobilie h\u00e4lt."}], "coordinates": [], "confidence": {"state": "pre-added", "who": ["user:anne"], "prob": 1}, "normalizations": {}, "fields": {"evidence": {"value": "4", "confidence": {"state": "pre-added", "who": ["user:anne"], "prob": 1}}}}, {"classId": "premise", "part": "s1p1", "offsets": [{"start": 850, "text": "Rund tausend Quadratmeter Gewerbefl\u00e4che stehen seit dem Neubau im Jahr 2016 leer, welche Mieteinnahmen von j\u00e4hrlich 200\u2018000CHF einbringen k\u00f6nnten."}], "coordinates": [], "confidence": {"state": "pre-added", "who": ["user:anne"], "prob": 1}, "normalizations": {}, "fields": {"strength_premise": {"value": "4", "confidence": {"state": "pre-added", "who": ["user:anne"], "prob": 1}}, "relevance_premise": {"value": "4", "confidence": {"state": "pre-added", "who": ["user:anne"], "prob": 1}}}}, {"classId": "claim", "part": "s1p1", "offsets": [{"start": 997, "text": "Die Credit Suisse sch\u00e4tzt, dass in der Schweiz rund 2 Millionen Quadratmeter an Gewerbe- und B\u00fcror\u00e4umlichkeiten freistehen."}], "coordinates": [], "confidence": {"state": "pre-added", "who": ["user:anne"], "prob": 1}, "normalizations": {}, "fields": {"evidence": {"value": "4", "confidence": {"state": "pre-added", "who": ["user:anne"], "prob": 1}}}}, {"classId": "major_claim", "part": "s1p2", "offsets": [{"start": 0, "text": "Die vorgestellte Plattform \u2013 Lokker \u2013 soll dazu dienen, die Nachfrage nach Lagerraum mit Eigent\u00fcmern von leerstehender Gewerbefl\u00e4che zu verkn\u00fcpfen."}], "coordinates": [], "confidence": {"state": "pre-added", "who": ["user:anne"], "prob": 1}, "normalizations": {}, "fields": {"specificity": {"value": "4", "confidence": {"state": "pre-added", "who": ["user:anne"], "prob": 1}}, "evidence": {"value": "4", "confidence": {"state": "pre-added", "who": ["user:anne"], "prob": 1}}}}, {"classId": "claim", "part": "s1p2", "offsets": [{"start": 148, "text": "Bislang war es f\u00fcr Schweizer Unternehmen schwer, ihren Lagerraum zu vermieten, weil dies mit einem hohen Aufwand (rechtlich, administrativ, zeitlich) verbunden ist."}], "coordinates": [], "confidence": {"state": "pre-added", "who": ["user:anne"], "prob": 1}, "normalizations": {}, "fields": {"evidence": {"value": "4", "confidence": {"state": "pre-added", "who": ["user:anne"], "prob": 1}}}}, {"classId": "premise", "part": "s1p2", "offsets": [{"start": 313, "text": "Lokker \u00fcbernimmt f\u00fcr diese Unternehmen nun die ganze Abwicklung von Transport, Transaktionen, Versicherungen und Vertr\u00e4gen"}], "coordinates": [], "confidence": {"state": "pre-added", "who": ["user:anne"], "prob": 1}, "normalizations": {}, "fields": {"strength_premise": {"value": "3", "confidence": {"state": "pre-added", "who": ["user:anne"], "prob": 1}}, "relevance_premise": {"value": "4", "confidence": {"state": "pre-added", "who": ["user:anne"], "prob": 1}}}}, {"classId": "premise", "part": "s1p2", "offsets": [{"start": 437, "text": "Der Kunde zahlt die Lagergeb\u00fchr, den Transport, die Versicherung und eine 8% Lokker-Provision direkt an uns"}], "coordinates": [], "confidence": {"state": "pre-added", "who": ["user:anne"], "prob": 1}, "normalizations": {}, "fields": {"strength_premise": {"value": "3", "confidence": {"state": "pre-added", "who": ["user:anne"], "prob": 1}}, "relevance_premise": {"value": "3", "confidence": {"state": "pre-added", "who": ["user:anne"], "prob": 1}}}}, {"classId": "claim", "part": "s1p2", "offsets": [{"start": 547, "text": "den Rest regeln wir."}], "coordinates": [], "confidence": {"state": "pre-added", "who": ["user:anne"], "prob": 1}, "normalizations": {}, "fields": {"evidence": {"value": "3", "confidence": {"state": "pre-added", "who": ["user:anne"], "prob": 1}}}}, {"classId": "claim", "part": "s1p2", "offsets": [{"start": 568, "text": "Der Transport wird durch einen externen Dienstleister, z.B. MOVO, abgewickelt."}], "coordinates": [], "confidence": {"state": "pre-added", "who": ["user:anne"], "prob": 1}, "normalizations": {}, "fields": {}}, {"classId": "premise", "part": "s1p2", "offsets": [{"start": 647, "text": "Ein Sensor an den Waren \u00fcbermittelt dabei den Standort w\u00e4hrend dem Transport und misst Daten zur Temperatur/ Feuchtigkeit, damit der Nutzer jederzeit beobachten kann, unter welchen Umst\u00e4nden sein Hausrat gelagert wird."}], "coordinates": [], "confidence": {"state": "pre-added", "who": ["user:anne"], "prob": 1}, "normalizations": {}, "fields": {"strength_premise": {"value": "3", "confidence": {"state": "pre-added", "who": ["user:anne"], "prob": 1}}, "relevance_premise": {"value": "3", "confidence": {"state": "pre-added", "who": ["user:anne"], "prob": 1}}}}, {"classId": "claim", "part": "s1p2", "offsets": [{"start": 866, "text": "Die Daten werden schliesslich auch daf\u00fcr verwendet, Neukunden die optimalen Lagerr\u00e4ume vorzuschlagen und Insights an den Anbieter weiterzuleiten um eine bessere Lagerhaltung zu gew\u00e4hrleisten."}], "coordinates": [], "confidence": {"state": "pre-added", "who": ["user:anne"], "prob": 1}, "normalizations": {}, "fields": {"evidence": {"value": "4", "confidence": {"state": "pre-added", "who": ["user:anne"], "prob": 1}}}}, {"classId": "premise", "part": "s1p2", "offsets": [{"start": 1058, "text": "Damit dem Nutzer flexible Zutrittsm\u00f6glichkeiten geboten werden, verl\u00e4uft der ganze Zutrittsprozess (inkl. Initialer Einlagerung und Abholung) w\u00e4hrend der Laufzeit \u00fcber eine App gekoppelt mit einer Hardware Device."}], "coordinates": [], "confidence": {"state": "pre-added", "who": ["user:anne"], "prob": 1}, "normalizations": {}, "fields": {"strength_premise": {"value": "3", "confidence": {"state": "pre-added", "who": ["user:anne"], "prob": 1}}, "relevance_premise": {"value": "4", "confidence": {"state": "pre-added", "who": ["user:anne"], "prob": 1}}}}, {"classId": "claim", "part": "s1p2", "offsets": [{"start": 1272, "text": "F\u00fcr die initiale \u201eProof of Concept\u201c Phase wird das Nuki-System (http://www.nuki.io/) verwendet"}], "coordinates": [], "confidence": {"state": "pre-added", "who": ["user:anne"], "prob": 1}, "normalizations": {}, "fields": {"evidence": {"value": "3", "confidence": {"state": "pre-added", "who": ["user:anne"], "prob": 1}}}}, {"classId": "premise", "part": "s1p2", "offsets": [{"start": 1369, "text": "ein Schliessmechanismus welcher an jedes g\u00e4ngige T\u00fcrschloss angebracht werden kann und es so erlaubt, T\u00fcren per Smartphone zu \u00f6ffnen und zu verschliessen."}], "coordinates": [], "confidence": {"state": "pre-added", "who": ["user:anne"], "prob": 1}, "normalizations": {}, "fields": {"strength_premise": {"value": "4", "confidence": {"state": "pre-added", "who": ["user:anne"], "prob": 1}}, "relevance_premise": {"value": "4", "confidence": {"state": "pre-added", "who": ["user:anne"], "prob": 1}}}}, {"classId": "claim", "part": "s1p2", "offsets": [{"start": 1524, "text": "Parallel dazu wird ein eigenes Hardware und Softwaresystem entwickelt,"}], "coordinates": [], "confidence": {"state": "pre-added", "who": ["user:anne"], "prob": 1}, "normalizations": {}, "fields": {"evidence": {"value": "3", "confidence": {"state": "pre-added", "who": ["user:anne"], "prob": 1}}}}, {"classId": "premise", "part": "s1p2", "offsets": [{"start": 1595, "text": "welches eine h\u00f6here Skalierbarkeit und Integration mit der Buchungsplattform Lokker aufweist."}], "coordinates": [], "confidence": {"state": "pre-added", "who": ["user:anne"], "prob": 1}, "normalizations": {}, "fields": {"strength_premise": {"value": "3", "confidence": {"state": "pre-added", "who": ["user:anne"], "prob": 1}}, "relevance_premise": {"value": "3", "confidence": {"state": "pre-added", "who": ["user:anne"], "prob": 1}}}}, {"classId": "claim", "part": "s1p2", "offsets": [{"start": 1689, "text": "Unseren Kunden verrechnen wir die Geb\u00fchren jeweils am Anfang des Monats \u2013 Ende Monat werden diese dann an die Transportdientsleister, Lager-Anbieter und Versicherungen."}], "coordinates": [], "confidence": {"state": "pre-added", "who": ["user:anne"], "prob": 1}, "normalizations": {}, "fields": {"evidence": {"value": "4", "confidence": {"state": "pre-added", "who": ["user:anne"], "prob": 1}}}}, {"classId": "premise", "part": "s1p2", "offsets": [{"start": 1858, "text": "Dadurch stellen wir gen\u00fcgende Liquidit\u00e4t sicher."}], "coordinates": [], "confidence": {"state": "pre-added", "who": ["user:anne"], "prob": 1}, "normalizations": {}, "fields": {"strength_premise": {"value": "3", "confidence": {"state": "pre-added", "who": ["user:anne"], "prob": 1}}, "relevance_premise": {"value": "3", "confidence": {"state": "pre-added", "who": ["user:anne"], "prob": 1}}}}], "relations": [{"classId": "support", "type": "linked", "directed": false, "entities": ["s1p1|e_3|850,995", "s1p1|e_2|712,848"], "confidence": {"state": "pre-added", "who": ["user:anne"], "prob": 1}}, {"classId": "support", "type": "linked", "directed": false, "entities": ["s1p2|e_3|313,434", "s1p2|e_2|148,311"], "confidence": {"state": "pre-added", "who": ["user:anne"], "prob": 1}}, {"classId": "support", "type": "linked", "directed": false, "entities": ["s1p2|e_2|547,566", "s1p2|e_3|437,543"], "confidence": {"state": "pre-added", "who": ["user:anne"], "prob": 1}}, {"classId": "support", "type": "linked", "directed": false, "entities": ["s1p2|e_3|647,864", "s1p2|e_2|568,645"], "confidence": {"state": "pre-added", "who": ["user:anne"], "prob": 1}}, {"classId": "support", "type": "linked", "directed": false, "entities": ["s1p2|e_3|1058,1270", "s1p2|e_2|866,1056"], "confidence": {"state": "pre-added", "who": ["user:anne"], "prob": 1}}, {"classId": "support", "type": "linked", "directed": false, "entities": ["s1p2|e_3|1369,1522", "s1p2|e_2|1272,1365"], "confidence": {"state": "pre-added", "who": ["user:anne"], "prob": 1}}, {"classId": "support", "type": "linked", "directed": false, "entities": ["s1p2|e_3|1595,1687", "s1p2|e_2|1524,1593"], "confidence": {"state": "pre-added", "who": ["user:anne"], "prob": 1}}, {"classId": "support", "type": "linked", "directed": false, "entities": ["s1p2|e_3|1858,1905", "s1p2|e_2|1689,1856"], "confidence": {"state": "pre-added", "who": ["user:anne"], "prob": 1}}]}