{"annotatable": {"parts": ["s1p1", "s1p2", "s1p3", "s1p4", "s1p5", "s1p6"]}, "anncomplete": true, "sources": [], "strength_pitch": {"value": "3", "confidence": {"state": "pre-added", "who": ["user:anne"], "prob": 1}}, "entities": [{"classId": "claim", "part": "s1p1", "offsets": [{"start": 0, "text": "Viele Kunden sind bei einem Umzug schlichtweg \u00fcberfordert mit der M\u00f6belauswahl, der Koordination der Lieferungen und mit dem Aufbau der M\u00f6bel."}], "coordinates": [], "confidence": {"state": "pre-added", "who": ["user:anne"], "prob": 1}, "normalizations": {}, "fields": {"evidence": {"value": "3", "confidence": {"state": "pre-added", "who": ["user:anne"], "prob": 1}}}}, {"classId": "premise", "part": "s1p1", "offsets": [{"start": 143, "text": "Deshalb soll Westwing zus\u00e4tzlich eine ausgebaute Service-Plattform zum bisherigen Produktangebot anbieten."}], "coordinates": [], "confidence": {"state": "pre-added", "who": ["user:anne"], "prob": 1}, "normalizations": {}, "fields": {"strength_premise": {"value": "3", "confidence": {"state": "pre-added", "who": ["user:anne"], "prob": 1}}, "relevance_premise": {"value": "4", "confidence": {"state": "pre-added", "who": ["user:anne"], "prob": 1}}}}, {"classId": "claim", "part": "s1p1", "offsets": [{"start": 250, "text": "Westwing bietet den Kunden einen einzigartigen Interior-Design und Organisationsservice, wobei die Kunden zwischen 3 Beratungspacketen entscheiden k\u00f6nnen:"}], "coordinates": [], "confidence": {"state": "pre-added", "who": ["user:anne"], "prob": 1}, "normalizations": {}, "fields": {"evidence": {"value": "4", "confidence": {"state": "pre-added", "who": ["user:anne"], "prob": 1}}}}, {"classId": "premise", "part": "s1p2", "offsets": [{"start": 10, "text": "Enth\u00e4lt ein Interior-Design Beratungsgespr\u00e4ch, Einrichtungskonzept, online Ansprechsperson (weitere Details im Appendix)"}], "coordinates": [], "confidence": {"state": "pre-added", "who": ["user:anne"], "prob": 1}, "normalizations": {}, "fields": {"strength_premise": {"value": "4", "confidence": {"state": "pre-added", "who": ["user:anne"], "prob": 1}}, "relevance_premise": {"value": "3", "confidence": {"state": "pre-added", "who": ["user:anne"], "prob": 1}}}}, {"classId": "premise", "part": "s1p3", "offsets": [{"start": 8, "text": "Enth\u00e4lt drei Interior-Design Beratungsgespr\u00e4che, Einrichtungskonzept, Unterst\u00fctzung bei der Bestellung, 1 Aufbauperson &"}], "coordinates": [], "confidence": {"state": "pre-added", "who": ["user:anne"], "prob": 1}, "normalizations": {}, "fields": {"strength_premise": {"value": "3", "confidence": {"state": "pre-added", "who": ["user:anne"], "prob": 1}}, "relevance_premise": {"value": "4", "confidence": {"state": "pre-added", "who": ["user:anne"], "prob": 1}}}}, {"classId": "premise", "part": "s1p4", "offsets": [{"start": 0, "text": "Retournierungsabholservice (weitere Details im Appendix)"}], "coordinates": [], "confidence": {"state": "pre-added", "who": ["user:anne"], "prob": 1}, "normalizations": {}, "fields": {"strength_premise": {"value": "3", "confidence": {"state": "pre-added", "who": ["user:anne"], "prob": 1}}, "relevance_premise": {"value": "3", "confidence": {"state": "pre-added", "who": ["user:anne"], "prob": 1}}}}, {"classId": "premise", "part": "s1p5", "offsets": [{"start": 10, "text": "Laufende Interior-Design Beratungsgespr\u00e4ch, Einrichtungskonzept dass angepasst werden kann, 24/7 Ansprechperson, Koordination und Ausf\u00fchrung der Bestellung, Aufbaumannschaft & Retournierungsabholservice Ansprechsperson (weitere Details im Appendix)"}], "coordinates": [], "confidence": {"state": "pre-added", "who": ["user:anne"], "prob": 1}, "normalizations": {}, "fields": {"strength_premise": {"value": "3", "confidence": {"state": "pre-added", "who": ["user:anne"], "prob": 1}}, "relevance_premise": {"value": "4", "confidence": {"state": "pre-added", "who": ["user:anne"], "prob": 1}}}}, {"classId": "claim", "part": "s1p6", "offsets": [{"start": 130, "text": "Durch die Interior- Design Beratung erhalten Kunden eine stylische Innenarchitektur f\u00fcr ihre Umbauten oder Neueinrichtungen, welches allenfalls nach gew\u00fcnschten Style- Vorlieben geschieht."}], "coordinates": [], "confidence": {"state": "pre-added", "who": ["user:anne"], "prob": 1}, "normalizations": {}, "fields": {"evidence": {"value": "4", "confidence": {"state": "pre-added", "who": ["user:anne"], "prob": 1}}}}, {"classId": "premise", "part": "s1p6", "offsets": [{"start": 319, "text": "Dadurch m\u00fcssen sie nicht mehr zahlreiche Stunden im Internet verbringen, um die besten und passendsten Optionen abzukl\u00e4ren."}], "coordinates": [], "confidence": {"state": "pre-added", "who": ["user:anne"], "prob": 1}, "normalizations": {}, "fields": {"strength_premise": {"value": "3", "confidence": {"state": "pre-added", "who": ["user:anne"], "prob": 1}}, "relevance_premise": {"value": "4", "confidence": {"state": "pre-added", "who": ["user:anne"], "prob": 1}}}}, {"classId": "claim", "part": "s1p6", "offsets": [{"start": 443, "text": "Der Service beinhalten einerseits ein Einrichtungskonzept, welches Accessoires und Funktionalit\u00e4ten der M\u00f6bel ber\u00fccksichtigt und andererseits wird der gesamte Ablauf nach der Bestellung unterst\u00fctzend koordiniert."}], "coordinates": [], "confidence": {"state": "pre-added", "who": ["user:anne"], "prob": 1}, "normalizations": {}, "fields": {"evidence": {"value": "4", "confidence": {"state": "pre-added", "who": ["user:anne"], "prob": 1}}}}, {"classId": "premise", "part": "s1p6", "offsets": [{"start": 656, "text": "Die effiziente Ausgestaltung der Einrichtung kann dabei zu bezahlbaren Preisen angeboten werden, ab 500 CHF (Silber)."}], "coordinates": [], "confidence": {"state": "pre-added", "who": ["user:anne"], "prob": 1}, "normalizations": {}, "fields": {"strength_premise": {"value": "3", "confidence": {"state": "pre-added", "who": ["user:anne"], "prob": 1}}, "relevance_premise": {"value": "4", "confidence": {"state": "pre-added", "who": ["user:anne"], "prob": 1}}}}, {"classId": "claim", "part": "s1p6", "offsets": [{"start": 1088, "text": "Anstelle, dass man wie bisher f\u00fcr ein Raumkonzept einen fixen Preis verlangt (149.-), bietet der neue Service eine umfassender L\u00f6sung an mit mehr Leistungen (Bestellung, Organisation, Aufbau, mehrere R\u00e4ume), weshalb er teurer wird als bisher, aber sich st\u00e4rker an den Customer Pains orientiert."}], "coordinates": [], "confidence": {"state": "pre-added", "who": ["user:anne"], "prob": 1}, "normalizations": {}, "fields": {"evidence": {"value": "4", "confidence": {"state": "pre-added", "who": ["user:anne"], "prob": 1}}}}, {"classId": "premise", "part": "s1p6", "offsets": [{"start": 1383, "text": "Dieser Service ist auch bei weiten g\u00fcnstiger, als wenn man einen Innenarchitekten einstellen w\u00fcrde."}], "coordinates": [], "confidence": {"state": "pre-added", "who": ["user:anne"], "prob": 1}, "normalizations": {}, "fields": {"strength_premise": {"value": "3", "confidence": {"state": "pre-added", "who": ["user:anne"], "prob": 1}}, "relevance_premise": {"value": "4", "confidence": {"state": "pre-added", "who": ["user:anne"], "prob": 1}}}}, {"classId": "premise", "part": "s1p6", "offsets": [{"start": 1483, "text": "Somit wird den Kunden durch das Service-Angebot ein neues Einrichtungserlebnis erm\u00f6glicht, welches innerhalb von kurzer Zeit, ohne Kopfzerbrechen und zu zahlbaren Preisen erfolgen kann."}], "coordinates": [], "confidence": {"state": "pre-added", "who": ["user:anne"], "prob": 1}, "normalizations": {}, "fields": {"strength_premise": {"value": "4", "confidence": {"state": "pre-added", "who": ["user:anne"], "prob": 1}}, "relevance_premise": {"value": "4", "confidence": {"state": "pre-added", "who": ["user:anne"], "prob": 1}}}}], "relations": [{"classId": "support", "type": "linked", "directed": false, "entities": ["s1p1|e_3|143,248", "s1p1|e_2|0,141"], "confidence": {"state": "pre-added", "who": ["user:anne"], "prob": 1}}, {"classId": "support", "type": "linked", "directed": false, "entities": ["s1p2|e_3|10,129", "s1p1|e_2|250,403"], "confidence": {"state": "pre-added", "who": ["user:anne"], "prob": 1}}, {"classId": "support", "type": "linked", "directed": false, "entities": ["s1p3|e_3|8,127", "s1p1|e_2|250,403"], "confidence": {"state": "pre-added", "who": ["user:anne"], "prob": 1}}, {"classId": "support", "type": "linked", "directed": false, "entities": ["s1p4|e_3|0,55", "s1p1|e_2|250,403"], "confidence": {"state": "pre-added", "who": ["user:anne"], "prob": 1}}, {"classId": "support", "type": "linked", "directed": false, "entities": ["s1p5|e_3|10,257", "s1p1|e_2|250,403"], "confidence": {"state": "pre-added", "who": ["user:anne"], "prob": 1}}, {"classId": "support", "type": "linked", "directed": false, "entities": ["s1p6|e_3|319,441", "s1p6|e_2|130,317"], "confidence": {"state": "pre-added", "who": ["user:anne"], "prob": 1}}, {"classId": "support", "type": "linked", "directed": false, "entities": ["s1p6|e_3|656,772", "s1p6|e_2|443,654"], "confidence": {"state": "pre-added", "who": ["user:anne"], "prob": 1}}, {"classId": "support", "type": "linked", "directed": false, "entities": ["s1p6|e_3|1383,1481", "s1p6|e_2|1088,1381"], "confidence": {"state": "pre-added", "who": ["user:anne"], "prob": 1}}, {"classId": "r_7", "type": "linked", "directed": false, "entities": ["s1p6|e_3|1483,1667", "s1p6|e_3|1383,1481"], "confidence": {"state": "pre-added", "who": ["user:anne"], "prob": 1}}]}