{"annotatable": {"parts": ["s1p1", "s1p2", "s1p3", "s1p4", "s1p5", "s1p6", "s1p7", "s1p8", "s1p9", "s1p10", "s1p11", "s1p12", "s1p13", "s1p14", "s1p15", "s1p16", "s1p17", "s1p18"]}, "anncomplete": true, "sources": [], "strength_pitch": {"value": "3", "confidence": {"state": "pre-added", "who": ["user:anne"], "prob": 1}}, "entities": [{"classId": "claim", "part": "s1p3", "offsets": [{"start": 35, "text": "Mike leidet an Haarausfall,"}], "coordinates": [], "confidence": {"state": "pre-added", "who": ["user:anne"], "prob": 1}, "normalizations": {}, "fields": {"evidence": {"value": "3", "confidence": {"state": "pre-added", "who": ["user:anne"], "prob": 1}}}}, {"classId": "premise", "part": "s1p3", "offsets": [{"start": 63, "text": "und deshalb m\u00f6chte er in der Schweiz seine Haare pflanzen lassen, denn der kulturelle und soziale Druck durch die Filmindustrie und Social Media bereitet ihm ein schreckliches Gef\u00fchl."}], "coordinates": [], "confidence": {"state": "pre-added", "who": ["user:anne"], "prob": 1}, "normalizations": {}, "fields": {"strength_premise": {"value": "3", "confidence": {"state": "pre-added", "who": ["user:anne"], "prob": 1}}, "relevance_premise": {"value": "3", "confidence": {"state": "pre-added", "who": ["user:anne"], "prob": 1}}}}, {"classId": "claim", "part": "s1p4", "offsets": [{"start": 2, "text": "Sein Problem ist jetzt, dass er sich sch\u00e4mt, Freunde oder andere Bekannte um Empfehlungen zu fragen"}], "coordinates": [], "confidence": {"state": "pre-added", "who": ["user:anne"], "prob": 1}, "normalizations": {}, "fields": {"evidence": {"value": "3", "confidence": {"state": "pre-added", "who": ["user:anne"], "prob": 1}}}}, {"classId": "premise", "part": "s1p4", "offsets": [{"start": 102, "text": "und deshalb muss er stundenlang im Internet suchen, um Sch\u00f6nheitskliniken zu vergleichen, ohne \u00fcberhaupt eine Bewertung von fr\u00fcheren Patienten zu haben (Sch\u00f6nheitskliniken sind f\u00fcr ihn wie eine Black Box)."}], "coordinates": [], "confidence": {"state": "pre-added", "who": ["user:anne"], "prob": 1}, "normalizations": {}, "fields": {"strength_premise": {"value": "3", "confidence": {"state": "pre-added", "who": ["user:anne"], "prob": 1}}, "relevance_premise": {"value": "3", "confidence": {"state": "pre-added", "who": ["user:anne"], "prob": 1}}}}, {"classId": "major_claim", "part": "s1p7", "offsets": [{"start": 2, "text": "Ich m\u00f6chte Ihnen \"Beauty Birds\" vorstellen, eine innovative und digitale Vergleichsplattform f\u00fcr Sch\u00f6nheitskliniken, auf der man sich m\u00fchelos informieren, vergleichen und einen Termin beim idealen Sch\u00f6nheitschirurgen ganz bequem vereinbaren kann."}], "coordinates": [], "confidence": {"state": "pre-added", "who": ["user:anne"], "prob": 1}, "normalizations": {}, "fields": {"specificity": {"value": "3", "confidence": {"state": "pre-added", "who": ["user:anne"], "prob": 1}}, "evidence": {"value": "3", "confidence": {"state": "pre-added", "who": ["user:anne"], "prob": 1}}}}, {"classId": "claim", "part": "s1p8", "offsets": [{"start": 2, "text": "Beauty Birds wird ein digitales Schaufenster f\u00fcr Sch\u00f6nheitskliniken in der Schweiz aufbauen."}], "coordinates": [], "confidence": {"state": "pre-added", "who": ["user:anne"], "prob": 1}, "normalizations": {}, "fields": {"evidence": {"value": "3", "confidence": {"state": "pre-added", "who": ["user:anne"], "prob": 1}}}}, {"classId": "premise", "part": "s1p8", "offsets": [{"start": 95, "text": "Auf diese Weise k\u00f6nnen sich die Kliniken kostenlos auf der Plattform registrieren und ihre Praxis vorstellen."}], "coordinates": [], "confidence": {"state": "pre-added", "who": ["user:anne"], "prob": 1}, "normalizations": {}, "fields": {"strength_premise": {"value": "3", "confidence": {"state": "pre-added", "who": ["user:anne"], "prob": 1}}, "relevance_premise": {"value": "3", "confidence": {"state": "pre-added", "who": ["user:anne"], "prob": 1}}}}, {"classId": "claim", "part": "s1p11", "offsets": [{"start": 2, "text": "F\u00fcr die Sch\u00f6nheitskliniken bietet das Unternehmen ein \"Freemium\"-Preismodell (\u00e4hnlich wie Spotify) an."}], "coordinates": [], "confidence": {"state": "pre-added", "who": ["user:anne"], "prob": 1}, "normalizations": {}, "fields": {"evidence": {"value": "4", "confidence": {"state": "pre-added", "who": ["user:anne"], "prob": 1}}}}, {"classId": "premise", "part": "s1p12", "offsets": [{"start": 2, "text": "Zun\u00e4chst k\u00f6nnen sich die Kliniken kostenlos auf der Plattform anmelden. Dabei k\u00f6nnen sie von \u201cFeatured-Listings\u201c (Bezahlwerbung um auf der Landing Page zu landen oder Top-Ranking Listing bei Suchanfrage) profitieren, um ihre Sichtbarkeit und Traction auf der Plattform zu erh\u00f6hen."}], "coordinates": [], "confidence": {"state": "pre-added", "who": ["user:anne"], "prob": 1}, "normalizations": {}, "fields": {"strength_premise": {"value": "3", "confidence": {"state": "pre-added", "who": ["user:anne"], "prob": 1}}, "relevance_premise": {"value": "3", "confidence": {"state": "pre-added", "who": ["user:anne"], "prob": 1}}}}, {"classId": "premise", "part": "s1p13", "offsets": [{"start": 2, "text": "Sobald die Plattform eine starke Benutzerbasis schafft, k\u00f6nnen wir den Kliniken eine monatliche Abonnementgeb\u00fchr f\u00fcr das Featured-Listing in Rechnung stellen."}], "coordinates": [], "confidence": {"state": "pre-added", "who": ["user:anne"], "prob": 1}, "normalizations": {}, "fields": {"strength_premise": {"value": "3", "confidence": {"state": "pre-added", "who": ["user:anne"], "prob": 1}}, "relevance_premise": {"value": "3", "confidence": {"state": "pre-added", "who": ["user:anne"], "prob": 1}}}}, {"classId": "claim", "part": "s1p14", "offsets": [{"start": 2, "text": "Schlie\u00dflich k\u00f6nnen wir die Affiliate-Links f\u00fcr die Terminbuchung der Benutzer \u00fcberwachen"}], "coordinates": [], "confidence": {"state": "pre-added", "who": ["user:anne"], "prob": 1}, "normalizations": {}, "fields": {"evidence": {"value": "3", "confidence": {"state": "pre-added", "who": ["user:anne"], "prob": 1}}}}, {"classId": "premise", "part": "s1p14", "offsets": [{"start": 91, "text": "um damit unseren Kunden eine Vermittlungsprovision zu berechnen. Ausserdem bieten sich auch Product Placements von Beauty Produkten auf der Plattform an."}], "coordinates": [], "confidence": {"state": "pre-added", "who": ["user:anne"], "prob": 1}, "normalizations": {}, "fields": {"strength_premise": {"value": "3", "confidence": {"state": "pre-added", "who": ["user:anne"], "prob": 1}}, "relevance_premise": {"value": "4", "confidence": {"state": "pre-added", "who": ["user:anne"], "prob": 1}}}}, {"classId": "claim", "part": "s1p17", "offsets": [{"start": 41, "text": "Grunds\u00e4tzlich bietet Beauty Birds einen digitalen und transparenten Marktplatz f\u00fcr Sch\u00f6nheitskliniken und User an"}], "coordinates": [], "confidence": {"state": "pre-added", "who": ["user:anne"], "prob": 1}, "normalizations": {}, "fields": {"evidence": {"value": "4", "confidence": {"state": "pre-added", "who": ["user:anne"], "prob": 1}}}}, {"classId": "premise", "part": "s1p17", "offsets": [{"start": 156, "text": "Das Vergleichen, \u00dcberpr\u00fcfen von Angeboten und Buchen von Terminen war nie einfacher. Dar\u00fcber hinaus haben die Kliniken die M\u00f6glichkeit, ihren Kundenstamm deutlich zu vergr\u00f6\u00dfern, ohne viel f\u00fcr umst\u00e4ndliche und ineffiziente Marketingkampagnen auszugeben."}], "coordinates": [], "confidence": {"state": "pre-added", "who": ["user:anne"], "prob": 1}, "normalizations": {}, "fields": {"strength_premise": {"value": "3", "confidence": {"state": "pre-added", "who": ["user:anne"], "prob": 1}}, "relevance_premise": {"value": "3", "confidence": {"state": "pre-added", "who": ["user:anne"], "prob": 1}}}}], "relations": [{"classId": "support", "type": "linked", "directed": false, "entities": ["s1p3|e_3|63,245", "s1p3|e_2|35,61"], "confidence": {"state": "pre-added", "who": ["user:anne"], "prob": 1}}, {"classId": "support", "type": "linked", "directed": false, "entities": ["s1p4|e_3|102,306", "s1p4|e_2|2,100"], "confidence": {"state": "pre-added", "who": ["user:anne"], "prob": 1}}, {"classId": "support", "type": "linked", "directed": false, "entities": ["s1p8|e_3|95,203", "s1p8|e_2|2,93"], "confidence": {"state": "pre-added", "who": ["user:anne"], "prob": 1}}, {"classId": "support", "type": "linked", "directed": false, "entities": ["s1p12|e_3|2,281", "s1p11|e_2|2,103"], "confidence": {"state": "pre-added", "who": ["user:anne"], "prob": 1}}, {"classId": "support", "type": "linked", "directed": false, "entities": ["s1p14|e_3|91,243", "s1p14|e_2|2,89"], "confidence": {"state": "pre-added", "who": ["user:anne"], "prob": 1}}, {"classId": "support", "type": "linked", "directed": false, "entities": ["s1p17|e_3|156,407", "s1p17|e_2|41,153"], "confidence": {"state": "pre-added", "who": ["user:anne"], "prob": 1}}, {"classId": "r_7", "type": "linked", "directed": false, "entities": ["s1p13|e_3|2,159", "s1p12|e_3|2,281"], "confidence": {"state": "pre-added", "who": ["user:anne"], "prob": 1}}]}