{"annotatable": {"parts": ["s1p1", "s1p2", "s1p3", "s1p4", "s1p5", "s1p6", "s1p7"]}, "anncomplete": true, "sources": [], "strength_pitch": {"value": "4", "confidence": {"state": "pre-added", "who": ["user:anne"], "prob": 1}}, "entities": [{"classId": "major_claim", "part": "s1p2", "offsets": [{"start": 0, "text": "Weducation bietet Studenten und Berufst\u00e4tigen eine Community Plattform, durch welche der Zugriff auf Fachb\u00fccher ma\u00dfgeblich erleichtert wird. Weducation setzt sich aus aus 3 Komponenten zusammen:"}], "coordinates": [], "confidence": {"state": "pre-added", "who": ["user:anne"], "prob": 1}, "normalizations": {}, "fields": {"specificity": {"value": "4", "confidence": {"state": "pre-added", "who": ["user:anne"], "prob": 1}}, "evidence": {"value": "3", "confidence": {"state": "pre-added", "who": ["user:anne"], "prob": 1}}}}, {"classId": "claim", "part": "s1p3", "offsets": [{"start": 0, "text": "1. B\u00fccher kaufen und verkaufen:"}], "coordinates": [], "confidence": {"state": "pre-added", "who": ["user:anne"], "prob": 1}, "normalizations": {}, "fields": {"evidence": {"value": "3", "confidence": {"state": "pre-added", "who": ["user:anne"], "prob": 1}}}}, {"classId": "premise", "part": "s1p3", "offsets": [{"start": 32, "text": "Qualit\u00e4tsgarantie und Zurverf\u00fcgungstellung von Verpackungsmaterial durch Weducation f\u00fcr einen fairen und unkomplizierten Kaufprozess f\u00fcr neues Buchvergn\u00fcgen oder frei geschaffenem Platz in deinem Zuhause."}], "coordinates": [], "confidence": {"state": "pre-added", "who": ["user:anne"], "prob": 1}, "normalizations": {}, "fields": {"strength_premise": {"value": "3", "confidence": {"state": "pre-added", "who": ["user:anne"], "prob": 1}}, "relevance_premise": {"value": "4", "confidence": {"state": "pre-added", "who": ["user:anne"], "prob": 1}}}}, {"classId": "claim", "part": "s1p4", "offsets": [{"start": 0, "text": "2. B\u00fccher tauschen:"}], "coordinates": [], "confidence": {"state": "pre-added", "who": ["user:anne"], "prob": 1}, "normalizations": {}, "fields": {"evidence": {"value": "3", "confidence": {"state": "pre-added", "who": ["user:anne"], "prob": 1}}}}, {"classId": "premise", "part": "s1p4", "offsets": [{"start": 20, "text": "Qualit\u00e4tsgarantie und Zurverf\u00fcgungstellung von Verpackungsmaterial durch Weducation f\u00fcr einen fairen Tausch deiner Fachb\u00fccher. Neues Wissen ohne extra Kosten und extra Lagerplatz. Steche hervor durch umfangreiches Wissen."}], "coordinates": [], "confidence": {"state": "pre-added", "who": ["user:anne"], "prob": 1}, "normalizations": {}, "fields": {"strength_premise": {"value": "3", "confidence": {"state": "pre-added", "who": ["user:anne"], "prob": 1}}, "relevance_premise": {"value": "3", "confidence": {"state": "pre-added", "who": ["user:anne"], "prob": 1}}}}, {"classId": "claim", "part": "s1p5", "offsets": [{"start": 0, "text": "3. B\u00fccher leihen und ausleihen:"}], "coordinates": [], "confidence": {"state": "pre-added", "who": ["user:anne"], "prob": 1}, "normalizations": {}, "fields": {"evidence": {"value": "4", "confidence": {"state": "pre-added", "who": ["user:anne"], "prob": 1}}}}, {"classId": "premise", "part": "s1p5", "offsets": [{"start": 32, "text": "Du erh\u00e4ltst Punkte f\u00fcr das Verleihen deines Buches. Diese Punkte nutzt du, um andere Fachb\u00fccher ausleihen zu k\u00f6nnen. Punktevergabe erfolgt je nach Leihdauer und Buchklassifizierung. Neues Wissen ohne extra Kosten und extra Lagerplatz. Outsmarte deine Kommilitonen und Kollegen."}], "coordinates": [], "confidence": {"state": "pre-added", "who": ["user:anne"], "prob": 1}, "normalizations": {}, "fields": {"strength_premise": {"value": "4", "confidence": {"state": "pre-added", "who": ["user:anne"], "prob": 1}}, "relevance_premise": {"value": "3", "confidence": {"state": "pre-added", "who": ["user:anne"], "prob": 1}}}}, {"classId": "claim", "part": "s1p6", "offsets": [{"start": 0, "text": "Weducation erm\u00f6glicht dir Zugang zu einer Vielfalt an Fachb\u00fcchern, die in den Zuhause deiner Freunde, Kommilitonen und Mitmenschen schlummert."}], "coordinates": [], "confidence": {"state": "pre-added", "who": ["user:anne"], "prob": 1}, "normalizations": {}, "fields": {"evidence": {"value": "3", "confidence": {"state": "pre-added", "who": ["user:anne"], "prob": 1}}}}], "relations": [{"classId": "support", "type": "linked", "directed": false, "entities": ["s1p3|e_3|32,235", "s1p3|e_2|0,30"], "confidence": {"state": "pre-added", "who": ["user:anne"], "prob": 1}}, {"classId": "support", "type": "linked", "directed": false, "entities": ["s1p4|e_3|20,240", "s1p4|e_2|0,18"], "confidence": {"state": "pre-added", "who": ["user:anne"], "prob": 1}}, {"classId": "support", "type": "linked", "directed": false, "entities": ["s1p5|e_3|32,308", "s1p5|e_2|0,30"], "confidence": {"state": "pre-added", "who": ["user:anne"], "prob": 1}}]}