{"annotatable": {"parts": ["s1p1"]}, "anncomplete": true, "sources": [], "strength_pitch": {"value": "4", "confidence": {"state": "pre-added", "who": ["user:anne"], "prob": 1}}, "entities": [{"classId": "major_claim", "part": "s1p1", "offsets": [{"start": 318, "text": "Bei diesen beiden Pain Points setzt die Plattforml\u00f6sung ShopItSmart an. Die Plattform aggregiert das Detailfachhandelangebot des Kunden und bringt Informationen \u00fcber die App zum User beim Ort des Einkaufs."}], "coordinates": [], "confidence": {"state": "pre-added", "who": ["user:anne"], "prob": 1}, "normalizations": {}, "fields": {"specificity": {"value": "4", "confidence": {"state": "pre-added", "who": ["user:anne"], "prob": 1}}, "evidence": {"value": "4", "confidence": {"state": "pre-added", "who": ["user:anne"], "prob": 1}}}}, {"classId": "claim", "part": "s1p1", "offsets": [{"start": 524, "text": "So kann der User Informationen dar\u00fcber abrufen, wo sich das Produkt im Gesch\u00e4ft befindet (AR), welche Alternativen zur Verf\u00fcgung stehen und zus\u00e4tzliche Informationen wie bspw. die \u00d6kobilanz des Produktes abrufen. Die Einkaufsliste wird optimiert,"}], "coordinates": [], "confidence": {"state": "pre-added", "who": ["user:anne"], "prob": 1}, "normalizations": {}, "fields": {"evidence": {"value": "4", "confidence": {"state": "pre-added", "who": ["user:anne"], "prob": 1}}}}, {"classId": "premise", "part": "s1p1", "offsets": [{"start": 771, "text": "indem mit einem \u201eTourmodus\u201c der User durchs Warenhaus optimal nach der Artikelverteilung in der Lokalit\u00e4t gef\u00fchrt wird und auf Angebote etc. hingewiesen und hingef\u00fchrt wird (Marketinginstrument)."}], "coordinates": [], "confidence": {"state": "pre-added", "who": ["user:anne"], "prob": 1}, "normalizations": {}, "fields": {"strength_premise": {"value": "4", "confidence": {"state": "pre-added", "who": ["user:anne"], "prob": 1}}, "relevance_premise": {"value": "4", "confidence": {"state": "pre-added", "who": ["user:anne"], "prob": 1}}}}, {"classId": "claim", "part": "s1p1", "offsets": [{"start": 967, "text": "Mithilfe des Einkauflistenassistenten werden dem User Vorschl\u00e4ge zu nachhaltigen und preiswerten Produkten gemach"}], "coordinates": [], "confidence": {"state": "pre-added", "who": ["user:anne"], "prob": 1}, "normalizations": {}, "fields": {"evidence": {"value": "4", "confidence": {"state": "pre-added", "who": ["user:anne"], "prob": 1}}}}, {"classId": "premise", "part": "s1p1", "offsets": [{"start": 1083, "text": "ganz abh\u00e4ngig der individuellen Pr\u00e4ferenzen."}], "coordinates": [], "confidence": {"state": "pre-added", "who": ["user:anne"], "prob": 1}, "normalizations": {}, "fields": {"strength_premise": {"value": "4", "confidence": {"state": "pre-added", "who": ["user:anne"], "prob": 1}}, "relevance_premise": {"value": "3", "confidence": {"state": "pre-added", "who": ["user:anne"], "prob": 1}}}}, {"classId": "claim", "part": "s1p1", "offsets": [{"start": 1128, "text": "Dem User wird die M\u00f6glichkeit geboten, den Einkauf anhand einiger Indikatoren zu bewerten (Wie gut waren die Produktvorschl\u00e4ge vor Ort? Wie Effizient war der Einkauf etc.)"}], "coordinates": [], "confidence": {"state": "pre-added", "who": ["user:anne"], "prob": 1}, "normalizations": {}, "fields": {"evidence": {"value": "4", "confidence": {"state": "pre-added", "who": ["user:anne"], "prob": 1}}}}, {"classId": "premise", "part": "s1p1", "offsets": [{"start": 1300, "text": "Die Plattform sammelt so wichtige Konsumentendaten, die wiederum dem Kunden der Plattform (bspw. Warenhausbetreiber) verkauft werden k\u00f6nnen und \u00fcber Marketing-Massnahmen Wertsch\u00f6pfung f\u00fcr den Kunden generieren."}], "coordinates": [], "confidence": {"state": "pre-added", "who": ["user:anne"], "prob": 1}, "normalizations": {}, "fields": {"strength_premise": {"value": "4", "confidence": {"state": "pre-added", "who": ["user:anne"], "prob": 1}}, "relevance_premise": {"value": "4", "confidence": {"state": "pre-added", "who": ["user:anne"], "prob": 1}}}}, {"classId": "claim", "part": "s1p1", "offsets": [{"start": 1511, "text": "Die Plattform generiert so Revenue-Streams in Form von Lizenzzahlungen vom Kunden und der Kommerzialisierung der Daten."}], "coordinates": [], "confidence": {"state": "pre-added", "who": ["user:anne"], "prob": 1}, "normalizations": {}, "fields": {"evidence": {"value": "4", "confidence": {"state": "pre-added", "who": ["user:anne"], "prob": 1}}}}], "relations": [{"classId": "support", "type": "linked", "directed": false, "entities": ["s1p1|e_3|771,965", "s1p1|e_2|524,769"], "confidence": {"state": "pre-added", "who": ["user:anne"], "prob": 1}}, {"classId": "support", "type": "linked", "directed": false, "entities": ["s1p1|e_3|1083,1126", "s1p1|e_2|967,1079"], "confidence": {"state": "pre-added", "who": ["user:anne"], "prob": 1}}, {"classId": "support", "type": "linked", "directed": false, "entities": ["s1p1|e_3|1300,1509", "s1p1|e_2|1128,1298"], "confidence": {"state": "pre-added", "who": ["user:anne"], "prob": 1}}]}