{"annotatable": {"parts": ["s1p1", "s1p2", "s1p3"]}, "anncomplete": true, "sources": [], "strength_pitch": {"value": "4", "confidence": {"state": "pre-added", "who": ["user:anne"], "prob": 1}}, "entities": [{"classId": "claim", "part": "s1p1", "offsets": [{"start": 0, "text": "Fehlk\u00e4ufe sind \u00e4rgerlich"}], "coordinates": [], "confidence": {"state": "pre-added", "who": ["user:anne"], "prob": 1}, "normalizations": {}, "fields": {"evidence": {"value": "3", "confidence": {"state": "pre-added", "who": ["user:anne"], "prob": 1}}}}, {"classId": "premise", "part": "s1p1", "offsets": [{"start": 27, "text": "nicht nur weil Geld und Zeit fehlinvestiert wurde, sondern weil man als Nutzer den gesamten Kaufprozess noch einmal wiederholen muss."}], "coordinates": [], "confidence": {"state": "pre-added", "who": ["user:anne"], "prob": 1}, "normalizations": {}, "fields": {"strength_premise": {"value": "3", "confidence": {"state": "pre-added", "who": ["user:anne"], "prob": 1}}, "relevance_premise": {"value": "3", "confidence": {"state": "pre-added", "who": ["user:anne"], "prob": 1}}}}, {"classId": "claim", "part": "s1p1", "offsets": [{"start": 161, "text": "Gute Informationen und Erfahrungen von anderen Nutzern zu einem Produkt erlauben es, das Risiko eines Fehlkaufs zu minimieren,"}], "coordinates": [], "confidence": {"state": "pre-added", "who": ["user:anne"], "prob": 1}, "normalizations": {}, "fields": {"evidence": {"value": "3", "confidence": {"state": "pre-added", "who": ["user:anne"], "prob": 1}}}}, {"classId": "premise", "part": "s1p1", "offsets": [{"start": 288, "text": "indem man bereits vor dem Kauf die Funktionalit\u00e4t und Eigenschaften eines Produkts zumindest durch andere Personen erfahren kann."}], "coordinates": [], "confidence": {"state": "pre-added", "who": ["user:anne"], "prob": 1}, "normalizations": {}, "fields": {"strength_premise": {"value": "3", "confidence": {"state": "pre-added", "who": ["user:anne"], "prob": 1}}, "relevance_premise": {"value": "3", "confidence": {"state": "pre-added", "who": ["user:anne"], "prob": 1}}}}, {"classId": "claim", "part": "s1p1", "offsets": [{"start": 418, "text": "Zwar gibt es bereits heute zahlreiche Anbieter von Produkttests, Blogs oder einfach Kommentarspalten in Onlineshops, jedoch umfassen diese meist nur einen kleine Palette von Erfahrungen."}], "coordinates": [], "confidence": {"state": "pre-added", "who": ["user:anne"], "prob": 1}, "normalizations": {}, "fields": {"evidence": {"value": "3", "confidence": {"state": "pre-added", "who": ["user:anne"], "prob": 1}}}}, {"classId": "premise", "part": "s1p1", "offsets": [{"start": 605, "text": "So sind Produkttests wie z.B. durch K-Tipp nur eine Momentaufnahme, w\u00e4hrend Blogbeitr\u00e4ge wiederum nur die Meinung einer einzelnen Person wiedergeben. Zudem erscheinen bei Suchmaschinen bei der Eingabe eines Produkts die Bewertungen und Erfahrungen versteckt zwischen Werbungen und Links zu Onlineshops. Deshalb braucht es eine zentrale Plattform, die all diese verstreuten Erfahrungen zu einem Produkt konsolidiert und damit dem Nutzer die Recherche bei einer Kaufentscheidung bedeutend erleichtert."}], "coordinates": [], "confidence": {"state": "pre-added", "who": ["user:anne"], "prob": 1}, "normalizations": {}, "fields": {"strength_premise": {"value": "4", "confidence": {"state": "pre-added", "who": ["user:anne"], "prob": 1}}, "relevance_premise": {"value": "4", "confidence": {"state": "pre-added", "who": ["user:anne"], "prob": 1}}}}, {"classId": "major_claim", "part": "s1p1", "offsets": [{"start": 1105, "text": "Genau dies bietet Recommendio, indem es als Plattform funktioniert, auf welcher K\u00e4ufer ihre Erfahrungen teilen und einsehen k\u00f6nnen, wobei \u00fcber einen Crawler auch bereits bestehende Informationen integriert und konsolidiert werden."}], "coordinates": [], "confidence": {"state": "pre-added", "who": ["user:anne"], "prob": 1}, "normalizations": {}, "fields": {"specificity": {"value": "3", "confidence": {"state": "pre-added", "who": ["user:anne"], "prob": 1}}, "evidence": {"value": "3", "confidence": {"state": "pre-added", "who": ["user:anne"], "prob": 1}}}}, {"classId": "claim", "part": "s1p2", "offsets": [{"start": 0, "text": "Zielgruppe sind Personen, die Onlinek\u00e4ufe t\u00e4tigen und dabei ein hohes Informationsbed\u00fcrfnis bei der Kaufentscheidung haben."}], "coordinates": [], "confidence": {"state": "pre-added", "who": ["user:anne"], "prob": 1}, "normalizations": {}, "fields": {"evidence": {"value": "3", "confidence": {"state": "pre-added", "who": ["user:anne"], "prob": 1}}}}, {"classId": "premise", "part": "s1p2", "offsets": [{"start": 124, "text": "Somit sollen Kunden angesprochen werden, die bereits heute oftmals viel Zeit auf Suchmaschinen innerhalb eines Kaufprozess verbringen"}], "coordinates": [], "confidence": {"state": "pre-added", "who": ["user:anne"], "prob": 1}, "normalizations": {}, "fields": {"strength_premise": {"value": "3", "confidence": {"state": "pre-added", "who": ["user:anne"], "prob": 1}}, "relevance_premise": {"value": "3", "confidence": {"state": "pre-added", "who": ["user:anne"], "prob": 1}}}}, {"classId": "claim", "part": "s1p2", "offsets": [{"start": 259, "text": "Um Kunden zu motivieren, aktiv an der Community teilzunehmen,"}], "coordinates": [], "confidence": {"state": "pre-added", "who": ["user:anne"], "prob": 1}, "normalizations": {}, "fields": {"evidence": {"value": "4", "confidence": {"state": "pre-added", "who": ["user:anne"], "prob": 1}}}}, {"classId": "premise", "part": "s1p2", "offsets": [{"start": 321, "text": "verteilt Recommendio R\u00e4nge an Mitglieder entsprechend ihrer Aktivit\u00e4ten und zeichnet die 200 aktivsten Benutzer der Community in einem Ranking aus."}], "coordinates": [], "confidence": {"state": "pre-added", "who": ["user:anne"], "prob": 1}, "normalizations": {}, "fields": {"strength_premise": {"value": "4", "confidence": {"state": "pre-added", "who": ["user:anne"], "prob": 1}}, "relevance_premise": {"value": "3", "confidence": {"state": "pre-added", "who": ["user:anne"], "prob": 1}}}}, {"classId": "claim", "part": "s1p3", "offsets": [{"start": 0, "text": "Dabei gibt es zwei zentrale Ertragsstr\u00f6me: Einerseits erh\u00e4lt Recommendio eine Kommission,"}], "coordinates": [], "confidence": {"state": "pre-added", "who": ["user:anne"], "prob": 1}, "normalizations": {}, "fields": {"evidence": {"value": "4", "confidence": {"state": "pre-added", "who": ["user:anne"], "prob": 1}}}}, {"classId": "premise", "part": "s1p3", "offsets": [{"start": 90, "text": "wenn ein Nutzer an einen Partner weitergeleitet wird, wo er dann den Kauf t\u00e4tigen kann (z.B. Onlineshop)."}], "coordinates": [], "confidence": {"state": "pre-added", "who": ["user:anne"], "prob": 1}, "normalizations": {}, "fields": {"strength_premise": {"value": "3", "confidence": {"state": "pre-added", "who": ["user:anne"], "prob": 1}}, "relevance_premise": {"value": "3", "confidence": {"state": "pre-added", "who": ["user:anne"], "prob": 1}}}}, {"classId": "claim", "part": "s1p3", "offsets": [{"start": 196, "text": "Andererseits wird Geld durch Werbung auf der Webseite selbst generiert."}], "coordinates": [], "confidence": {"state": "pre-added", "who": ["user:anne"], "prob": 1}, "normalizations": {}, "fields": {"evidence": {"value": "4", "confidence": {"state": "pre-added", "who": ["user:anne"], "prob": 1}}}}, {"classId": "premise", "part": "s1p3", "offsets": [{"start": 268, "text": "Bei der Implementierung sollen zu Anfang nur bestimmte Produktkategorien abgedeckt werden, die dann stetig ausgebaut werden. Mit diesem langsamen Ausbau soll sichergestellt werden, dass Recommendio die Produkte innerhalb einer Kategorien umfassend abdecken kann und damit der Nutzer eine hohe Trefferquote hat."}], "coordinates": [], "confidence": {"state": "pre-added", "who": ["user:anne"], "prob": 1}, "normalizations": {}, "fields": {"strength_premise": {"value": "4", "confidence": {"state": "pre-added", "who": ["user:anne"], "prob": 1}}, "relevance_premise": {"value": "4", "confidence": {"state": "pre-added", "who": ["user:anne"], "prob": 1}}}}], "relations": [{"classId": "support", "type": "linked", "directed": false, "entities": ["s1p1|e_2|0,23", "s1p1|e_3|27,159"], "confidence": {"state": "pre-added", "who": ["user:anne"], "prob": 1}}, {"classId": "support", "type": "linked", "directed": false, "entities": ["s1p1|e_3|288,416", "s1p1|e_2|161,286"], "confidence": {"state": "pre-added", "who": ["user:anne"], "prob": 1}}, {"classId": "support", "type": "linked", "directed": false, "entities": ["s1p1|e_3|605,1103", "s1p1|e_2|418,603"], "confidence": {"state": "pre-added", "who": ["user:anne"], "prob": 1}}, {"classId": "support", "type": "linked", "directed": false, "entities": ["s1p2|e_3|124,256", "s1p2|e_2|0,122"], "confidence": {"state": "pre-added", "who": ["user:anne"], "prob": 1}}, {"classId": "support", "type": "linked", "directed": false, "entities": ["s1p3|e_3|90,194", "s1p3|e_2|0,88"], "confidence": {"state": "pre-added", "who": ["user:anne"], "prob": 1}}, {"classId": "support", "type": "linked", "directed": false, "entities": ["s1p3|e_3|268,577", "s1p3|e_2|196,266"], "confidence": {"state": "pre-added", "who": ["user:anne"], "prob": 1}}]}