{"annotatable": {"parts": ["s1p1"]}, "anncomplete": true, "sources": [], "strength_pitch": {"value": "4", "confidence": {"state": "pre-added", "who": ["user:anne"], "prob": 1}}, "entities": [{"classId": "major_claim", "part": "s1p1", "offsets": [{"start": 0, "text": "Der Patient kann die Plattform mit seinem Profil nutzen und darauf Arzttermine verwalten."}], "coordinates": [], "confidence": {"state": "pre-added", "who": ["user:anne"], "prob": 1}, "normalizations": {}, "fields": {"specificity": {"value": "3", "confidence": {"state": "pre-added", "who": ["user:anne"], "prob": 1}}, "evidence": {"value": "4", "confidence": {"state": "pre-added", "who": ["user:anne"], "prob": 1}}}}, {"classId": "premise", "part": "s1p1", "offsets": [{"start": 90, "text": "Es k\u00f6nnen Pr\u00e4ferenzen eingegeben (bzgl. Fachrichtung, Umkreis, \u00d6ffnungszeiten usw.) und anonymisierte Bewertungen (Kommentare, Bilder der Praxis) eingesehen werden, damit der Patient sich ein besseres Bild der Praxis verschaffen kann."}], "coordinates": [], "confidence": {"state": "pre-added", "who": ["user:anne"], "prob": 1}, "normalizations": {}, "fields": {"strength_premise": {"value": "4", "confidence": {"state": "pre-added", "who": ["user:anne"], "prob": 1}}, "relevance_premise": {"value": "4", "confidence": {"state": "pre-added", "who": ["user:anne"], "prob": 1}}}}, {"classId": "claim", "part": "s1p1", "offsets": [{"start": 325, "text": "Falls der Patient mit seinen bestehenden \u00c4rzten zufrieden ist (keine neuen sucht), kann die gew\u00fcnschte Praxis auch durch eine Direktsuche hinzugef\u00fcgt werden,"}], "coordinates": [], "confidence": {"state": "pre-added", "who": ["user:anne"], "prob": 1}, "normalizations": {}, "fields": {"evidence": {"value": "3", "confidence": {"state": "pre-added", "who": ["user:anne"], "prob": 1}}}}, {"classId": "premise", "part": "s1p1", "offsets": [{"start": 483, "text": "um den Service zu nutzen. Um gef\u00e4lschtem Feedback entgegenzuwirken, wird die Feedbackfunktion erst aufgeschaltet, nachdem ein Patient einen Termin in der Praxis besucht hat."}], "coordinates": [], "confidence": {"state": "pre-added", "who": ["user:anne"], "prob": 1}, "normalizations": {}, "fields": {"strength_premise": {"value": "3", "confidence": {"state": "pre-added", "who": ["user:anne"], "prob": 1}}, "relevance_premise": {"value": "4", "confidence": {"state": "pre-added", "who": ["user:anne"], "prob": 1}}}}, {"classId": "claim", "part": "s1p1", "offsets": [{"start": 657, "text": "Die Plattform bietet online Terminvereinbarung und -verschiebung an."}], "coordinates": [], "confidence": {"state": "pre-added", "who": ["user:anne"], "prob": 1}, "normalizations": {}, "fields": {"evidence": {"value": "4", "confidence": {"state": "pre-added", "who": ["user:anne"], "prob": 1}}}}, {"classId": "premise", "part": "s1p1", "offsets": [{"start": 726, "text": "Bei der Terminbuchung kann der Patient in einem Textfeld sein Problem schildern."}], "coordinates": [], "confidence": {"state": "pre-added", "who": ["user:anne"], "prob": 1}, "normalizations": {}, "fields": {"strength_premise": {"value": "4", "confidence": {"state": "pre-added", "who": ["user:anne"], "prob": 1}}, "relevance_premise": {"value": "4", "confidence": {"state": "pre-added", "who": ["user:anne"], "prob": 1}}}}, {"classId": "claim", "part": "s1p1", "offsets": [{"start": 807, "text": "Aufgrund der Schilderung wird ihm von einer MPA mitgeteilt wie lange der Termin dauern soll."}], "coordinates": [], "confidence": {"state": "pre-added", "who": ["user:anne"], "prob": 1}, "normalizations": {}, "fields": {"evidence": {"value": "3", "confidence": {"state": "pre-added", "who": ["user:anne"], "prob": 1}}}}, {"classId": "premise", "part": "s1p1", "offsets": [{"start": 900, "text": "Alternativ kann aus einer Auswahl von Standardbehandlungen ausgew\u00e4hlt werden (z.B. Jahreskontrolle Zahnarzt \u2192 45 min). Wird ein Termin weniger als 12h vorher abgesagt/verschoben, wird dem Patienten eine Geb\u00fchr erhoben. Im Falle einer \u00dcberweisung vom Hausarzt an Spezialisten k\u00f6nnen die Patienten via einen Einladungslink auf die Seite der entsprechenden Praxis gelangen und dann den Onlineservice nutzen."}], "coordinates": [], "confidence": {"state": "pre-added", "who": ["user:anne"], "prob": 1}, "normalizations": {}, "fields": {"strength_premise": {"value": "4", "confidence": {"state": "pre-added", "who": ["user:anne"], "prob": 1}}, "relevance_premise": {"value": "4", "confidence": {"state": "pre-added", "who": ["user:anne"], "prob": 1}}}}, {"classId": "claim", "part": "s1p1", "offsets": [{"start": 1305, "text": "Zus\u00e4tzlich bietet die Plattform Terminerinnerungen und Aufforderungen zu Folgeterminen an."}], "coordinates": [], "confidence": {"state": "pre-added", "who": ["user:anne"], "prob": 1}, "normalizations": {}, "fields": {"evidence": {"value": "4", "confidence": {"state": "pre-added", "who": ["user:anne"], "prob": 1}}}}, {"classId": "premise", "part": "s1p1", "offsets": [{"start": 1396, "text": "So kann die Anzahl vergessener Termine verringert und auf ben\u00f6tigte Routinekontrollen regelm\u00e4ssiger aufmerksam gemacht werden."}], "coordinates": [], "confidence": {"state": "pre-added", "who": ["user:anne"], "prob": 1}, "normalizations": {}, "fields": {"strength_premise": {"value": "4", "confidence": {"state": "pre-added", "who": ["user:anne"], "prob": 1}}, "relevance_premise": {"value": "4", "confidence": {"state": "pre-added", "who": ["user:anne"], "prob": 1}}}}, {"classId": "claim", "part": "s1p1", "offsets": [{"start": 1616, "text": "Die Plattform kn\u00fcpft an die mangelnden IT Kenntnisse der Praxen an und unterst\u00fctzt diese bei der (online) Erreichung von Neu- und Bestandskunden."}], "coordinates": [], "confidence": {"state": "pre-added", "who": ["user:anne"], "prob": 1}, "normalizations": {}, "fields": {"evidence": {"value": "4", "confidence": {"state": "pre-added", "who": ["user:anne"], "prob": 1}}}}, {"classId": "premise", "part": "s1p1", "offsets": [{"start": 1762, "text": "Der Ertrag der Plattform wird durch eine Systemgeb\u00fchr generiert, also einem kleinen Prozentsatz am Umsatz der Kunden, welche die Plattform verwenden."}], "coordinates": [], "confidence": {"state": "pre-added", "who": ["user:anne"], "prob": 1}, "normalizations": {}, "fields": {"strength_premise": {"value": "4", "confidence": {"state": "pre-added", "who": ["user:anne"], "prob": 1}}, "relevance_premise": {"value": "4", "confidence": {"state": "pre-added", "who": ["user:anne"], "prob": 1}}}}, {"classId": "premise", "part": "s1p1", "offsets": [{"start": 1912, "text": "Im Gegenzug unterst\u00fctzt die Plattform die Praxen zus\u00e4tzlich bei Marketingaktivit\u00e4ten, Generierung von Reichweite und bei der Gewinnung neuer Patienten."}], "coordinates": [], "confidence": {"state": "pre-added", "who": ["user:anne"], "prob": 1}, "normalizations": {}, "fields": {"strength_premise": {"value": "3", "confidence": {"state": "pre-added", "who": ["user:anne"], "prob": 1}}, "relevance_premise": {"value": "3", "confidence": {"state": "pre-added", "who": ["user:anne"], "prob": 1}}}}, {"classId": "claim", "part": "s1p1", "offsets": [{"start": 2064, "text": "Die Plattform wird attraktiv durch Netzwerkeffekte."}], "coordinates": [], "confidence": {"state": "pre-added", "who": ["user:anne"], "prob": 1}, "normalizations": {}, "fields": {"evidence": {"value": "4", "confidence": {"state": "pre-added", "who": ["user:anne"], "prob": 1}}}}, {"classId": "premise", "part": "s1p1", "offsets": [{"start": 2116, "text": "Je mehr Nutzer auf beiden Seiten, desto h\u00f6her der Mehrwert (f\u00fcr Patienten und Arztpraxen)."}], "coordinates": [], "confidence": {"state": "pre-added", "who": ["user:anne"], "prob": 1}, "normalizations": {}, "fields": {"strength_premise": {"value": "4", "confidence": {"state": "pre-added", "who": ["user:anne"], "prob": 1}}, "relevance_premise": {"value": "4", "confidence": {"state": "pre-added", "who": ["user:anne"], "prob": 1}}}}], "relations": [{"classId": "r_5", "type": "linked", "directed": false, "entities": ["s1p1|e_3|90,323", "s1p1|e_1|0,88"], "confidence": {"state": "pre-added", "who": ["user:anne"], "prob": 1}}, {"classId": "support", "type": "linked", "directed": false, "entities": ["s1p1|e_3|483,655", "s1p1|e_2|325,481"], "confidence": {"state": "pre-added", "who": ["user:anne"], "prob": 1}}, {"classId": "support", "type": "linked", "directed": false, "entities": ["s1p1|e_3|726,805", "s1p1|e_2|657,724"], "confidence": {"state": "pre-added", "who": ["user:anne"], "prob": 1}}, {"classId": "support", "type": "linked", "directed": false, "entities": ["s1p1|e_3|900,1303", "s1p1|e_2|807,898"], "confidence": {"state": "pre-added", "who": ["user:anne"], "prob": 1}}, {"classId": "support", "type": "linked", "directed": false, "entities": ["s1p1|e_3|1396,1521", "s1p1|e_2|1305,1394"], "confidence": {"state": "pre-added", "who": ["user:anne"], "prob": 1}}, {"classId": "support", "type": "linked", "directed": false, "entities": ["s1p1|e_3|1762,1910", "s1p1|e_2|1616,1760"], "confidence": {"state": "pre-added", "who": ["user:anne"], "prob": 1}}, {"classId": "support", "type": "linked", "directed": false, "entities": ["s1p1|e_3|2116,2205", "s1p1|e_2|2064,2114"], "confidence": {"state": "pre-added", "who": ["user:anne"], "prob": 1}}, {"classId": "r_7", "type": "linked", "directed": false, "entities": ["s1p1|e_3|1912,2062", "s1p1|e_3|1762,1910"], "confidence": {"state": "pre-added", "who": ["user:anne"], "prob": 1}}]}