{"annotatable": {"parts": ["s1p1"]}, "anncomplete": true, "sources": [], "strength_pitch": {"value": "4", "confidence": {"state": "pre-added", "who": ["user:anne"], "prob": 1}}, "entities": [{"classId": "major_claim", "part": "s1p1", "offsets": [{"start": 0, "text": "Auf der Plattform, welche als Virtual-Reality-Software (VR) auf den Markt kommen soll, k\u00f6nnen M\u00f6belh\u00e4user und Baum\u00e4rkte ihre Produkte virtualisieren und dem User zur Verf\u00fcgung stellen."}], "coordinates": [], "confidence": {"state": "pre-added", "who": ["user:anne"], "prob": 1}, "normalizations": {}, "fields": {"specificity": {"value": "4", "confidence": {"state": "pre-added", "who": ["user:anne"], "prob": 1}}, "evidence": {"value": "4", "confidence": {"state": "pre-added", "who": ["user:anne"], "prob": 1}}}}, {"classId": "claim", "part": "s1p1", "offsets": [{"start": 185, "text": "Der User kann dann \u00fcber die Sofware mit einer VR-Brille den einzurichtenden Raum importieren (entweder selber aufbauen \u00e0 la \u201eDie Sims\u201c oder bei komplizierteren R\u00e4umen kostenintenisver anhand Lasertechnik z.B. von Hilti) und diesen mithilfe der virtualisierten Produkte einrichten."}], "coordinates": [], "confidence": {"state": "pre-added", "who": ["user:anne"], "prob": 1}, "normalizations": {}, "fields": {"evidence": {"value": "4", "confidence": {"state": "pre-added", "who": ["user:anne"], "prob": 1}}}}, {"classId": "premise", "part": "s1p1", "offsets": [{"start": 466, "text": "Dank dem integrierten Shop k\u00f6nnen die Produkte gleich bestellt werden."}], "coordinates": [], "confidence": {"state": "pre-added", "who": ["user:anne"], "prob": 1}, "normalizations": {}, "fields": {"strength_premise": {"value": "3", "confidence": {"state": "pre-added", "who": ["user:anne"], "prob": 1}}, "relevance_premise": {"value": "3", "confidence": {"state": "pre-added", "who": ["user:anne"], "prob": 1}}}}, {"classId": "claim", "part": "s1p1", "offsets": [{"start": 537, "text": "Dieser integrierte Shop wird erstellt,"}], "coordinates": [], "confidence": {"state": "pre-added", "who": ["user:anne"], "prob": 1}, "normalizations": {}, "fields": {"evidence": {"value": "3", "confidence": {"state": "pre-added", "who": ["user:anne"], "prob": 1}}}}, {"classId": "premise", "part": "s1p1", "offsets": [{"start": 576, "text": "indem die M\u00f6belh\u00e4user und Baum\u00e4rkten mit Hilfe unserer Import-Software ihre Produkte virtualisieren oder die Virtualisierung von uns durchf\u00fchren lassen. Diese Variabilit\u00e4t kann agil auf eine ver\u00e4nderte Nachfrage auf der B2B Seite reagieren und ein flexibles Angebot kann pr\u00e4sentiert werden.."}], "coordinates": [], "confidence": {"state": "pre-added", "who": ["user:anne"], "prob": 1}, "normalizations": {}, "fields": {"strength_premise": {"value": "4", "confidence": {"state": "pre-added", "who": ["user:anne"], "prob": 1}}, "relevance_premise": {"value": "4", "confidence": {"state": "pre-added", "who": ["user:anne"], "prob": 1}}}}, {"classId": "claim", "part": "s1p1", "offsets": [{"start": 868, "text": "Die Produkte im Shop sollten durch eine Sternebewertung von fr\u00fcheren K\u00e4ufern bewertet und mit Kommentaren versehen sein"}], "coordinates": [], "confidence": {"state": "pre-added", "who": ["user:anne"], "prob": 1}, "normalizations": {}, "fields": {"evidence": {"value": "4", "confidence": {"state": "pre-added", "who": ["user:anne"], "prob": 1}}}}, {"classId": "premise", "part": "s1p1", "offsets": [{"start": 989, "text": "Dadurch sieht der User das gew\u00fcnschte Endergebnis direkt an seinem eigenen Objekt, braucht keine Vorstellungskraft und kann \u00c4nderungen schnell und unkompliziert visualisieren."}], "coordinates": [], "confidence": {"state": "pre-added", "who": ["user:anne"], "prob": 1}, "normalizations": {}, "fields": {"strength_premise": {"value": "4", "confidence": {"state": "pre-added", "who": ["user:anne"], "prob": 1}}, "relevance_premise": {"value": "4", "confidence": {"state": "pre-added", "who": ["user:anne"], "prob": 1}}}}, {"classId": "claim", "part": "s1p1", "offsets": [{"start": 1165, "text": "Der physische Besuch beim Berater / Verk\u00e4ufer f\u00e4llt weg und die Einrichtung kann vom User selbst ohne spezifisches Know-How geplant werden."}], "coordinates": [], "confidence": {"state": "pre-added", "who": ["user:anne"], "prob": 1}, "normalizations": {}, "fields": {"evidence": {"value": "4", "confidence": {"state": "pre-added", "who": ["user:anne"], "prob": 1}}}}, {"classId": "premise", "part": "s1p1", "offsets": [{"start": 1305, "text": "Nachdem in einer ersten Phase die Plattform ausschliesslich \u201e@Home\u201c benutzt wird, kann sp\u00e4ter, sobald die Plattform eine gewisse Reichweite erreicht hat, Ertrag durch eine Lizenzierung und Verkauf / Vermietung der Software an Architekten, Bauleiter oder an die M\u00f6belh\u00e4user und Baum\u00e4rken selbst generiert werden."}], "coordinates": [], "confidence": {"state": "pre-added", "who": ["user:anne"], "prob": 1}, "normalizations": {}, "fields": {"strength_premise": {"value": "4", "confidence": {"state": "pre-added", "who": ["user:anne"], "prob": 1}}, "relevance_premise": {"value": "4", "confidence": {"state": "pre-added", "who": ["user:anne"], "prob": 1}}}}], "relations": [{"classId": "support", "type": "linked", "directed": false, "entities": ["s1p1|e_3|466,535", "s1p1|e_2|185,464"], "confidence": {"state": "pre-added", "who": ["user:anne"], "prob": 1}}, {"classId": "support", "type": "linked", "directed": false, "entities": ["s1p1|e_3|576,866", "s1p1|e_2|537,574"], "confidence": {"state": "pre-added", "who": ["user:anne"], "prob": 1}}, {"classId": "support", "type": "linked", "directed": false, "entities": ["s1p1|e_3|989,1163", "s1p1|e_2|868,986"], "confidence": {"state": "pre-added", "who": ["user:anne"], "prob": 1}}, {"classId": "support", "type": "linked", "directed": false, "entities": ["s1p1|e_3|1305,1615", "s1p1|e_2|1165,1303"], "confidence": {"state": "pre-added", "who": ["user:anne"], "prob": 1}}]}