{"annotatable": {"parts": ["s1p1"]}, "anncomplete": true, "sources": [], "strength_pitch": {"value": "4", "confidence": {"state": "pre-added", "who": ["user:anne"], "prob": 1}}, "entities": [{"classId": "major_claim", "part": "s1p1", "offsets": [{"start": 200, "text": "Laden Sie die FOS App runter und machen sie im Handumdrehen ein wundersch\u00f6nes Fotoalbum."}], "coordinates": [], "confidence": {"state": "pre-added", "who": ["user:anne"], "prob": 1}, "normalizations": {}, "fields": {"specificity": {"value": "3", "confidence": {"state": "pre-added", "who": ["user:anne"], "prob": 1}}, "evidence": {"value": "4", "confidence": {"state": "pre-added", "who": ["user:anne"], "prob": 1}}}}, {"classId": "claim", "part": "s1p1", "offsets": [{"start": 289, "text": "Die App ist super einfach zu bedienen."}], "coordinates": [], "confidence": {"state": "pre-added", "who": ["user:anne"], "prob": 1}, "normalizations": {}, "fields": {"evidence": {"value": "3", "confidence": {"state": "pre-added", "who": ["user:anne"], "prob": 1}}}}, {"classId": "premise", "part": "s1p1", "offsets": [{"start": 328, "text": "Die Bearbeitung ist schnell und selbsterkl\u00e4rend leicht. Ob im Zug, oder beim Fernsehen, Sie k\u00f6nnen ohne Druck Ihre Fotos hochladen, abspeichern und bei n\u00e4chster Gelegenheit weiterbearbeiten."}], "coordinates": [], "confidence": {"state": "pre-added", "who": ["user:anne"], "prob": 1}, "normalizations": {}, "fields": {"strength_premise": {"value": "4", "confidence": {"state": "pre-added", "who": ["user:anne"], "prob": 1}}, "relevance_premise": {"value": "4", "confidence": {"state": "pre-added", "who": ["user:anne"], "prob": 1}}}}, {"classId": "claim", "part": "s1p1", "offsets": [{"start": 519, "text": "Die grosse Bandbreite der Gestaltungsm\u00f6glichkeiten erlaubt Ihnen die Auswahl von vorgefertigten Vorlagen f\u00fcr Kalender, Wandbilder, Poster, Alben und viele mehr."}], "coordinates": [], "confidence": {"state": "pre-added", "who": ["user:anne"], "prob": 1}, "normalizations": {}, "fields": {"evidence": {"value": "4", "confidence": {"state": "pre-added", "who": ["user:anne"], "prob": 1}}}}, {"classId": "premise", "part": "s1p1", "offsets": [{"start": 680, "text": "Haben Sie Ihr Wunschprodukt zusammengestellt, sind es nur noch ein paar Klicks und die Bestellung ist abgeschlossen. Unser Team \u00fcbernimmt nun den Rest f\u00fcr Sie."}], "coordinates": [], "confidence": {"state": "pre-added", "who": ["user:anne"], "prob": 1}, "normalizations": {}, "fields": {"strength_premise": {"value": "3", "confidence": {"state": "pre-added", "who": ["user:anne"], "prob": 1}}, "relevance_premise": {"value": "4", "confidence": {"state": "pre-added", "who": ["user:anne"], "prob": 1}}}}, {"classId": "claim", "part": "s1p1", "offsets": [{"start": 840, "text": "Das beindruckende Design Ihrer Fotos wird die Liebe zum Ausdruck bringen und Ihre Geliebte vor \u00dcberraschung erstrahlen lassen."}], "coordinates": [], "confidence": {"state": "pre-added", "who": ["user:anne"], "prob": 1}, "normalizations": {}, "fields": {"evidence": {"value": "4", "confidence": {"state": "pre-added", "who": ["user:anne"], "prob": 1}}}}, {"classId": "premise", "part": "s1p1", "offsets": [{"start": 967, "text": "Als wundersch\u00f6nes Geschenk verpackt erhalten Sie das Album oder Kalender direkt nach Hause, ins Gesch\u00e4ft, oder in dem n\u00e4chsten Einkaufsladen Ihrer Wahl versendet."}], "coordinates": [], "confidence": {"state": "pre-added", "who": ["user:anne"], "prob": 1}, "normalizations": {}, "fields": {"strength_premise": {"value": "4", "confidence": {"state": "pre-added", "who": ["user:anne"], "prob": 1}}, "relevance_premise": {"value": "4", "confidence": {"state": "pre-added", "who": ["user:anne"], "prob": 1}}}}], "relations": [{"classId": "support", "type": "linked", "directed": false, "entities": ["s1p1|e_3|328,517", "s1p1|e_2|289,326"], "confidence": {"state": "pre-added", "who": ["user:anne"], "prob": 1}}, {"classId": "support", "type": "linked", "directed": false, "entities": ["s1p1|e_3|680,838", "s1p1|e_2|519,678"], "confidence": {"state": "pre-added", "who": ["user:anne"], "prob": 1}}, {"classId": "support", "type": "linked", "directed": false, "entities": ["s1p1|e_3|967,1128", "s1p1|e_2|840,965"], "confidence": {"state": "pre-added", "who": ["user:anne"], "prob": 1}}]}