{"annotatable": {"parts": ["s1p1", "s1p2", "s1p3", "s1p4"]}, "anncomplete": true, "sources": [], "strength_pitch": {"value": "4", "confidence": {"state": "pre-added", "who": ["user:anne"], "prob": 1}}, "entities": [{"classId": "major_claim", "part": "s1p1", "offsets": [{"start": 0, "text": "Meine Idee ist es, den Service der Cookidoo App zu verbessern, der auf dem Thermomix-Produkt der Vorwerk Gruppe basiert."}], "coordinates": [], "confidence": {"state": "pre-added", "who": ["user:anne"], "prob": 1}, "normalizations": {}, "fields": {"specificity": {"value": "4", "confidence": {"state": "pre-added", "who": ["user:anne"], "prob": 1}}, "evidence": {"value": "3", "confidence": {"state": "pre-added", "who": ["user:anne"], "prob": 1}}}}, {"classId": "claim", "part": "s1p1", "offsets": [{"start": 121, "text": "Die Vorwerk Gruppe bietet ihren Kunden derzeit die M\u00f6glichkeit, mit der Cookidoo App effizient zu kochen, ihr Lieblingsrezept auszuw\u00e4hlen und den spezifischen Anweisungen zu folgen."}], "coordinates": [], "confidence": {"state": "pre-added", "who": ["user:anne"], "prob": 1}, "normalizations": {}, "fields": {"evidence": {"value": "4", "confidence": {"state": "pre-added", "who": ["user:anne"], "prob": 1}}}}, {"classId": "premise", "part": "s1p1", "offsets": [{"start": 303, "text": "Mit dem neuen Plattform-Gesch\u00e4ft k\u00f6nnen die Kunden die Zutaten jedoch direkt aus der App bestellen, ohne in den Laden gehen zu m\u00fcssen."}], "coordinates": [], "confidence": {"state": "pre-added", "who": ["user:anne"], "prob": 1}, "normalizations": {}, "fields": {"strength_premise": {"value": "4", "confidence": {"state": "pre-added", "who": ["user:anne"], "prob": 1}}, "relevance_premise": {"value": "4", "confidence": {"state": "pre-added", "who": ["user:anne"], "prob": 1}}}}, {"classId": "claim", "part": "s1p1", "offsets": [{"start": 438, "text": "Dadurch k\u00f6nnen die Kunden zu Hause bleiben und sich entspannen,"}], "coordinates": [], "confidence": {"state": "pre-added", "who": ["user:anne"], "prob": 1}, "normalizations": {}, "fields": {"evidence": {"value": "4", "confidence": {"state": "pre-added", "who": ["user:anne"], "prob": 1}}}}, {"classId": "premise", "part": "s1p1", "offsets": [{"start": 502, "text": "w\u00e4hrend die Speisen direkt an ihren Wohnort geliefert werden. Je nach Kundenposition wird die Vorwerk Gruppe mit \u00ableshop.ch\u00bb oder \u00abHello Fresh\u00bb zusammenarbeiten."}], "coordinates": [], "confidence": {"state": "pre-added", "who": ["user:anne"], "prob": 1}, "normalizations": {}, "fields": {"strength_premise": {"value": "3", "confidence": {"state": "pre-added", "who": ["user:anne"], "prob": 1}}, "relevance_premise": {"value": "4", "confidence": {"state": "pre-added", "who": ["user:anne"], "prob": 1}}}}, {"classId": "claim", "part": "s1p1", "offsets": [{"start": 664, "text": "Online Lebensmittelgesch\u00e4fte w\u00e4ren bereit, der Vorwerk Gruppe im Austausch f\u00fcr neue Kunden Geld zu geben."}], "coordinates": [], "confidence": {"state": "pre-added", "who": ["user:anne"], "prob": 1}, "normalizations": {}, "fields": {"evidence": {"value": "4", "confidence": {"state": "pre-added", "who": ["user:anne"], "prob": 1}}}}, {"classId": "claim", "part": "s1p2", "offsets": [{"start": 0, "text": "Dar\u00fcber hinaus w\u00fcrde die App es den Kunden auch erm\u00f6glichen, ihr Kocherlebnis zu bewerten und mit anderen App- Nutzern, aber auch mit ihren Freunden auf Social Media zu teilen."}], "coordinates": [], "confidence": {"state": "pre-added", "who": ["user:anne"], "prob": 1}, "normalizations": {}, "fields": {"evidence": {"value": "4", "confidence": {"state": "pre-added", "who": ["user:anne"], "prob": 1}}}}, {"classId": "premise", "part": "s1p2", "offsets": [{"start": 177, "text": "Auf diese Weise werden die Kunden dem Produkt ein soziales Erlebnis assoziieren. Freunde werden Teil des Cookidoo-Erlebnisses sein"}], "coordinates": [], "confidence": {"state": "pre-added", "who": ["user:anne"], "prob": 1}, "normalizations": {}, "fields": {"strength_premise": {"value": "3", "confidence": {"state": "pre-added", "who": ["user:anne"], "prob": 1}}, "relevance_premise": {"value": "4", "confidence": {"state": "pre-added", "who": ["user:anne"], "prob": 1}}}}, {"classId": "claim", "part": "s1p2", "offsets": [{"start": 309, "text": "Dar\u00fcber hinaus wird sich die App auf Basis der Kundenbewertungen verbessern."}], "coordinates": [], "confidence": {"state": "pre-added", "who": ["user:anne"], "prob": 1}, "normalizations": {}, "fields": {"evidence": {"value": "4", "confidence": {"state": "pre-added", "who": ["user:anne"], "prob": 1}}}}, {"classId": "claim", "part": "s1p3", "offsets": [{"start": 0, "text": "Um einen Anreiz f\u00fcr die Nutzer zu schaffen, neue Lebensmittelbelege f\u00fcr das Dashboard zu erfinden."}], "coordinates": [], "confidence": {"state": "pre-added", "who": ["user:anne"], "prob": 1}, "normalizations": {}, "fields": {"evidence": {"value": "4", "confidence": {"state": "pre-added", "who": ["user:anne"], "prob": 1}}}}, {"classId": "premise", "part": "s1p3", "offsets": [{"start": 99, "text": "Der Kunde mit dem monatlich beliebtesten Gericht auf Social Media w\u00fcrde kostenlose Essensliefergutscheine erhalten."}], "coordinates": [], "confidence": {"state": "pre-added", "who": ["user:anne"], "prob": 1}, "normalizations": {}, "fields": {"strength_premise": {"value": "3", "confidence": {"state": "pre-added", "who": ["user:anne"], "prob": 1}}, "relevance_premise": {"value": "3", "confidence": {"state": "pre-added", "who": ["user:anne"], "prob": 1}}}}, {"classId": "claim", "part": "s1p4", "offsets": [{"start": 0, "text": "Das Umsatzmodell f\u00fcr die digitale Plattform folgt einem Freemium-Ansatz."}], "coordinates": [], "confidence": {"state": "pre-added", "who": ["user:anne"], "prob": 1}, "normalizations": {}, "fields": {"evidence": {"value": "4", "confidence": {"state": "pre-added", "who": ["user:anne"], "prob": 1}}}}, {"classId": "premise", "part": "s1p4", "offsets": [{"start": 73, "text": "Sobald der Kunde das Produkt gekauft hat, kann er w\u00e4hlen, ob er die Basisversion des Dashboards kostenlos (Cookidoo. Basis Essensbelege, hoche Geb\u00fchr f\u00fcr die Lieferung von Lebensmitteln) oder die Premiumversion (Cookiddo-Full Essensbelege, niedrige Geb\u00fchr f\u00fcr die Lieferung von Lebensmitteln) haben m\u00f6chte."}], "coordinates": [], "confidence": {"state": "pre-added", "who": ["user:anne"], "prob": 1}, "normalizations": {}, "fields": {"strength_premise": {"value": "3", "confidence": {"state": "pre-added", "who": ["user:anne"], "prob": 1}}, "relevance_premise": {"value": "4", "confidence": {"state": "pre-added", "who": ["user:anne"], "prob": 1}}}}, {"classId": "claim", "part": "s1p4", "offsets": [{"start": 380, "text": "Dar\u00fcber hinaus wird die aus den Bewertungen und dem Austausch von Social Media generierte \u201eWord of Mouth\u201c den Wert des Produkts vor anderen Nutzern erh\u00f6hen"}], "coordinates": [], "confidence": {"state": "pre-added", "who": ["user:anne"], "prob": 1}, "normalizations": {}, "fields": {"evidence": {"value": "3", "confidence": {"state": "pre-added", "who": ["user:anne"], "prob": 1}}}}, {"classId": "premise", "part": "s1p4", "offsets": [{"start": 537, "text": "Damit w\u00fcrde der Umsatz der Vorwerk Gruppe steigen."}], "coordinates": [], "confidence": {"state": "pre-added", "who": ["user:anne"], "prob": 1}, "normalizations": {}, "fields": {"strength_premise": {"value": "3", "confidence": {"state": "pre-added", "who": ["user:anne"], "prob": 1}}, "relevance_premise": {"value": "3", "confidence": {"state": "pre-added", "who": ["user:anne"], "prob": 1}}}}], "relations": [{"classId": "support", "type": "linked", "directed": false, "entities": ["s1p1|e_3|303,436", "s1p1|e_2|121,301"], "confidence": {"state": "pre-added", "who": ["user:anne"], "prob": 1}}, {"classId": "support", "type": "linked", "directed": false, "entities": ["s1p1|e_3|502,662", "s1p1|e_2|438,500"], "confidence": {"state": "pre-added", "who": ["user:anne"], "prob": 1}}, {"classId": "support", "type": "linked", "directed": false, "entities": ["s1p2|e_3|177,306", "s1p2|e_2|0,175"], "confidence": {"state": "pre-added", "who": ["user:anne"], "prob": 1}}, {"classId": "support", "type": "linked", "directed": false, "entities": ["s1p3|e_3|99,213", "s1p3|e_2|0,97"], "confidence": {"state": "pre-added", "who": ["user:anne"], "prob": 1}}, {"classId": "support", "type": "linked", "directed": false, "entities": ["s1p4|e_3|73,378", "s1p4|e_2|0,71"], "confidence": {"state": "pre-added", "who": ["user:anne"], "prob": 1}}, {"classId": "support", "type": "linked", "directed": false, "entities": ["s1p4|e_3|537,586", "s1p4|e_2|380,534"], "confidence": {"state": "pre-added", "who": ["user:anne"], "prob": 1}}]}