{"annotatable": {"parts": ["s1p1", "s1p2"]}, "anncomplete": true, "sources": [], "strength_pitch": {"value": "3", "confidence": {"state": "pre-added", "who": ["user:anne"], "prob": 1}}, "entities": [{"classId": "claim", "part": "s1p1", "offsets": [{"start": 0, "text": "Allein in der DACH Region wurden dieses Jahr \u00fcber 4,5 Millionen Neufahrzeuge* verkauft."}], "coordinates": [], "confidence": {"state": "pre-added", "who": ["user:anne"], "prob": 1}, "normalizations": {}, "fields": {"evidence": {"value": "4", "confidence": {"state": "pre-added", "who": ["user:anne"], "prob": 1}}}}, {"classId": "premise", "part": "s1p1", "offsets": [{"start": 88, "text": "2/3 der Autok\u00e4ufer f\u00fchlen sich aktuell im Markt jedoch nicht mehr richtig beraten und von den Prozessen und den unz\u00e4hligen Informationen \u00fcberfordert."}], "coordinates": [], "confidence": {"state": "pre-added", "who": ["user:anne"], "prob": 1}, "normalizations": {}, "fields": {"strength_premise": {"value": "4", "confidence": {"state": "pre-added", "who": ["user:anne"], "prob": 1}}, "relevance_premise": {"value": "4", "confidence": {"state": "pre-added", "who": ["user:anne"], "prob": 1}}}}, {"classId": "major_claim", "part": "s1p1", "offsets": [{"start": 622, "text": "Daher pr\u00e4sentieren wir Car Hurra, der AI basierte virtuelle Assistent, der den Kauf eines Neuwagens so schnell und smart wie noch nie gestaltet."}], "coordinates": [], "confidence": {"state": "pre-added", "who": ["user:anne"], "prob": 1}, "normalizations": {}, "fields": {"specificity": {"value": "4", "confidence": {"state": "pre-added", "who": ["user:anne"], "prob": 1}}, "evidence": {"value": "3", "confidence": {"state": "pre-added", "who": ["user:anne"], "prob": 1}}}}, {"classId": "claim", "part": "s1p2", "offsets": [{"start": 0, "text": "Wir bei Car Hurra, unterst\u00fctzen den K\u00e4ufer jeder Altersklasse w\u00e4hrend des Prozesses mit wichtigen Informationen und hilfreichen Tools,"}], "coordinates": [], "confidence": {"state": "pre-added", "who": ["user:anne"], "prob": 1}, "normalizations": {}, "fields": {"evidence": {"value": "4", "confidence": {"state": "pre-added", "who": ["user:anne"], "prob": 1}}}}, {"classId": "premise", "part": "s1p2", "offsets": [{"start": 135, "text": "um den Autokauf wieder zu einem Vergn\u00fcgen zu machen. Wir greifen dabei direkt an den Bed\u00fcrfnissen der K\u00e4ufer an und begleitet diese nicht nur bei der Suche nach der richtigen Marke und des richtigen Modells, sondern helfen ihnen auch dabei den \u00dcberblick bei der Suche nach dem richtigen H\u00e4ndler und dem idealen Angebot nicht zu verlieren."}], "coordinates": [], "confidence": {"state": "pre-added", "who": ["user:anne"], "prob": 1}, "normalizations": {}, "fields": {"strength_premise": {"value": "4", "confidence": {"state": "pre-added", "who": ["user:anne"], "prob": 1}}, "relevance_premise": {"value": "3", "confidence": {"state": "pre-added", "who": ["user:anne"], "prob": 1}}}}, {"classId": "claim", "part": "s1p2", "offsets": [{"start": 802, "text": "Neben dieser im Markt noch nicht vorhanden Kompetenz, bieten wir dem Kunden auch die M\u00f6glichkeit sich mit anderen K\u00e4ufern in einem Forum \u00fcber individuelle Entscheidungen auszutauschen."}], "coordinates": [], "confidence": {"state": "pre-added", "who": ["user:anne"], "prob": 1}, "normalizations": {}, "fields": {"evidence": {"value": "4", "confidence": {"state": "pre-added", "who": ["user:anne"], "prob": 1}}}}, {"classId": "premise", "part": "s1p2", "offsets": [{"start": 987, "text": "Der Dienst ist dabei grunds\u00e4tzlich kostenlos und kann durch Add-on-K\u00e4ufe noch zus\u00e4tzlich individualisiert werden, um eine Kaufentscheidung zu treffen, die der Nutzer nicht bereuen wird."}], "coordinates": [], "confidence": {"state": "pre-added", "who": ["user:anne"], "prob": 1}, "normalizations": {}, "fields": {"strength_premise": {"value": "4", "confidence": {"state": "pre-added", "who": ["user:anne"], "prob": 1}}, "relevance_premise": {"value": "3", "confidence": {"state": "pre-added", "who": ["user:anne"], "prob": 1}}}}, {"classId": "claim", "part": "s1p2", "offsets": [{"start": 1173, "text": "Car Hurra profitiert dabei nicht nur von den Zahlungen f\u00fcr die Dienst, sondern kann ebenfalls bessere Entscheidung durch die gesammelten Daten der Nutzer treffen."}], "coordinates": [], "confidence": {"state": "pre-added", "who": ["user:anne"], "prob": 1}, "normalizations": {}, "fields": {"evidence": {"value": "4", "confidence": {"state": "pre-added", "who": ["user:anne"], "prob": 1}}}}], "relations": [{"classId": "support", "type": "linked", "directed": false, "entities": ["s1p2|e_3|135,472", "s1p2|e_2|0,133"], "confidence": {"state": "pre-added", "who": ["user:anne"], "prob": 1}}, {"classId": "support", "type": "linked", "directed": false, "entities": ["s1p2|e_3|987,1171", "s1p2|e_2|802,985"], "confidence": {"state": "pre-added", "who": ["user:anne"], "prob": 1}}]}