{"annotatable": {"parts": ["s1p1"]}, "anncomplete": true, "sources": [], "strength_pitch": {"value": "3", "confidence": {"state": "pre-added", "who": ["user:anne"], "prob": 1}}, "entities": [{"classId": "major_claim", "part": "s1p1", "offsets": [{"start": 0, "text": "Connaisseurs ist eine Community basierte Plattform auf welcher Produzenten von hochwertigem Craft Bier, Wein, Sekt, Champagne, Whiskey, Scotch, Grappa, sonstige Spirituosen oder auch Zigarren ihre Produkte direkt den Kunden anbieten k\u00f6nnen."}], "coordinates": [], "confidence": {"state": "pre-added", "who": ["user:anne"], "prob": 1}, "normalizations": {}, "fields": {"specificity": {"value": "3", "confidence": {"state": "pre-added", "who": ["user:anne"], "prob": 1}}, "evidence": {"value": "3", "confidence": {"state": "pre-added", "who": ["user:anne"], "prob": 1}}}}, {"classId": "claim", "part": "s1p1", "offsets": [{"start": 241, "text": "Die Kundenzielgruppe wird dabei von allen Menschen gebildet die zum einen eine gewisse digitale Affinit\u00e4t besitzen und sich den Genuss von exklusiven Bieren, Weinen und Spirituosen leisten wollen und k\u00f6nnen."}], "coordinates": [], "confidence": {"state": "pre-added", "who": ["user:anne"], "prob": 1}, "normalizations": {}, "fields": {"evidence": {"value": "3", "confidence": {"state": "pre-added", "who": ["user:anne"], "prob": 1}}}}, {"classId": "claim", "part": "s1p1", "offsets": [{"start": 615, "text": "Produzente k\u00f6nnen diesen Kanal verwenden um ihre exklusiven Produkte, welche sie nicht im grossen Rahmen produzieren, an einen Kreis von Connaisseurs zu vertreiben."}], "coordinates": [], "confidence": {"state": "pre-added", "who": ["user:anne"], "prob": 1}, "normalizations": {}, "fields": {"evidence": {"value": "4", "confidence": {"state": "pre-added", "who": ["user:anne"], "prob": 1}}}}, {"classId": "premise", "part": "s1p1", "offsets": [{"start": 780, "text": "Dadurch k\u00f6nnen Produzenten nicht nur eine exzellente Kundenbindung aufrechterhalten, sondern k\u00f6nnen durch den exklusiven Vertrieb auch die Werthaltigkeit ihrer Produkte sicherstellen, was einen stetigen Wertzuwachs f\u00fcr gewisse Produkte verspricht."}], "coordinates": [], "confidence": {"state": "pre-added", "who": ["user:anne"], "prob": 1}, "normalizations": {}, "fields": {"strength_premise": {"value": "4", "confidence": {"state": "pre-added", "who": ["user:anne"], "prob": 1}}, "relevance_premise": {"value": "3", "confidence": {"state": "pre-added", "who": ["user:anne"], "prob": 1}}}}, {"classId": "claim", "part": "s1p1", "offsets": [{"start": 1028, "text": "Die Community bewertet und empfiehlt die diversen Produkte und der Nutzer kann sich die ihm empfohlenen Produkte direkt nach Hause liefern lassen."}], "coordinates": [], "confidence": {"state": "pre-added", "who": ["user:anne"], "prob": 1}, "normalizations": {}, "fields": {"evidence": {"value": "3", "confidence": {"state": "pre-added", "who": ["user:anne"], "prob": 1}}}}, {"classId": "premise", "part": "s1p1", "offsets": [{"start": 1175, "text": "Der Clou dabei ist, dass der Kunde vollautomatisch \u00fcber ein Abo - Modell die Produkte nach Wahl monatlich, alle 2 Monate oder pro Quartal zugesendet bekommt. Nutzer k\u00f6nnen anderen Nutzern folgen die \u00e4hnliche Vorlieben haben um so leichter neue Sch\u00e4tze f\u00fcr ihren Genuss entdecken k\u00f6nnen."}], "coordinates": [], "confidence": {"state": "pre-added", "who": ["user:anne"], "prob": 1}, "normalizations": {}, "fields": {"strength_premise": {"value": "4", "confidence": {"state": "pre-added", "who": ["user:anne"], "prob": 1}}, "relevance_premise": {"value": "3", "confidence": {"state": "pre-added", "who": ["user:anne"], "prob": 1}}}}, {"classId": "claim", "part": "s1p1", "offsets": [{"start": 1462, "text": "Die Plattform ist Community zentriert, die Community von connaiseurs entscheidet den Erfolg oder Misserfolg der einzelnen Produkte."}], "coordinates": [], "confidence": {"state": "pre-added", "who": ["user:anne"], "prob": 1}, "normalizations": {}, "fields": {"evidence": {"value": "4", "confidence": {"state": "pre-added", "who": ["user:anne"], "prob": 1}}}}, {"classId": "premise", "part": "s1p1", "offsets": [{"start": 1594, "text": "Es wird n\u00e4mlich keine Werbung erm\u00f6glicht die gewisse Produkte speziell zu bewerben. Dadurch soll eine transparente und ehrliche Beurteilung der einzelnen Genussmittel sichergestellt sein."}], "coordinates": [], "confidence": {"state": "pre-added", "who": ["user:anne"], "prob": 1}, "normalizations": {}, "fields": {"strength_premise": {"value": "3", "confidence": {"state": "pre-added", "who": ["user:anne"], "prob": 1}}, "relevance_premise": {"value": "3", "confidence": {"state": "pre-added", "who": ["user:anne"], "prob": 1}}}}, {"classId": "claim", "part": "s1p1", "offsets": [{"start": 1782, "text": "Die Platform generiert ihren Umsatz"}], "coordinates": [], "confidence": {"state": "pre-added", "who": ["user:anne"], "prob": 1}, "normalizations": {}, "fields": {"evidence": {"value": "4", "confidence": {"state": "pre-added", "who": ["user:anne"], "prob": 1}}}}, {"classId": "premise", "part": "s1p1", "offsets": [{"start": 1818, "text": "indem sie bei jedem Verkauf eine kleine Provision von 2-3% einnimmt."}], "coordinates": [], "confidence": {"state": "pre-added", "who": ["user:anne"], "prob": 1}, "normalizations": {}, "fields": {"strength_premise": {"value": "4", "confidence": {"state": "pre-added", "who": ["user:anne"], "prob": 1}}, "relevance_premise": {"value": "4", "confidence": {"state": "pre-added", "who": ["user:anne"], "prob": 1}}}}], "relations": [{"classId": "r_4", "type": "linked", "directed": false, "entities": ["s1p1|e_1|0,239", "s1p1|e_2|241,447"], "confidence": {"state": "pre-added", "who": ["user:anne"], "prob": 1}}, {"classId": "support", "type": "linked", "directed": false, "entities": ["s1p1|e_3|780,1026", "s1p1|e_2|615,778"], "confidence": {"state": "pre-added", "who": ["user:anne"], "prob": 1}}, {"classId": "support", "type": "linked", "directed": false, "entities": ["s1p1|e_3|1175,1460", "s1p1|e_2|1028,1173"], "confidence": {"state": "pre-added", "who": ["user:anne"], "prob": 1}}, {"classId": "support", "type": "linked", "directed": false, "entities": ["s1p1|e_3|1594,1780", "s1p1|e_2|1462,1592"], "confidence": {"state": "pre-added", "who": ["user:anne"], "prob": 1}}, {"classId": "support", "type": "linked", "directed": false, "entities": ["s1p1|e_3|1818,1885", "s1p1|e_2|1782,1816"], "confidence": {"state": "pre-added", "who": ["user:anne"], "prob": 1}}]}