{"annotatable": {"parts": ["s1p1"]}, "anncomplete": true, "sources": [], "strength_pitch": {"value": "4", "confidence": {"state": "pre-added", "who": ["user:anne"], "prob": 1}}, "entities": [{"classId": "premise", "part": "s1p1", "offsets": [{"start": 0, "text": "J\u00e4hrlich werden in der Schweiz ca. 40\u2018000 Unternehmungen gegr\u00fcndet."}], "coordinates": [], "confidence": {"state": "pre-added", "who": ["user:anne"], "prob": 1}, "normalizations": {}, "fields": {"strength_premise": {"value": "4", "confidence": {"state": "pre-added", "who": ["user:anne"], "prob": 1}}, "relevance_premise": {"value": "4", "confidence": {"state": "pre-added", "who": ["user:anne"], "prob": 1}}}}, {"classId": "claim", "part": "s1p1", "offsets": [{"start": 69, "text": "Eine Firma die erfolgreich sein m\u00f6chte muss auch Rechnungen stellen. Bestehende L\u00f6sungen f\u00fcr die Rechnungserstellung sind oft zu umf\u00e4nglich und zu un\u00fcbersichtlich f\u00fcr junge Firmen."}], "coordinates": [], "confidence": {"state": "pre-added", "who": ["user:anne"], "prob": 1}, "normalizations": {}, "fields": {"evidence": {"value": "4", "confidence": {"state": "pre-added", "who": ["user:anne"], "prob": 1}}}}, {"classId": "premise", "part": "s1p1", "offsets": [{"start": 250, "text": "Die heutigen Tools entsprechen nicht mehr der Zeit und sind oftmals lokale Programme, die ihre Daten nicht in der Cloud speichern und somit nur von einem bestimmten Computer zug\u00e4nglich sind."}], "coordinates": [], "confidence": {"state": "pre-added", "who": ["user:anne"], "prob": 1}, "normalizations": {}, "fields": {"strength_premise": {"value": "4", "confidence": {"state": "pre-added", "who": ["user:anne"], "prob": 1}}, "relevance_premise": {"value": "4", "confidence": {"state": "pre-added", "who": ["user:anne"], "prob": 1}}}}, {"classId": "premise", "part": "s1p1", "offsets": [{"start": 441, "text": "Dies entspricht nicht mehr der Erwartungen der Kunden, welche sich an benutzerfreundliche Software und L\u00f6sungen aus dem B2C-Bereich gewohnt haben."}], "coordinates": [], "confidence": {"state": "pre-added", "who": ["user:anne"], "prob": 1}, "normalizations": {}, "fields": {"strength_premise": {"value": "4", "confidence": {"state": "pre-added", "who": ["user:anne"], "prob": 1}}, "relevance_premise": {"value": "4", "confidence": {"state": "pre-added", "who": ["user:anne"], "prob": 1}}}}, {"classId": "claim", "part": "s1p1", "offsets": [{"start": 588, "text": "B2B-L\u00f6sungen haben ein grosses Bed\u00fcrfnis nach einer Verbesserung der Benutzerfreundlichkeit. Die Plattform erlaubt es den KMUs sich auf ihr Kerngesch\u00e4ft zu fokussieren."}], "coordinates": [], "confidence": {"state": "pre-added", "who": ["user:anne"], "prob": 1}, "normalizations": {}, "fields": {"evidence": {"value": "4", "confidence": {"state": "pre-added", "who": ["user:anne"], "prob": 1}}}}, {"classId": "premise", "part": "s1p1", "offsets": [{"start": 757, "text": "Einfache und \u00fcbersichtliche Offerten- und Zahlungsabwicklung, sowie automatisierte Erstellungsprozesse und Zahlungsabwicklungen mit E-Banking und weiteren Payment-Providern."}], "coordinates": [], "confidence": {"state": "pre-added", "who": ["user:anne"], "prob": 1}, "normalizations": {}, "fields": {"strength_premise": {"value": "4", "confidence": {"state": "pre-added", "who": ["user:anne"], "prob": 1}}, "relevance_premise": {"value": "3", "confidence": {"state": "pre-added", "who": ["user:anne"], "prob": 1}}}}, {"classId": "premise", "part": "s1p1", "offsets": [{"start": 931, "text": "Passen Sie Ihre Rechnungen und die Vorlagen spezifisch Ihrem Corporate Design an, ohne spezifische Programmier- und Gestaltungskenntnisse. Egal ob selbst\u00e4ndiger Handwerker, oder KMU mit 50 Mitarbeitern, die Plattform erspart Ihnen enorm viel Zeit und erh\u00f6ht die Professionalit\u00e4t und Zuverl\u00e4ssigkeit Ihrer Dienstleistungen."}], "coordinates": [], "confidence": {"state": "pre-added", "who": ["user:anne"], "prob": 1}, "normalizations": {}, "fields": {"strength_premise": {"value": "3", "confidence": {"state": "pre-added", "who": ["user:anne"], "prob": 1}}, "relevance_premise": {"value": "3", "confidence": {"state": "pre-added", "who": ["user:anne"], "prob": 1}}}}, {"classId": "claim", "part": "s1p1", "offsets": [{"start": 1254, "text": "Das Tool kostet im Vergleich zur Konkurrenz wenig und wird monatlich oder j\u00e4hrlich als Subscription angeboten."}], "coordinates": [], "confidence": {"state": "pre-added", "who": ["user:anne"], "prob": 1}, "normalizations": {}, "fields": {"evidence": {"value": "3", "confidence": {"state": "pre-added", "who": ["user:anne"], "prob": 1}}}}, {"classId": "premise", "part": "s1p1", "offsets": [{"start": 1365, "text": "Der Kunde kann sich auf der Plattform registrieren und sofort Rechnungen versenden. Die Preiszusammenstellung ist transparent und fair auf der Webseite dargestellt und erh\u00f6ht die Zahlungsbereitschaft des Kunden."}], "coordinates": [], "confidence": {"state": "pre-added", "who": ["user:anne"], "prob": 1}, "normalizations": {}, "fields": {"strength_premise": {"value": "4", "confidence": {"state": "pre-added", "who": ["user:anne"], "prob": 1}}, "relevance_premise": {"value": "3", "confidence": {"state": "pre-added", "who": ["user:anne"], "prob": 1}}}}], "relations": [{"classId": "support", "type": "linked", "directed": false, "entities": ["s1p1|e_3|0,66", "s1p1|e_2|69,248"], "confidence": {"state": "pre-added", "who": ["user:anne"], "prob": 1}}, {"classId": "support", "type": "linked", "directed": false, "entities": ["s1p1|e_3|250,439", "s1p1|e_2|69,248"], "confidence": {"state": "pre-added", "who": ["user:anne"], "prob": 1}}, {"classId": "support", "type": "linked", "directed": false, "entities": ["s1p1|e_3|757,929", "s1p1|e_2|588,755"], "confidence": {"state": "pre-added", "who": ["user:anne"], "prob": 1}}, {"classId": "support", "type": "linked", "directed": false, "entities": ["s1p1|e_3|931,1252", "s1p1|e_2|588,755"], "confidence": {"state": "pre-added", "who": ["user:anne"], "prob": 1}}, {"classId": "support", "type": "linked", "directed": false, "entities": ["s1p1|e_3|1365,1575", "s1p1|e_2|1254,1363"], "confidence": {"state": "pre-added", "who": ["user:anne"], "prob": 1}}, {"classId": "r_7", "type": "linked", "directed": false, "entities": ["s1p1|e_3|441,586", "s1p1|e_3|250,439"], "confidence": {"state": "pre-added", "who": ["user:anne"], "prob": 1}}]}