{"annotatable": {"parts": ["s1p1", "s1p2", "s1p3"]}, "anncomplete": true, "sources": [], "strength_pitch": {"value": "4", "confidence": {"state": "pre-added", "who": ["user:anne"], "prob": 1}}, "entities": [{"classId": "major_claim", "part": "s1p1", "offsets": [{"start": 0, "text": "PushNurse verringert die Ineffizienzen im Gesundheitswesen f\u00fcr Krankenh\u00e4user und Pflegeinstitute"}], "coordinates": [], "confidence": {"state": "pre-added", "who": ["user:anne"], "prob": 1}, "normalizations": {}, "fields": {"specificity": {"value": "4", "confidence": {"state": "pre-added", "who": ["user:anne"], "prob": 1}}, "evidence": {"value": "4", "confidence": {"state": "pre-added", "who": ["user:anne"], "prob": 1}}}}, {"classId": "claim", "part": "s1p1", "offsets": [{"start": 98, "text": "Oft kommt es vor, dass das Pflegepersonal lange Laufwege hat und bei Notrufen von Patienten nicht weiss, was das Bed\u00fcrfnis genau ist (mangelnde Bed\u00fcrfniserkennung)."}], "coordinates": [], "confidence": {"state": "pre-added", "who": ["user:anne"], "prob": 1}, "normalizations": {}, "fields": {"evidence": {"value": "4", "confidence": {"state": "pre-added", "who": ["user:anne"], "prob": 1}}}}, {"classId": "premise", "part": "s1p1", "offsets": [{"start": 263, "text": "Dies f\u00fchrt dazu, dass das Pflegepersonal immer wieder lange Laufwege auf sich nehmen muss und in dieser Zeit keine Wertsch\u00f6pfung erbringen kann. Zus\u00e4tzlich wird der Aufenthalt als nicht qualitativ Empfunden."}], "coordinates": [], "confidence": {"state": "pre-added", "who": ["user:anne"], "prob": 1}, "normalizations": {}, "fields": {"strength_premise": {"value": "3", "confidence": {"state": "pre-added", "who": ["user:anne"], "prob": 1}}, "relevance_premise": {"value": "4", "confidence": {"state": "pre-added", "who": ["user:anne"], "prob": 1}}}}, {"classId": "claim", "part": "s1p2", "offsets": [{"start": 0, "text": "Wenn beispielsweise eine Patientin nach einer Operation das Pflegepersonal nach Medikamenten fragt oder ihnen mitteilen m\u00f6chte, dass sich ihr Schmerz vergr\u00f6ssert hat, muss die Glocke am Bett bet\u00e4tigt werden."}], "coordinates": [], "confidence": {"state": "pre-added", "who": ["user:anne"], "prob": 1}, "normalizations": {}, "fields": {"evidence": {"value": "4", "confidence": {"state": "pre-added", "who": ["user:anne"], "prob": 1}}}}, {"classId": "premise", "part": "s1p2", "offsets": [{"start": 208, "text": "Dabei bekommt das Pflegepersonal noch keine Informationen zum Bed\u00fcrfnis: Das Bed\u00fcrfnis von Sabrina muss jedoch zun\u00e4chst vom Pflegepersonal erfasst werden."}], "coordinates": [], "confidence": {"state": "pre-added", "who": ["user:anne"], "prob": 1}, "normalizations": {}, "fields": {"strength_premise": {"value": "3", "confidence": {"state": "pre-added", "who": ["user:anne"], "prob": 1}}, "relevance_premise": {"value": "4", "confidence": {"state": "pre-added", "who": ["user:anne"], "prob": 1}}}}, {"classId": "claim", "part": "s1p2", "offsets": [{"start": 363, "text": "Da das Personal im Gesundheitswesen verschiedene Kompetenzen und Befugnisse haben kann, muss das Bed\u00fcrfnis zus\u00e4tzlich vom richtigen Pflegepersonal erfasst werden."}], "coordinates": [], "confidence": {"state": "pre-added", "who": ["user:anne"], "prob": 1}, "normalizations": {}, "fields": {"evidence": {"value": "3", "confidence": {"state": "pre-added", "who": ["user:anne"], "prob": 1}}}}, {"classId": "premise", "part": "s1p2", "offsets": [{"start": 526, "text": "So d\u00fcrfen beispielsweise Medikamente nur von einem Arzt oder diplomiertem Pflegepersonal verabreicht werden."}], "coordinates": [], "confidence": {"state": "pre-added", "who": ["user:anne"], "prob": 1}, "normalizations": {}, "fields": {"strength_premise": {"value": "3", "confidence": {"state": "pre-added", "who": ["user:anne"], "prob": 1}}, "relevance_premise": {"value": "4", "confidence": {"state": "pre-added", "who": ["user:anne"], "prob": 1}}}}, {"classId": "claim", "part": "s1p3", "offsets": [{"start": 0, "text": "PushNurse kann neben der Notfallglocke am Krankenbett als Kommunikationstool dienen"}], "coordinates": [], "confidence": {"state": "pre-added", "who": ["user:anne"], "prob": 1}, "normalizations": {}, "fields": {"evidence": {"value": "3", "confidence": {"state": "pre-added", "who": ["user:anne"], "prob": 1}}}}, {"classId": "premise", "part": "s1p3", "offsets": [{"start": 85, "text": "um die Kommunikation zwischen Patienten und Pflegepersonal effizienter zu gestalten."}], "coordinates": [], "confidence": {"state": "pre-added", "who": ["user:anne"], "prob": 1}, "normalizations": {}, "fields": {}}, {"classId": "claim", "part": "s1p3", "offsets": [{"start": 170, "text": "PushNurse verringert die Ineffizienzen mit einem smarten Kommunikationsnetzwerk, das je nach Bed\u00fcrfnis vom Patienten den Auftrag dem richtigen Pflegepersonal zuordnet."}], "coordinates": [], "confidence": {"state": "pre-added", "who": ["user:anne"], "prob": 1}, "normalizations": {}, "fields": {"evidence": {"value": "4", "confidence": {"state": "pre-added", "who": ["user:anne"], "prob": 1}}}}, {"classId": "premise", "part": "s1p3", "offsets": [{"start": 338, "text": "Dabei helfen die im Interface hinterlegten Buttons, wie beispielsweise \u00abToilette\u00bb oder \u00abNotfall\u00bb die Bed\u00fcrfnisse zu \u00e4ussern. Diese k\u00f6nnen beim Spitaleintritt beliebig erweitert werden."}], "coordinates": [], "confidence": {"state": "pre-added", "who": ["user:anne"], "prob": 1}, "normalizations": {}, "fields": {"strength_premise": {"value": "3", "confidence": {"state": "pre-added", "who": ["user:anne"], "prob": 1}}, "relevance_premise": {"value": "4", "confidence": {"state": "pre-added", "who": ["user:anne"], "prob": 1}}}}, {"classId": "claim", "part": "s1p3", "offsets": [{"start": 523, "text": "Zus\u00e4tzlich kann PushNurse durch verschiedene Sprachmasken in der App die sprachlichen Barrieren aufheben indem Patienten die bevorzugte Sprache w\u00e4hlen k\u00f6nnen."}], "coordinates": [], "confidence": {"state": "pre-added", "who": ["user:anne"], "prob": 1}, "normalizations": {}, "fields": {"evidence": {"value": "4", "confidence": {"state": "pre-added", "who": ["user:anne"], "prob": 1}}}}, {"classId": "premise", "part": "s1p3", "offsets": [{"start": 682, "text": "Die Daten, welche entstehen k\u00f6nnen gezielt f\u00fcr Bewertungen der Mitarbeiter und Trainings eingesetzt werden."}], "coordinates": [], "confidence": {"state": "pre-added", "who": ["user:anne"], "prob": 1}, "normalizations": {}, "fields": {"strength_premise": {"value": "3", "confidence": {"state": "pre-added", "who": ["user:anne"], "prob": 1}}, "relevance_premise": {"value": "4", "confidence": {"state": "pre-added", "who": ["user:anne"], "prob": 1}}}}, {"classId": "claim", "part": "s1p3", "offsets": [{"start": 790, "text": "Ebenfalls kann k\u00fcnstliche Intelligenz eingesetzt werden,"}], "coordinates": [], "confidence": {"state": "pre-added", "who": ["user:anne"], "prob": 1}, "normalizations": {}, "fields": {"evidence": {"value": "4", "confidence": {"state": "pre-added", "who": ["user:anne"], "prob": 1}}}}, {"classId": "premise", "part": "s1p3", "offsets": [{"start": 847, "text": "um den Ablauf in der Pflege noch mehr zu optimieren.Dank PushNurse bekommt jeder Patient die beste Pflege."}], "coordinates": [], "confidence": {"state": "pre-added", "who": ["user:anne"], "prob": 1}, "normalizations": {}, "fields": {"strength_premise": {"value": "4", "confidence": {"state": "pre-added", "who": ["user:anne"], "prob": 1}}, "relevance_premise": {"value": "4", "confidence": {"state": "pre-added", "who": ["user:anne"], "prob": 1}}}}], "relations": [{"classId": "support", "type": "linked", "directed": false, "entities": ["s1p1|e_3|263,469", "s1p1|e_2|98,261"], "confidence": {"state": "pre-added", "who": ["user:anne"], "prob": 1}}, {"classId": "support", "type": "linked", "directed": false, "entities": ["s1p2|e_3|208,361", "s1p2|e_2|0,206"], "confidence": {"state": "pre-added", "who": ["user:anne"], "prob": 1}}, {"classId": "support", "type": "linked", "directed": false, "entities": ["s1p2|e_3|526,633", "s1p2|e_2|363,524"], "confidence": {"state": "pre-added", "who": ["user:anne"], "prob": 1}}, {"classId": "support", "type": "linked", "directed": false, "entities": ["s1p3|e_3|85,168", "s1p3|e_2|0,82"], "confidence": {"state": "pre-added", "who": ["user:anne"], "prob": 1}}, {"classId": "support", "type": "linked", "directed": false, "entities": ["s1p3|e_3|338,521", "s1p3|e_2|170,336"], "confidence": {"state": "pre-added", "who": ["user:anne"], "prob": 1}}, {"classId": "support", "type": "linked", "directed": false, "entities": ["s1p3|e_3|682,788", "s1p3|e_2|523,680"], "confidence": {"state": "pre-added", "who": ["user:anne"], "prob": 1}}, {"classId": "support", "type": "linked", "directed": false, "entities": ["s1p3|e_3|847,952", "s1p3|e_2|790,845"], "confidence": {"state": "pre-added", "who": ["user:anne"], "prob": 1}}]}