{"annotatable": {"parts": ["s1p1", "s1p2", "s1p3", "s1p4", "s1p5", "s1p6"]}, "anncomplete": true, "sources": [], "strength_pitch": {"value": "4", "confidence": {"state": "pre-added", "who": ["user:anne"], "prob": 1}}, "entities": [{"classId": "major_claim", "part": "s1p2", "offsets": [{"start": 0, "text": "Die L\u00f6sung f\u00fcr dieses Problem ist KOLO, eine Plattform, auf der man alle Restaurants in einem flexibel einstellbaren Umkreis zum Arbeitsplatz aufgef\u00fchrt sieht."}], "coordinates": [], "confidence": {"state": "pre-added", "who": ["user:anne"], "prob": 1}, "normalizations": {}, "fields": {"specificity": {"value": "4", "confidence": {"state": "pre-added", "who": ["user:anne"], "prob": 1}}, "evidence": {"value": "3", "confidence": {"state": "pre-added", "who": ["user:anne"], "prob": 1}}}}, {"classId": "claim", "part": "s1p2", "offsets": [{"start": 160, "text": "Durch eine anf\u00e4ngliche Angabe von Pr\u00e4ferenzen werden die Ergebnisse optimal vorgefiltert."}], "coordinates": [], "confidence": {"state": "pre-added", "who": ["user:anne"], "prob": 1}, "normalizations": {}, "fields": {"evidence": {"value": "3", "confidence": {"state": "pre-added", "who": ["user:anne"], "prob": 1}}}}, {"classId": "premise", "part": "s1p2", "offsets": [{"start": 250, "text": "Weiterhin ist es m\u00f6glich \u00fcber die Plattform Team-Lunches zu organisieren."}], "coordinates": [], "confidence": {"state": "pre-added", "who": ["user:anne"], "prob": 1}, "normalizations": {}, "fields": {"strength_premise": {"value": "3", "confidence": {"state": "pre-added", "who": ["user:anne"], "prob": 1}}, "relevance_premise": {"value": "4", "confidence": {"state": "pre-added", "who": ["user:anne"], "prob": 1}}}}, {"classId": "claim", "part": "s1p2", "offsets": [{"start": 324, "text": "Sobald man also ein Restaurant gefunden hat, kann man daf\u00fcr ein Gruppenevent erstellen und die Mitarbeiter des eigenen und anderer Unternehmen k\u00f6nnen sich nach Belieben den einzelnen Events anschliessen"}], "coordinates": [], "confidence": {"state": "pre-added", "who": ["user:anne"], "prob": 1}, "normalizations": {}, "fields": {"evidence": {"value": "3", "confidence": {"state": "pre-added", "who": ["user:anne"], "prob": 1}}}}, {"classId": "premise", "part": "s1p2", "offsets": [{"start": 528, "text": "Diese Funktionalit\u00e4t ist auch automatisiert und per Zufallsprinzip m\u00f6glich."}], "coordinates": [], "confidence": {"state": "pre-added", "who": ["user:anne"], "prob": 1}, "normalizations": {}, "fields": {"strength_premise": {"value": "4", "confidence": {"state": "pre-added", "who": ["user:anne"], "prob": 1}}, "relevance_premise": {"value": "4", "confidence": {"state": "pre-added", "who": ["user:anne"], "prob": 1}}}}, {"classId": "claim", "part": "s1p2", "offsets": [{"start": 604, "text": "Wird ein Restaurant des \u00d6fteren besucht, so wird dies mit Rabatten und Freiessen belohnt."}], "coordinates": [], "confidence": {"state": "pre-added", "who": ["user:anne"], "prob": 1}, "normalizations": {}, "fields": {"evidence": {"value": "3", "confidence": {"state": "pre-added", "who": ["user:anne"], "prob": 1}}}}, {"classId": "claim", "part": "s1p3", "offsets": [{"start": 0, "text": "Als Mitarbeiter eines Unternehmens w\u00fcrde ich diese Plattform nutzen"}], "coordinates": [], "confidence": {"state": "pre-added", "who": ["user:anne"], "prob": 1}, "normalizations": {}, "fields": {"evidence": {"value": "3", "confidence": {"state": "pre-added", "who": ["user:anne"], "prob": 1}}}}, {"classId": "premise", "part": "s1p3", "offsets": [{"start": 69, "text": "da ich deutlich weniger Zeit f\u00fcrs Lunchen ben\u00f6tige, das esse worauf ich Lust habe, innerhalb meines verf\u00fcgbaren Budgets bleibe, Kollegen/andere Menschen besser kennenlerne und automatisch per Push-Nachricht informiert werde, falls ein f\u00fcr mich passendes Restaurant in der Umgebung er\u00f6ffnet."}], "coordinates": [], "confidence": {"state": "pre-added", "who": ["user:anne"], "prob": 1}, "normalizations": {}, "fields": {"strength_premise": {"value": "3", "confidence": {"state": "pre-added", "who": ["user:anne"], "prob": 1}}, "relevance_premise": {"value": "3", "confidence": {"state": "pre-added", "who": ["user:anne"], "prob": 1}}}}, {"classId": "claim", "part": "s1p4", "offsets": [{"start": 0, "text": "Als Leiter eines mittelst\u00e4ndischen Unternehmens in einer Grossstadt habe ich nicht die notwendigen Mittel, um eine Kantine f\u00fcr meine Mitarbeiter anbieten zu k\u00f6nnen."}], "coordinates": [], "confidence": {"state": "pre-added", "who": ["user:anne"], "prob": 1}, "normalizations": {}, "fields": {"evidence": {"value": "4", "confidence": {"state": "pre-added", "who": ["user:anne"], "prob": 1}}}}, {"classId": "premise", "part": "s1p4", "offsets": [{"start": 165, "text": "Als Unternehmer w\u00fcrde ich diese Plattform also nutzen, da ich hier\u00fcber meinen Mitarbeitern ihr Lunch subventionieren kann, und damit ihre Zufriedenheit im Unternehmen steigern kann."}], "coordinates": [], "confidence": {"state": "pre-added", "who": ["user:anne"], "prob": 1}, "normalizations": {}, "fields": {"strength_premise": {"value": "4", "confidence": {"state": "pre-added", "who": ["user:anne"], "prob": 1}}, "relevance_premise": {"value": "3", "confidence": {"state": "pre-added", "who": ["user:anne"], "prob": 1}}}}, {"classId": "claim", "part": "s1p5", "offsets": [{"start": 0, "text": "Als Restaurant w\u00fcrde ich diese Plattform nutzen,"}], "coordinates": [], "confidence": {"state": "pre-added", "who": ["user:anne"], "prob": 1}, "normalizations": {}, "fields": {"evidence": {"value": "3", "confidence": {"state": "pre-added", "who": ["user:anne"], "prob": 1}}}}, {"classId": "premise", "part": "s1p5", "offsets": [{"start": 49, "text": "da ich \u00fcber diese die Kundschaft in N\u00e4he zu meinem Restaurant erreiche und durch Voucheraktionen Kunden an mich binden kann"}], "coordinates": [], "confidence": {"state": "pre-added", "who": ["user:anne"], "prob": 1}, "normalizations": {}, "fields": {"strength_premise": {"value": "3", "confidence": {"state": "pre-added", "who": ["user:anne"], "prob": 1}}, "relevance_premise": {"value": "3", "confidence": {"state": "pre-added", "who": ["user:anne"], "prob": 1}}}}, {"classId": "claim", "part": "s1p5", "offsets": [{"start": 174, "text": "Weiterhin kann ich basierend auf der Analyse vergangener Bestellungen und Besuche besser einsch\u00e4tzen, wann Hauptzeiten im Tagesverlauf sind und was die beliebtesten Gerichte sind."}], "coordinates": [], "confidence": {"state": "pre-added", "who": ["user:anne"], "prob": 1}, "normalizations": {}, "fields": {"evidence": {"value": "3", "confidence": {"state": "pre-added", "who": ["user:anne"], "prob": 1}}}}, {"classId": "premise", "part": "s1p5", "offsets": [{"start": 354, "text": "Hierdurch kann ich besser den Bedarf an Lebensmitteln und Mitarbeitern einsch\u00e4tzen."}], "coordinates": [], "confidence": {"state": "pre-added", "who": ["user:anne"], "prob": 1}, "normalizations": {}, "fields": {"strength_premise": {"value": "3", "confidence": {"state": "pre-added", "who": ["user:anne"], "prob": 1}}, "relevance_premise": {"value": "3", "confidence": {"state": "pre-added", "who": ["user:anne"], "prob": 1}}}}, {"classId": "claim", "part": "s1p6", "offsets": [{"start": 0, "text": "Gewinn w\u00fcrde die Plattform einerseits \u00fcber die Beteiligung am Gewinn des Restaurants generieren, andererseits \u00fcber ein Subscription- Modell f\u00fcr Unternehmen."}], "coordinates": [], "confidence": {"state": "pre-added", "who": ["user:anne"], "prob": 1}, "normalizations": {}, "fields": {"evidence": {"value": "3", "confidence": {"state": "pre-added", "who": ["user:anne"], "prob": 1}}}}], "relations": [{"classId": "support", "type": "linked", "directed": false, "entities": ["s1p2|e_3|250,322", "s1p2|e_2|160,248"], "confidence": {"state": "pre-added", "who": ["user:anne"], "prob": 1}}, {"classId": "support", "type": "linked", "directed": false, "entities": ["s1p2|e_3|528,602", "s1p2|e_2|324,525"], "confidence": {"state": "pre-added", "who": ["user:anne"], "prob": 1}}, {"classId": "support", "type": "linked", "directed": false, "entities": ["s1p3|e_3|69,358", "s1p3|e_2|0,66"], "confidence": {"state": "pre-added", "who": ["user:anne"], "prob": 1}}, {"classId": "support", "type": "linked", "directed": false, "entities": ["s1p4|e_3|165,345", "s1p4|e_2|0,163"], "confidence": {"state": "pre-added", "who": ["user:anne"], "prob": 1}}, {"classId": "support", "type": "linked", "directed": false, "entities": ["s1p5|e_3|49,171", "s1p5|e_2|0,47"], "confidence": {"state": "pre-added", "who": ["user:anne"], "prob": 1}}, {"classId": "support", "type": "linked", "directed": false, "entities": ["s1p5|e_2|174,352", "s1p5|e_3|354,436"], "confidence": {"state": "pre-added", "who": ["user:anne"], "prob": 1}}]}