{"annotatable": {"parts": ["s1p1", "s1p2", "s1p3"]}, "anncomplete": true, "sources": [], "strength_pitch": {"value": "3", "confidence": {"state": "pre-added", "who": ["user:anne"], "prob": 1}}, "entities": [{"classId": "claim", "part": "s1p1", "offsets": [{"start": 0, "text": "Vor allem f\u00fcr industrielle KMU-Betriebe geraten durch die Digitalisierung unter Druck."}], "coordinates": [], "confidence": {"state": "pre-added", "who": ["user:anne"], "prob": 1}, "normalizations": {}, "fields": {"evidence": {"value": "4", "confidence": {"state": "pre-added", "who": ["user:anne"], "prob": 1}}}}, {"classId": "premise", "part": "s1p1", "offsets": [{"start": 87, "text": "Gr\u00f6ssere Betriebe k\u00f6nnen die Digitalisierung in ihrem Betrieb nutzen, w\u00e4hrend f\u00fcr viele KMU die Kosten f\u00fcr eine Automatisierung noch jenseits des kurzfristigen ROI, welche bei hohem Kostendruck nicht untersch\u00e4tzt werden darf, nicht vertretbar sind"}], "coordinates": [], "confidence": {"state": "pre-added", "who": ["user:anne"], "prob": 1}, "normalizations": {}, "fields": {"strength_premise": {"value": "3", "confidence": {"state": "pre-added", "who": ["user:anne"], "prob": 1}}, "relevance_premise": {"value": "4", "confidence": {"state": "pre-added", "who": ["user:anne"], "prob": 1}}}}, {"classId": "major_claim", "part": "s1p1", "offsets": [{"start": 336, "text": "Aus diesem Grund bietet EASY SENSORS f\u00fcr Gesch\u00e4ftskunden einfache, robuste Sensoren, welche den Anspr\u00fcchen einer einfachen Digitalisierung gen\u00fcgen."}], "coordinates": [], "confidence": {"state": "pre-added", "who": ["user:anne"], "prob": 1}, "normalizations": {}, "fields": {"specificity": {"value": "4", "confidence": {"state": "pre-added", "who": ["user:anne"], "prob": 1}}, "evidence": {"value": "3", "confidence": {"state": "pre-added", "who": ["user:anne"], "prob": 1}}}}, {"classId": "claim", "part": "s1p1", "offsets": [{"start": 484, "text": "Deren Installation und auch die dazugeh\u00f6rigen Softwareprozesse sollen ebenfalls sehr benutzerfreundlich gestaltet werden."}], "coordinates": [], "confidence": {"state": "pre-added", "who": ["user:anne"], "prob": 1}, "normalizations": {}, "fields": {"evidence": {"value": "3", "confidence": {"state": "pre-added", "who": ["user:anne"], "prob": 1}}}}, {"classId": "premise", "part": "s1p1", "offsets": [{"start": 606, "text": "Somit k\u00f6nnen einfache Automatisierungsprozesse ohne Spezialist vorgenommen werden."}], "coordinates": [], "confidence": {"state": "pre-added", "who": ["user:anne"], "prob": 1}, "normalizations": {}, "fields": {"strength_premise": {"value": "3", "confidence": {"state": "pre-added", "who": ["user:anne"], "prob": 1}}, "relevance_premise": {"value": "4", "confidence": {"state": "pre-added", "who": ["user:anne"], "prob": 1}}}}, {"classId": "claim", "part": "s1p1", "offsets": [{"start": 982, "text": "In seinem Unternehmen k\u00f6nnen die Sensoren auf verschiedene Arten (Magnet, Klebefolie, Schrauben) befestigt werden."}], "coordinates": [], "confidence": {"state": "pre-added", "who": ["user:anne"], "prob": 1}, "normalizations": {}, "fields": {"evidence": {"value": "4", "confidence": {"state": "pre-added", "who": ["user:anne"], "prob": 1}}}}, {"classId": "premise", "part": "s1p1", "offsets": [{"start": 1097, "text": "Per Smartphone oder Computer kann er den Sensoren in seiner App erfassen und die Grenzwerte festlegen, bei welchen der Sensor ein Signal senden soll. M\u00f6chte er nebst der Messfunktion auch Befehle mithilfe der Sensoren ausf\u00fchren k\u00f6nnen, kann er die Programm der Community (oder auch Partnerunternehmen wie bspw. Steuerungshersteller) herunterladen."}], "coordinates": [], "confidence": {"state": "pre-added", "who": ["user:anne"], "prob": 1}, "normalizations": {}, "fields": {"strength_premise": {"value": "4", "confidence": {"state": "pre-added", "who": ["user:anne"], "prob": 1}}, "relevance_premise": {"value": "4", "confidence": {"state": "pre-added", "who": ["user:anne"], "prob": 1}}}}, {"classId": "claim", "part": "s1p1", "offsets": [{"start": 1445, "text": "Die gesamte Software befindet sich anonymisiert in der Cloud."}], "coordinates": [], "confidence": {"state": "pre-added", "who": ["user:anne"], "prob": 1}, "normalizations": {}, "fields": {"evidence": {"value": "4", "confidence": {"state": "pre-added", "who": ["user:anne"], "prob": 1}}}}, {"classId": "premise", "part": "s1p1", "offsets": [{"start": 1507, "text": "Die Sensoren werden per W-Lan verbunden."}], "coordinates": [], "confidence": {"state": "pre-added", "who": ["user:anne"], "prob": 1}, "normalizations": {}, "fields": {"strength_premise": {"value": "4", "confidence": {"state": "pre-added", "who": ["user:anne"], "prob": 1}}, "relevance_premise": {"value": "4", "confidence": {"state": "pre-added", "who": ["user:anne"], "prob": 1}}}}, {"classId": "claim", "part": "s1p3", "offsets": [{"start": 0, "text": "Um den gesamten Life-Cycle m\u00f6glichst benutzerfreundlich zu gestalten, soll die gesamte Journey auf einer Plattform (Web und App) stattfinden"}], "coordinates": [], "confidence": {"state": "pre-added", "who": ["user:anne"], "prob": 1}, "normalizations": {}, "fields": {"evidence": {"value": "4", "confidence": {"state": "pre-added", "who": ["user:anne"], "prob": 1}}}}, {"classId": "premise", "part": "s1p3", "offsets": [{"start": 142, "text": "Diese beinhaltet beispielsweise einen Online Shop f\u00fcr Sensoren und Zubeh\u00f6r, das Community-Forum, wo verschiedene Programme von der Community (unter Umst\u00e4nden kostenpflichtig) angeboten werden k\u00f6nnen, oder auch Kundenportale f\u00fcr Support, Beratung und Feedback."}], "coordinates": [], "confidence": {"state": "pre-added", "who": ["user:anne"], "prob": 1}, "normalizations": {}, "fields": {"strength_premise": {"value": "4", "confidence": {"state": "pre-added", "who": ["user:anne"], "prob": 1}}, "relevance_premise": {"value": "4", "confidence": {"state": "pre-added", "who": ["user:anne"], "prob": 1}}}}], "relations": [{"classId": "support", "type": "linked", "directed": false, "entities": ["s1p1|e_3|87,333", "s1p1|e_2|0,85"], "confidence": {"state": "pre-added", "who": ["user:anne"], "prob": 1}}, {"classId": "support", "type": "linked", "directed": false, "entities": ["s1p1|e_3|606,687", "s1p1|e_2|484,604"], "confidence": {"state": "pre-added", "who": ["user:anne"], "prob": 1}}, {"classId": "support", "type": "linked", "directed": false, "entities": ["s1p1|e_3|1097,1443", "s1p1|e_2|982,1095"], "confidence": {"state": "pre-added", "who": ["user:anne"], "prob": 1}}, {"classId": "support", "type": "linked", "directed": false, "entities": ["s1p1|e_3|1507,1546", "s1p1|e_2|1445,1505"], "confidence": {"state": "pre-added", "who": ["user:anne"], "prob": 1}}, {"classId": "support", "type": "linked", "directed": false, "entities": ["s1p3|e_3|142,400", "s1p3|e_2|0,139"], "confidence": {"state": "pre-added", "who": ["user:anne"], "prob": 1}}]}