{"annotatable": {"parts": ["s1p1"]}, "anncomplete": true, "sources": [], "strength_pitch": {"value": "3", "confidence": {"state": "pre-added", "who": ["user:anne"], "prob": 1}}, "entities": [{"classId": "major_claim", "part": "s1p1", "offsets": [{"start": 0, "text": "DesignHub ist eine Online Plattform auf der Produktentwickler passende Designagenturen f\u00fcr eine Zusammenarbeit an der Produktentwicklung finden k\u00f6nnen."}], "coordinates": [], "confidence": {"state": "pre-added", "who": ["user:anne"], "prob": 1}, "normalizations": {}, "fields": {"specificity": {"value": "3", "confidence": {"state": "pre-added", "who": ["user:anne"], "prob": 1}}, "evidence": {"value": "3", "confidence": {"state": "pre-added", "who": ["user:anne"], "prob": 1}}}}, {"classId": "claim", "part": "s1p1", "offsets": [{"start": 152, "text": "Die Auswahl wird erleichtert indem Designagenturen einheitliche Strukturen ihrer Profile gew\u00e4hrleisten m\u00fcssen."}], "coordinates": [], "confidence": {"state": "pre-added", "who": ["user:anne"], "prob": 1}, "normalizations": {}, "fields": {"evidence": {"value": "3", "confidence": {"state": "pre-added", "who": ["user:anne"], "prob": 1}}}}, {"classId": "premise", "part": "s1p1", "offsets": [{"start": 263, "text": "Produktentwickler k\u00f6nnen dann anhand verschiedener Kriterien (z.B. spezialisierte Gebiete, bisherige Erfahrung im Produktbereich, usw.) passende Designagenturen schneller finden."}], "coordinates": [], "confidence": {"state": "pre-added", "who": ["user:anne"], "prob": 1}, "normalizations": {}, "fields": {"strength_premise": {"value": "3", "confidence": {"state": "pre-added", "who": ["user:anne"], "prob": 1}}, "relevance_premise": {"value": "3", "confidence": {"state": "pre-added", "who": ["user:anne"], "prob": 1}}}}, {"classId": "premise", "part": "s1p1", "offsets": [{"start": 442, "text": "Produktentwickler k\u00f6nnen auch Profile anlegen mit Infos zu Gesch\u00e4ftst\u00e4tigkeit, bisherigen Kollaborationen usw. Produktentwickler k\u00f6nnen entweder auf eigene Faust Designer finden, die Dienste eines Beraters bei der Suche nutzen oder ein Auktionsverfahren starten um aus verschiedenen Konzepten das Beste ausw\u00e4hlen."}], "coordinates": [], "confidence": {"state": "pre-added", "who": ["user:anne"], "prob": 1}, "normalizations": {}, "fields": {"strength_premise": {"value": "4", "confidence": {"state": "pre-added", "who": ["user:anne"], "prob": 1}}, "relevance_premise": {"value": "3", "confidence": {"state": "pre-added", "who": ["user:anne"], "prob": 1}}}}, {"classId": "claim", "part": "s1p1", "offsets": [{"start": 756, "text": "Durch eine Integration von WhatsappCalls / Skype wird die Kommunikation mit verschiedenen Designer vereinfacht."}], "coordinates": [], "confidence": {"state": "pre-added", "who": ["user:anne"], "prob": 1}, "normalizations": {}, "fields": {"evidence": {"value": "2", "confidence": {"state": "pre-added", "who": ["user:anne"], "prob": 1}}}}, {"classId": "premise", "part": "s1p1", "offsets": [{"start": 868, "text": "Produktentwickler k\u00f6nnen auf standardm\u00e4ssigeVertr\u00e4ge und Vereinbarungen zur Geheimhaltung zur\u00fcckgreifen, welche von der Plattform zur Verf\u00fcgung gestellt werden."}], "coordinates": [], "confidence": {"state": "pre-added", "who": ["user:anne"], "prob": 1}, "normalizations": {}, "fields": {"strength_premise": {"value": "2", "confidence": {"state": "pre-added", "who": ["user:anne"], "prob": 1}}, "relevance_premise": {"value": "2", "confidence": {"state": "pre-added", "who": ["user:anne"], "prob": 1}}}}, {"classId": "claim", "part": "s1p1", "offsets": [{"start": 1171, "text": "Durch die Plattform wird die Zusammenarbeit von Produktentwickler und Designagenturen gef\u00f6rdert und f\u00fcr Produktentwickler einfacher zug\u00e4nglich gemacht."}], "coordinates": [], "confidence": {"state": "pre-added", "who": ["user:anne"], "prob": 1}, "normalizations": {}, "fields": {"evidence": {"value": "2", "confidence": {"state": "pre-added", "who": ["user:anne"], "prob": 1}}}}, {"classId": "premise", "part": "s1p1", "offsets": [{"start": 1323, "text": "Die Plattform reduziert die Suchkosten und sonstige Aufw\u00e4nde welche mit einer Zusammenarbeit mit einer Designagentur aufkommen."}], "coordinates": [], "confidence": {"state": "pre-added", "who": ["user:anne"], "prob": 1}, "normalizations": {}, "fields": {"strength_premise": {"value": "2", "confidence": {"state": "pre-added", "who": ["user:anne"], "prob": 1}}, "relevance_premise": {"value": "2", "confidence": {"state": "pre-added", "who": ["user:anne"], "prob": 1}}}}, {"classId": "claim", "part": "s1p1", "offsets": [{"start": 1451, "text": "Die Kosten f\u00fcr den Betrieb der Plattform werden zum gr\u00f6sstenTeil durch die j\u00e4hrlichen Geb\u00fchren der Produktentwickler gedeckt, welche f\u00e4llig werden wenn man ein Profil auf der Plattform anlegt."}], "coordinates": [], "confidence": {"state": "pre-added", "who": ["user:anne"], "prob": 1}, "normalizations": {}, "fields": {"evidence": {"value": "2", "confidence": {"state": "pre-added", "who": ["user:anne"], "prob": 1}}}}, {"classId": "premise", "part": "s1p1", "offsets": [{"start": 1644, "text": "Zur Deckung der Betriebskosten wird f\u00fcr eine erfolgreiche Vermittlung eine zus\u00e4tzliche Geb\u00fchr an die Designagenturen erhoben. Zus\u00e4tzliche Einnahmen werden durch die Geb\u00fchren f\u00fcr Beratung und unterschiedlichen Kostenmodellen f\u00fcr Auktionen generiert. Bei den Auktionen werden Die Geb\u00fchren je nach Anzahl an zugelassenen Teilnehmer unterschiedlich berechnet."}], "coordinates": [], "confidence": {"state": "pre-added", "who": ["user:anne"], "prob": 1}, "normalizations": {}, "fields": {"strength_premise": {"value": "3", "confidence": {"state": "pre-added", "who": ["user:anne"], "prob": 1}}, "relevance_premise": {"value": "4", "confidence": {"state": "pre-added", "who": ["user:anne"], "prob": 1}}}}], "relations": [{"classId": "support", "type": "linked", "directed": false, "entities": ["s1p1|e_3|263,440", "s1p1|e_2|152,261"], "confidence": {"state": "pre-added", "who": ["user:anne"], "prob": 1}}, {"classId": "support", "type": "linked", "directed": false, "entities": ["s1p1|e_3|442,754", "s1p1|e_2|152,261"], "confidence": {"state": "pre-added", "who": ["user:anne"], "prob": 1}}, {"classId": "support", "type": "linked", "directed": false, "entities": ["s1p1|e_3|868,1027", "s1p1|e_2|756,866"], "confidence": {"state": "pre-added", "who": ["user:anne"], "prob": 1}}, {"classId": "support", "type": "linked", "directed": false, "entities": ["s1p1|e_3|1323,1449", "s1p1|e_2|1171,1321"], "confidence": {"state": "pre-added", "who": ["user:anne"], "prob": 1}}, {"classId": "support", "type": "linked", "directed": false, "entities": ["s1p1|e_3|1644,1998", "s1p1|e_2|1451,1642"], "confidence": {"state": "pre-added", "who": ["user:anne"], "prob": 1}}]}