{"annotatable": {"parts": ["s1p1", "s1p2", "s1p3"]}, "anncomplete": true, "sources": [], "strength_pitch": {"value": "4", "confidence": {"state": "pre-added", "who": ["user:anne"], "prob": 1}}, "entities": [{"classId": "major_claim", "part": "s1p1", "offsets": [{"start": 94, "text": "Wir von Saisonbox sind der Meinung, dass der Zugang zu frischen Lebensmitteln ab Hof allen zug\u00e4nglich sein soll. Deswegen liefert dir Saisonbox biologische, lokale und saisonale Fr\u00fcchte & Gem\u00fcse direkt nach Hause oder ins B\u00fcro."}], "coordinates": [], "confidence": {"state": "pre-added", "who": ["user:anne"], "prob": 1}, "normalizations": {}, "fields": {"specificity": {"value": "4", "confidence": {"state": "pre-added", "who": ["user:anne"], "prob": 1}}, "evidence": {"value": "4", "confidence": {"state": "pre-added", "who": ["user:anne"], "prob": 1}}}}, {"classId": "claim", "part": "s1p1", "offsets": [{"start": 322, "text": "Nat\u00fcrlich mit dem Velo oder mit dem Elektroauto, damit wir umweltbewusst bleiben! Einfach und bequem kannst du die Saisonbox einzeln beziehen oder gleich ein Abonnement l\u00f6sen."}], "coordinates": [], "confidence": {"state": "pre-added", "who": ["user:anne"], "prob": 1}, "normalizations": {}, "fields": {"evidence": {"value": "4", "confidence": {"state": "pre-added", "who": ["user:anne"], "prob": 1}}}}, {"classId": "premise", "part": "s1p1", "offsets": [{"start": 498, "text": "Bezahlen kannst du dies via Twint oder einer monatlichen Rechnung."}], "coordinates": [], "confidence": {"state": "pre-added", "who": ["user:anne"], "prob": 1}, "normalizations": {}, "fields": {"strength_premise": {"value": "3", "confidence": {"state": "pre-added", "who": ["user:anne"], "prob": 1}}, "relevance_premise": {"value": "3", "confidence": {"state": "pre-added", "who": ["user:anne"], "prob": 1}}}}, {"classId": "claim", "part": "s1p1", "offsets": [{"start": 565, "text": "Die Landwirte haben mit der Produktion viel zu tun,"}], "coordinates": [], "confidence": {"state": "pre-added", "who": ["user:anne"], "prob": 1}, "normalizations": {}, "fields": {"evidence": {"value": "4", "confidence": {"state": "pre-added", "who": ["user:anne"], "prob": 1}}}}, {"classId": "premise", "part": "s1p1", "offsets": [{"start": 617, "text": "deswegen \u00fcbernehmen wir f\u00fcr Sie die Vermarktung und den Vertrieb gegen eine Geb\u00fchr."}], "coordinates": [], "confidence": {"state": "pre-added", "who": ["user:anne"], "prob": 1}, "normalizations": {}, "fields": {"strength_premise": {"value": "3", "confidence": {"state": "pre-added", "who": ["user:anne"], "prob": 1}}, "relevance_premise": {"value": "3", "confidence": {"state": "pre-added", "who": ["user:anne"], "prob": 1}}}}, {"classId": "claim", "part": "s1p1", "offsets": [{"start": 701, "text": "Diese Landwirte haben bereits einen Hofladen und wir schauen daf\u00fcr, dass diese Produkte unkompliziert zu dir in die Stadt gelangen."}], "coordinates": [], "confidence": {"state": "pre-added", "who": ["user:anne"], "prob": 1}, "normalizations": {}, "fields": {"evidence": {"value": "3", "confidence": {"state": "pre-added", "who": ["user:anne"], "prob": 1}}}}, {"classId": "premise", "part": "s1p1", "offsets": [{"start": 833, "text": "Den Landwirten liegt die Natur am Herzen, weswegen nur Bioprodukte produziert und alte Sorten wieder neu entdeckt werden. Sie freuen sich nat\u00fcrlich darauf, dir ihren Hof zu zeigen, wenn du mal Zeit f\u00fcr einen Besuch findest."}], "coordinates": [], "confidence": {"state": "pre-added", "who": ["user:anne"], "prob": 1}, "normalizations": {}, "fields": {"strength_premise": {"value": "3", "confidence": {"state": "pre-added", "who": ["user:anne"], "prob": 1}}, "relevance_premise": {"value": "4", "confidence": {"state": "pre-added", "who": ["user:anne"], "prob": 1}}}}, {"classId": "claim", "part": "s1p1", "offsets": [{"start": 1057, "text": "Saisonbox ist f\u00fcr alle Leute, denen Nachhaltigkeit, gesundes Essen, frische Zutaten und hohe Transparenz am Herzen liegt."}], "coordinates": [], "confidence": {"state": "pre-added", "who": ["user:anne"], "prob": 1}, "normalizations": {}, "fields": {"evidence": {"value": "4", "confidence": {"state": "pre-added", "who": ["user:anne"], "prob": 1}}}}, {"classId": "claim", "part": "s1p2", "offsets": [{"start": 0, "text": "Basierend auf deinen Vorlieben wird dir deine Saisonbox von lokalen Bauernh\u00f6fen zusammengestellt."}], "coordinates": [], "confidence": {"state": "pre-added", "who": ["user:anne"], "prob": 1}, "normalizations": {}, "fields": {"evidence": {"value": "3", "confidence": {"state": "pre-added", "who": ["user:anne"], "prob": 1}}}}, {"classId": "premise", "part": "s1p2", "offsets": [{"start": 98, "text": "Damit keine unn\u00f6tige Verschwendung stattfindet, helfen wir dir mit Mengenvorschl\u00e4gen. Diese passen wir nat\u00fcrlich der hinterlegten Personenzahl an und ber\u00fccksichtigen dabei auch, welche abwechslungsreichen Rezepte du diese Woche kochen willst."}], "coordinates": [], "confidence": {"state": "pre-added", "who": ["user:anne"], "prob": 1}, "normalizations": {}, "fields": {"strength_premise": {"value": "3", "confidence": {"state": "pre-added", "who": ["user:anne"], "prob": 1}}, "relevance_premise": {"value": "4", "confidence": {"state": "pre-added", "who": ["user:anne"], "prob": 1}}}}, {"classId": "claim", "part": "s1p2", "offsets": [{"start": 341, "text": "Damit das Kochen Spass macht, helfen dir Grossmama\u2019s Tipps & Tricks"}], "coordinates": [], "confidence": {"state": "pre-added", "who": ["user:anne"], "prob": 1}, "normalizations": {}, "fields": {"evidence": {"value": "3", "confidence": {"state": "pre-added", "who": ["user:anne"], "prob": 1}}}}, {"classId": "premise", "part": "s1p2", "offsets": [{"start": 410, "text": "Die helfen auch bei der korrekten Aufbewahrung und Lagerung der Produkte, damit das Geschmackserlebnis der frischen Produkte voll ausgesch\u00f6pft wird!"}], "coordinates": [], "confidence": {"state": "pre-added", "who": ["user:anne"], "prob": 1}, "normalizations": {}, "fields": {"strength_premise": {"value": "3", "confidence": {"state": "pre-added", "who": ["user:anne"], "prob": 1}}, "relevance_premise": {"value": "4", "confidence": {"state": "pre-added", "who": ["user:anne"], "prob": 1}}}}], "relations": [{"classId": "support", "type": "linked", "directed": false, "entities": ["s1p1|e_3|498,563", "s1p1|e_2|322,496"], "confidence": {"state": "pre-added", "who": ["user:anne"], "prob": 1}}, {"classId": "support", "type": "linked", "directed": false, "entities": ["s1p1|e_3|617,699", "s1p1|e_2|565,615"], "confidence": {"state": "pre-added", "who": ["user:anne"], "prob": 1}}, {"classId": "support", "type": "linked", "directed": false, "entities": ["s1p1|e_3|833,1055", "s1p1|e_2|701,831"], "confidence": {"state": "pre-added", "who": ["user:anne"], "prob": 1}}, {"classId": "support", "type": "linked", "directed": false, "entities": ["s1p2|e_3|98,339", "s1p2|e_2|0,96"], "confidence": {"state": "pre-added", "who": ["user:anne"], "prob": 1}}, {"classId": "support", "type": "linked", "directed": false, "entities": ["s1p2|e_3|410,557", "s1p2|e_2|341,407"], "confidence": {"state": "pre-added", "who": ["user:anne"], "prob": 1}}]}