{"annotatable": {"parts": ["s1p1", "s1p2", "s1p3", "s1p4"]}, "anncomplete": true, "sources": [], "strength_pitch": {"value": "4", "confidence": {"state": "pre-added", "who": ["user:anne"], "prob": 1}}, "entities": [{"classId": "major_claim", "part": "s1p1", "offsets": [{"start": 0, "text": "Als Grundlage f\u00fcr das neue Business Model dient die digitale Plattform ART4YOU, welche eine weitreichende Auswahl an unterschiedlichen Kunst- Angeboten, wie Kunstausstellungen, \u00f6ffentliche Kunst, Kunst am Bau etc., an einem zentralen Ort zusammenf\u00fchrt."}], "coordinates": [], "confidence": {"state": "pre-added", "who": ["user:anne"], "prob": 1}, "normalizations": {}, "fields": {"specificity": {"value": "3", "confidence": {"state": "pre-added", "who": ["user:anne"], "prob": 1}}, "evidence": {"value": "3", "confidence": {"state": "pre-added", "who": ["user:anne"], "prob": 1}}}}, {"classId": "premise", "part": "s1p1", "offsets": [{"start": 253, "text": "Durch das Anlegen eines Benutzeraccounts und der Angabe von Pr\u00e4ferenzen bez\u00fcglich Kunstausstellungen oder Kunstkategorien, kann der Nutzer auf eine breite Auswahl von schweizweiten Kunst-Angeboten zugreifen. Zudem erh\u00e4lt der User auf Grund seiner Pr\u00e4ferenzen individuelle Vorschl\u00e4ge, welche Angebote ihn interessieren k\u00f6nnten."}], "coordinates": [], "confidence": {"state": "pre-added", "who": ["user:anne"], "prob": 1}, "normalizations": {}, "fields": {"strength_premise": {"value": "4", "confidence": {"state": "pre-added", "who": ["user:anne"], "prob": 1}}, "relevance_premise": {"value": "4", "confidence": {"state": "pre-added", "who": ["user:anne"], "prob": 1}}}}, {"classId": "claim", "part": "s1p1", "offsets": [{"start": 580, "text": "Zu jedem Angebot werden ausf\u00fchrliche Hintergrundinformationen zur Verf\u00fcgung gestellt und die Nutzer k\u00f6nnen auf Bewertungen und Kommentare anderer User zur\u00fcckgreifen."}], "coordinates": [], "confidence": {"state": "pre-added", "who": ["user:anne"], "prob": 1}, "normalizations": {}, "fields": {"evidence": {"value": "3", "confidence": {"state": "pre-added", "who": ["user:anne"], "prob": 1}}}}, {"classId": "claim", "part": "s1p2", "offsets": [{"start": 0, "text": "Ziel ist es, jeglichen Kunstinteressierten aus dem In- und Ausland das Schweizer Kunstangebot, speziell auch weniger bekannte und frei zug\u00e4ngliche Kunst, n\u00e4her zu bringen und dessen Konsumation zu vereinfachen."}], "coordinates": [], "confidence": {"state": "pre-added", "who": ["user:anne"], "prob": 1}, "normalizations": {}, "fields": {"evidence": {"value": "4", "confidence": {"state": "pre-added", "who": ["user:anne"], "prob": 1}}}}, {"classId": "premise", "part": "s1p2", "offsets": [{"start": 211, "text": "Deswegen unterst\u00fctzt die Plattform bei der Planung, der Durchf\u00fchrung inkl. An- und R\u00fcckreise, wie auch beim Aufbau von sozialen Kontakten mit anderen Kunstinteressierten."}], "coordinates": [], "confidence": {"state": "pre-added", "who": ["user:anne"], "prob": 1}, "normalizations": {}, "fields": {"strength_premise": {"value": "4", "confidence": {"state": "pre-added", "who": ["user:anne"], "prob": 1}}, "relevance_premise": {"value": "4", "confidence": {"state": "pre-added", "who": ["user:anne"], "prob": 1}}}}, {"classId": "premise", "part": "s1p2", "offsets": [{"start": 382, "text": "So bietet die Plattform auch Foren an, in denen Fragen gestellt, Erfahrungen ausgetauscht oder auch gemeinsame Ausfl\u00fcge geplant werden k\u00f6nnen."}], "coordinates": [], "confidence": {"state": "pre-added", "who": ["user:anne"], "prob": 1}, "normalizations": {}, "fields": {"strength_premise": {"value": "4", "confidence": {"state": "pre-added", "who": ["user:anne"], "prob": 1}}, "relevance_premise": {"value": "4", "confidence": {"state": "pre-added", "who": ["user:anne"], "prob": 1}}}}, {"classId": "claim", "part": "s1p2", "offsets": [{"start": 525, "text": "Somit baut die Plattform auf dem System des Peer-to- Peer auf und soll Kunst als erschwingliche Freizeitaktivit\u00e4t f\u00f6rdern."}], "coordinates": [], "confidence": {"state": "pre-added", "who": ["user:anne"], "prob": 1}, "normalizations": {}, "fields": {"evidence": {"value": "4", "confidence": {"state": "pre-added", "who": ["user:anne"], "prob": 1}}}}, {"classId": "claim", "part": "s1p3", "offsets": [{"start": 0, "text": "Um die Plattform zu monetarisieren und auszubauen, ist die Zusammenarbeit mit Kunstanbietern oder -vereinen denkbar, welche ihr Angebot auf der Plattform gegen eine Geb\u00fchr anpreisen k\u00f6nnen."}], "coordinates": [], "confidence": {"state": "pre-added", "who": ["user:anne"], "prob": 1}, "normalizations": {}, "fields": {"evidence": {"value": "3", "confidence": {"state": "pre-added", "who": ["user:anne"], "prob": 1}}}}, {"classId": "premise", "part": "s1p3", "offsets": [{"start": 190, "text": "Weiter ist es m\u00f6glich eine Beteiligung an den Einnahmen der Transportunternehmen, welche f\u00fcr die An- und R\u00fcckreise auf der Plattform eingebunden sind, zu vereinbaren. Zudem ist auch die Erg\u00e4nzung des Angebotes durch Zusatzleistungen wie Verpflegungsm\u00f6glichkeiten und weitere Freizeitangebote die mit der Kunst im Zusammenhang steht eine M\u00f6glichkeit, die Plattform zu skalieren und zu monetarisieren"}], "coordinates": [], "confidence": {"state": "pre-added", "who": ["user:anne"], "prob": 1}, "normalizations": {}, "fields": {"strength_premise": {"value": "3", "confidence": {"state": "pre-added", "who": ["user:anne"], "prob": 1}}, "relevance_premise": {"value": "4", "confidence": {"state": "pre-added", "who": ["user:anne"], "prob": 1}}}}, {"classId": "claim", "part": "s1p3", "offsets": [{"start": 590, "text": "Weiter ist auch die Kooperation mit St\u00e4dten und Kantonen m\u00f6glich, bei der neben Museen weitere lokale Kulturangebote in die Plattform integriert werden."}], "coordinates": [], "confidence": {"state": "pre-added", "who": ["user:anne"], "prob": 1}, "normalizations": {}, "fields": {"evidence": {"value": "4", "confidence": {"state": "pre-added", "who": ["user:anne"], "prob": 1}}}}, {"classId": "premise", "part": "s1p3", "offsets": [{"start": 743, "text": "Somit besitzt das Business Model auch Potenzial, einen B2B Markt aufzubauen."}], "coordinates": [], "confidence": {"state": "pre-added", "who": ["user:anne"], "prob": 1}, "normalizations": {}, "fields": {"strength_premise": {"value": "3", "confidence": {"state": "pre-added", "who": ["user:anne"], "prob": 1}}, "relevance_premise": {"value": "3", "confidence": {"state": "pre-added", "who": ["user:anne"], "prob": 1}}}}, {"classId": "claim", "part": "s1p3", "offsets": [{"start": 820, "text": "Als Zusatz lassen sich alle aufgezeigten Revenue-Modelle mit der Nutzung der gesammelten Userdaten kombinieren,"}], "coordinates": [], "confidence": {"state": "pre-added", "who": ["user:anne"], "prob": 1}, "normalizations": {}, "fields": {"evidence": {"value": "3", "confidence": {"state": "pre-added", "who": ["user:anne"], "prob": 1}}}}, {"classId": "premise", "part": "s1p3", "offsets": [{"start": 932, "text": "womit weitere Einkommensstr\u00f6me generiert werden k\u00f6nnen."}], "coordinates": [], "confidence": {"state": "pre-added", "who": ["user:anne"], "prob": 1}, "normalizations": {}, "fields": {"strength_premise": {"value": "3", "confidence": {"state": "pre-added", "who": ["user:anne"], "prob": 1}}, "relevance_premise": {"value": "3", "confidence": {"state": "pre-added", "who": ["user:anne"], "prob": 1}}}}], "relations": [{"classId": "support", "type": "linked", "directed": false, "entities": ["s1p1|e_3|253,578", "s1p1|e_2|580,744"], "confidence": {"state": "pre-added", "who": ["user:anne"], "prob": 1}}, {"classId": "support", "type": "linked", "directed": false, "entities": ["s1p2|e_3|211,380", "s1p2|e_2|0,209"], "confidence": {"state": "pre-added", "who": ["user:anne"], "prob": 1}}, {"classId": "support", "type": "linked", "directed": false, "entities": ["s1p2|e_3|382,523", "s1p2|e_2|525,646"], "confidence": {"state": "pre-added", "who": ["user:anne"], "prob": 1}}, {"classId": "support", "type": "linked", "directed": false, "entities": ["s1p3|e_3|190,587", "s1p3|e_2|0,188"], "confidence": {"state": "pre-added", "who": ["user:anne"], "prob": 1}}, {"classId": "support", "type": "linked", "directed": false, "entities": ["s1p3|e_3|743,818", "s1p3|e_2|590,741"], "confidence": {"state": "pre-added", "who": ["user:anne"], "prob": 1}}, {"classId": "support", "type": "linked", "directed": false, "entities": ["s1p3|e_3|932,986", "s1p3|e_2|820,930"], "confidence": {"state": "pre-added", "who": ["user:anne"], "prob": 1}}]}