{"annotatable": {"parts": ["s1p1", "s1p2", "s1p3"]}, "anncomplete": true, "sources": [], "strength_pitch": {"value": "4", "confidence": {"state": "pre-added", "who": ["user:anne"], "prob": 1}}, "entities": [{"classId": "claim", "part": "s1p1", "offsets": [{"start": 0, "text": "In der Schweiz besitzt jede zehnte Person einen Zugang zu einem der 1200 m\u00f6glichen Fitnessstudios*."}], "coordinates": [], "confidence": {"state": "pre-added", "who": ["user:anne"], "prob": 1}, "normalizations": {}, "fields": {"evidence": {"value": "4", "confidence": {"state": "pre-added", "who": ["user:anne"], "prob": 1}}}}, {"classId": "claim", "part": "s1p1", "offsets": [{"start": 100, "text": "Trotz der signifikanten Gr\u00f6sse dieses Kundensegments besteht bisher aus Kundensicht keine M\u00f6glichkeit, die Customer Journey im Bereich Fitness und der Ern\u00e4hrung ressourceneffizient zu durchlaufen."}], "coordinates": [], "confidence": {"state": "pre-added", "who": ["user:anne"], "prob": 1}, "normalizations": {}, "fields": {"evidence": {"value": "4", "confidence": {"state": "pre-added", "who": ["user:anne"], "prob": 1}}}}, {"classId": "premise", "part": "s1p1", "offsets": [{"start": 297, "text": "Damit ein individualisierter Trainings- und Ern\u00e4hrungsplan aufgestellt werden kann, bedarf es grossen Recherchen und einer zeitintensiven Planung, wo meist zus\u00e4tzlich das Knowhow fehlt. Dazu kommt die fehlende M\u00f6glichkeit des sozialen Austauschs im Bereich C2C."}], "coordinates": [], "confidence": {"state": "pre-added", "who": ["user:anne"], "prob": 1}, "normalizations": {}, "fields": {"strength_premise": {"value": "3", "confidence": {"state": "pre-added", "who": ["user:anne"], "prob": 1}}, "relevance_premise": {"value": "4", "confidence": {"state": "pre-added", "who": ["user:anne"], "prob": 1}}}}, {"classId": "major_claim", "part": "s1p2", "offsets": [{"start": 0, "text": "Der Kerngedanke des Gesch\u00e4ftsmodells \u201eHealthcoach\u201c bilden somit die aus der Customer Journey resultierenden Pain Points im Bereich Fitness, Ern\u00e4hrung und des sozialen Austauschs von Erfahrungen."}], "coordinates": [], "confidence": {"state": "pre-added", "who": ["user:anne"], "prob": 1}, "normalizations": {}, "fields": {"specificity": {"value": "4", "confidence": {"state": "pre-added", "who": ["user:anne"], "prob": 1}}, "evidence": {"value": "4", "confidence": {"state": "pre-added", "who": ["user:anne"], "prob": 1}}}}, {"classId": "claim", "part": "s1p2", "offsets": [{"start": 195, "text": "Durch eine digitale Plattform soll der Aufbau eines Business Ecosystems lanciert werden,"}], "coordinates": [], "confidence": {"state": "pre-added", "who": ["user:anne"], "prob": 1}, "normalizations": {}, "fields": {"evidence": {"value": "4", "confidence": {"state": "pre-added", "who": ["user:anne"], "prob": 1}}}}, {"classId": "premise", "part": "s1p2", "offsets": [{"start": 284, "text": "welches Touchpoints entlang der gesamten User Journey generiert."}], "coordinates": [], "confidence": {"state": "pre-added", "who": ["user:anne"], "prob": 1}, "normalizations": {}, "fields": {"strength_premise": {"value": "4", "confidence": {"state": "pre-added", "who": ["user:anne"], "prob": 1}}, "relevance_premise": {"value": "4", "confidence": {"state": "pre-added", "who": ["user:anne"], "prob": 1}}}}, {"classId": "claim", "part": "s1p2", "offsets": [{"start": 349, "text": "Mit dem Ertragsmodell der Subscription sollen dem Kunden individualisierte Ern\u00e4hrungs- und Trainingspl\u00e4ne zur Verf\u00fcgung gestellt werden."}], "coordinates": [], "confidence": {"state": "pre-added", "who": ["user:anne"], "prob": 1}, "normalizations": {}, "fields": {"evidence": {"value": "4", "confidence": {"state": "pre-added", "who": ["user:anne"], "prob": 1}}}}, {"classId": "premise", "part": "s1p2", "offsets": [{"start": 486, "text": "Die daf\u00fcr ben\u00f6tigten Nahrungsmittel lassen sich dank Kooperationen mit regionalen Superm\u00e4rkten bequem auf der Plattform bestellen und werden direkt nach Hause geliefert."}], "coordinates": [], "confidence": {"state": "pre-added", "who": ["user:anne"], "prob": 1}, "normalizations": {}, "fields": {"strength_premise": {"value": "3", "confidence": {"state": "pre-added", "who": ["user:anne"], "prob": 1}}, "relevance_premise": {"value": "3", "confidence": {"state": "pre-added", "who": ["user:anne"], "prob": 1}}}}, {"classId": "claim", "part": "s1p3", "offsets": [{"start": 0, "text": "Der Erfahrungsaustausch erfolgt durch ein Matching auf der Plattform im Sinne eines Two-Sided Markets im Bereich C2C als auch B2C durch die Einbindung von Experten."}], "coordinates": [], "confidence": {"state": "pre-added", "who": ["user:anne"], "prob": 1}, "normalizations": {}, "fields": {"evidence": {"value": "3", "confidence": {"state": "pre-added", "who": ["user:anne"], "prob": 1}}}}, {"classId": "premise", "part": "s1p3", "offsets": [{"start": 165, "text": "Eine Vielzahl von Partnern soll an unterschiedlichen Touchpoints in die Customer Journey eingebunden werden. So bilden beispielsweise onlinebasierte Lebensmittelh\u00e4ndler, Versicherungen, Ern\u00e4hrungs- und Fitnessberater m\u00f6gliche Akteure, was den \u00abHealthcoach\u00bb zus\u00e4tzlich im B2B-Markt attraktiv macht."}], "coordinates": [], "confidence": {"state": "pre-added", "who": ["user:anne"], "prob": 1}, "normalizations": {}, "fields": {"strength_premise": {"value": "4", "confidence": {"state": "pre-added", "who": ["user:anne"], "prob": 1}}, "relevance_premise": {"value": "4", "confidence": {"state": "pre-added", "who": ["user:anne"], "prob": 1}}}}, {"classId": "claim", "part": "s1p3", "offsets": [{"start": 463, "text": "Die Interaktion der einzelnen Parteien erfolgt auf einer Plattform im Sinne einer mobilen Applikation,"}], "coordinates": [], "confidence": {"state": "pre-added", "who": ["user:anne"], "prob": 1}, "normalizations": {}, "fields": {"evidence": {"value": "4", "confidence": {"state": "pre-added", "who": ["user:anne"], "prob": 1}}}}, {"classId": "premise", "part": "s1p3", "offsets": [{"start": 566, "text": "damit Push-Benachrichtigungen gesendet werden k\u00f6nnen. Schlussendlich soll dem Armin Ambitioniert und der Erika Einfach (2 Personas) eine f\u00fcr sich individualisierte Experience entlang der gesamten User Journey erm\u00f6glicht werden."}], "coordinates": [], "confidence": {"state": "pre-added", "who": ["user:anne"], "prob": 1}, "normalizations": {}, "fields": {"strength_premise": {"value": "4", "confidence": {"state": "pre-added", "who": ["user:anne"], "prob": 1}}, "relevance_premise": {"value": "4", "confidence": {"state": "pre-added", "who": ["user:anne"], "prob": 1}}}}], "relations": [{"classId": "support", "type": "linked", "directed": false, "entities": ["s1p1|e_3|297,557", "s1p1|e_2|100,295"], "confidence": {"state": "pre-added", "who": ["user:anne"], "prob": 1}}, {"classId": "support", "type": "linked", "directed": false, "entities": ["s1p2|e_3|284,347", "s1p2|e_2|195,282"], "confidence": {"state": "pre-added", "who": ["user:anne"], "prob": 1}}, {"classId": "support", "type": "linked", "directed": false, "entities": ["s1p2|e_3|486,654", "s1p2|e_2|349,484"], "confidence": {"state": "pre-added", "who": ["user:anne"], "prob": 1}}, {"classId": "support", "type": "linked", "directed": false, "entities": ["s1p3|e_3|165,461", "s1p3|e_2|0,163"], "confidence": {"state": "pre-added", "who": ["user:anne"], "prob": 1}}, {"classId": "support", "type": "linked", "directed": false, "entities": ["s1p3|e_3|566,792", "s1p3|e_2|463,564"], "confidence": {"state": "pre-added", "who": ["user:anne"], "prob": 1}}]}