{"annotatable": {"parts": ["s1p1"]}, "anncomplete": true, "sources": [], "strength_pitch": {"value": "2", "confidence": {"state": "pre-added", "who": ["user:anne"], "prob": 1}}, "entities": [{"classId": "major_claim", "part": "s1p1", "offsets": [{"start": 0, "text": "Der \u201eAI CV Optimizer\u201c (kurz AICO) ist ein CV-Evaluationstool, das auf der einen Seite Applikanten hilft, Ihren Lebenslauf in eine Form zu bringen, die moderne HR Softwarel\u00f6sungen verstehen und auf der anderen Seite HR Recruitern hilft, Applikanten ganzheitlich aufgrund derer Pers\u00f6nlichkeit zu evaluieren."}], "coordinates": [], "confidence": {"state": "pre-added", "who": ["user:anne"], "prob": 1}, "normalizations": {}, "fields": {"specificity": {"value": "4", "confidence": {"state": "pre-added", "who": ["user:anne"], "prob": 1}}, "evidence": {"value": "3", "confidence": {"state": "pre-added", "who": ["user:anne"], "prob": 1}}}}, {"classId": "claim", "part": "s1p1", "offsets": [{"start": 306, "text": "So m\u00fcssen Entscheidungen, welche Applikanten in die n\u00e4chste Runde kommen nicht mehr durch Notenschnitte alleine get\u00e4tigt werden, sondern k\u00f6nnen von \u201eAICO\u201c automatisch analysiert und evaluiert werden."}], "coordinates": [], "confidence": {"state": "pre-added", "who": ["user:anne"], "prob": 1}, "normalizations": {}, "fields": {"evidence": {"value": "4", "confidence": {"state": "pre-added", "who": ["user:anne"], "prob": 1}}}}, {"classId": "premise", "part": "s1p1", "offsets": [{"start": 506, "text": "Dies spart seitens des Arbeitgebers Zeit und Kosten und hilft den Arbeitnehmern dabei, einen passenden CV zu erstellen*."}], "coordinates": [], "confidence": {"state": "pre-added", "who": ["user:anne"], "prob": 1}, "normalizations": {}, "fields": {"strength_premise": {"value": "3", "confidence": {"state": "pre-added", "who": ["user:anne"], "prob": 1}}, "relevance_premise": {"value": "3", "confidence": {"state": "pre-added", "who": ["user:anne"], "prob": 1}}}}], "relations": [{"classId": "support", "type": "linked", "directed": false, "entities": ["s1p1|e_3|506,625", "s1p1|e_2|306,504"], "confidence": {"state": "pre-added", "who": ["user:anne"], "prob": 1}}]}