{"annotatable": {"parts": ["s1p1", "s1p2", "s1p3", "s1p4", "s1p5", "s1p6"]}, "anncomplete": true, "sources": [], "strength_pitch": {"value": "4", "confidence": {"state": "pre-added", "who": ["user:anne"], "prob": 1}}, "entities": [{"classId": "major_claim", "part": "s1p2", "offsets": [{"start": 0, "text": "Es handelt sich dabei um ein Plattform-Business, \u201aHappyclothes\u2018 \u00fcber welches, Kleidungsst\u00fccke online eingekauft werden k\u00f6nnen."}], "coordinates": [], "confidence": {"state": "pre-added", "who": ["user:anne"], "prob": 1}, "normalizations": {}, "fields": {"specificity": {"value": "3", "confidence": {"state": "pre-added", "who": ["user:anne"], "prob": 1}}, "evidence": {"value": "3", "confidence": {"state": "pre-added", "who": ["user:anne"], "prob": 1}}}}, {"classId": "claim", "part": "s1p2", "offsets": [{"start": 275, "text": "Der Kunde soll durch sein virtuelles \u201aAbbild\u2018 die Kleidung, \u00e4hnlich wie in einem Laden, digital anprobieren k\u00f6nnen."}], "coordinates": [], "confidence": {"state": "pre-added", "who": ["user:anne"], "prob": 1}, "normalizations": {}, "fields": {"evidence": {"value": "4", "confidence": {"state": "pre-added", "who": ["user:anne"], "prob": 1}}}}, {"classId": "premise", "part": "s1p2", "offsets": [{"start": 391, "text": "Durch den Algorithmus und die \u201avirtuelle Ankleidekabine\u2018 soll vermieden werden, dass Produkte dem Kunden nicht gefallen oder passen. So soll der User effizienter an das passende Kleidungsst\u00fcck kommen und f\u00fcr den Anbieter kostspielige, und f\u00fcr den Kunden m\u00fchsame, Retouren minimiert werden."}], "coordinates": [], "confidence": {"state": "pre-added", "who": ["user:anne"], "prob": 1}, "normalizations": {}, "fields": {"strength_premise": {"value": "4", "confidence": {"state": "pre-added", "who": ["user:anne"], "prob": 1}}, "relevance_premise": {"value": "4", "confidence": {"state": "pre-added", "who": ["user:anne"], "prob": 1}}}}, {"classId": "claim", "part": "s1p3", "offsets": [{"start": 0, "text": "Ein grosses Sortiment ist zentral, um allen Kundenbed\u00fcrfnissen gerecht zu werden. Happyclothes muss mit verschiedenen Produzenten zusammenarbeiten, um diverse Kleider auf der Plattform anzubieten."}], "coordinates": [], "confidence": {"state": "pre-added", "who": ["user:anne"], "prob": 1}, "normalizations": {}, "fields": {"evidence": {"value": "4", "confidence": {"state": "pre-added", "who": ["user:anne"], "prob": 1}}}}, {"classId": "premise", "part": "s1p3", "offsets": [{"start": 197, "text": "Dabei ist die Integration von Informationen bzgl. Nachhaltigkeit der Kleidung wichtig."}], "coordinates": [], "confidence": {"state": "pre-added", "who": ["user:anne"], "prob": 1}, "normalizations": {}, "fields": {"strength_premise": {"value": "4", "confidence": {"state": "pre-added", "who": ["user:anne"], "prob": 1}}, "relevance_premise": {"value": "4", "confidence": {"state": "pre-added", "who": ["user:anne"], "prob": 1}}}}, {"classId": "claim", "part": "s1p4", "offsets": [{"start": 0, "text": "Happyclothes geht aber \u00fcber den Kleiderkauf hinaus und soll ein st\u00e4ndiger Begleiter im Alltag des Users sein: Ein Feature davon ist der virtuelle Kleiderschrank, welcher alle Kleider im Besitz kennt und Kombinationsempfehlungen abgibt."}], "coordinates": [], "confidence": {"state": "pre-added", "who": ["user:anne"], "prob": 1}, "normalizations": {}, "fields": {"evidence": {"value": "4", "confidence": {"state": "pre-added", "who": ["user:anne"], "prob": 1}}}}, {"classId": "premise", "part": "s1p4", "offsets": [{"start": 236, "text": "Durch Empfehlungen soll er den Kunden zu zus\u00e4tzlichen K\u00e4ufen animieren. Kleider die man besitzt sollen \u00fcber ein einfaches Scanning der Etikette oder eine Suchfunktion, zum Kleiderschrank hinzugef\u00fcgt werden k\u00f6nnen."}], "coordinates": [], "confidence": {"state": "pre-added", "who": ["user:anne"], "prob": 1}, "normalizations": {}, "fields": {"strength_premise": {"value": "3", "confidence": {"state": "pre-added", "who": ["user:anne"], "prob": 1}}, "relevance_premise": {"value": "4", "confidence": {"state": "pre-added", "who": ["user:anne"], "prob": 1}}}}, {"classId": "premise", "part": "s1p4", "offsets": [{"start": 450, "text": "Zudem soll die M\u00f6glichkeit bestehen, Kleider die man bei anderen Personen oder im Laden sieht \u00fcber eine Scan-Funktion einer Wunschliste hinzuzuf\u00fcgen."}], "coordinates": [], "confidence": {"state": "pre-added", "who": ["user:anne"], "prob": 1}, "normalizations": {}, "fields": {"strength_premise": {"value": "4", "confidence": {"state": "pre-added", "who": ["user:anne"], "prob": 1}}, "relevance_premise": {"value": "4", "confidence": {"state": "pre-added", "who": ["user:anne"], "prob": 1}}}}, {"classId": "premise", "part": "s1p4", "offsets": [{"start": 600, "text": "Ein einfacher Nachbestellprozess von Standardprodukten ist ein weiteres Feature der Plattform, dass den Kaufprozess stimulieren soll."}], "coordinates": [], "confidence": {"state": "pre-added", "who": ["user:anne"], "prob": 1}, "normalizations": {}, "fields": {"strength_premise": {"value": "4", "confidence": {"state": "pre-added", "who": ["user:anne"], "prob": 1}}, "relevance_premise": {"value": "4", "confidence": {"state": "pre-added", "who": ["user:anne"], "prob": 1}}}}, {"classId": "claim", "part": "s1p4", "offsets": [{"start": 734, "text": "Eine soziale Plattform wo man sich von der Community beraten oder inspirieren lassen kann, soll die Plattform abrunden."}], "coordinates": [], "confidence": {"state": "pre-added", "who": ["user:anne"], "prob": 1}, "normalizations": {}, "fields": {"evidence": {"value": "4", "confidence": {"state": "pre-added", "who": ["user:anne"], "prob": 1}}}}, {"classId": "claim", "part": "s1p4", "offsets": [{"start": 854, "text": "Zudem verf\u00fcgt die Plattform \u00fcber einen Marktplatz von gebrauchten Kleidungsst\u00fccken,"}], "coordinates": [], "confidence": {"state": "pre-added", "who": ["user:anne"], "prob": 1}, "normalizations": {}, "fields": {"evidence": {"value": "3", "confidence": {"state": "pre-added", "who": ["user:anne"], "prob": 1}}}}, {"classId": "premise", "part": "s1p4", "offsets": [{"start": 938, "text": "um alte Kleider zu verkaufen oder zu spenden."}], "coordinates": [], "confidence": {"state": "pre-added", "who": ["user:anne"], "prob": 1}, "normalizations": {}, "fields": {"strength_premise": {"value": "3", "confidence": {"state": "pre-added", "who": ["user:anne"], "prob": 1}}, "relevance_premise": {"value": "3", "confidence": {"state": "pre-added", "who": ["user:anne"], "prob": 1}}}}, {"classId": "claim", "part": "s1p5", "offsets": [{"start": 0, "text": "Das Gesch\u00e4ftsmodell und die Revenue Streams basieren auf einem klassischen Handelsgesch\u00e4ft."}], "coordinates": [], "confidence": {"state": "pre-added", "who": ["user:anne"], "prob": 1}, "normalizations": {}, "fields": {"evidence": {"value": "3", "confidence": {"state": "pre-added", "who": ["user:anne"], "prob": 1}}}}, {"classId": "premise", "part": "s1p5", "offsets": [{"start": 92, "text": "Die innovativen Features sollen die Effizienz steigern und dadurch Kosten einsparen, Zusatzums\u00e4tze generieren und das Thema Nachhaltigkeit besser besetzen, wodurch man gegen\u00fcber der bestehenden Konkurrenz wie Zalando ein Wettbewerbsvorteil hat."}], "coordinates": [], "confidence": {"state": "pre-added", "who": ["user:anne"], "prob": 1}, "normalizations": {}, "fields": {"strength_premise": {"value": "4", "confidence": {"state": "pre-added", "who": ["user:anne"], "prob": 1}}, "relevance_premise": {"value": "4", "confidence": {"state": "pre-added", "who": ["user:anne"], "prob": 1}}}}], "relations": [{"classId": "support", "type": "linked", "directed": false, "entities": ["s1p2|e_3|391,679", "s1p2|e_2|275,389"], "confidence": {"state": "pre-added", "who": ["user:anne"], "prob": 1}}, {"classId": "support", "type": "linked", "directed": false, "entities": ["s1p3|e_3|197,282", "s1p3|e_2|0,195"], "confidence": {"state": "pre-added", "who": ["user:anne"], "prob": 1}}, {"classId": "support", "type": "linked", "directed": false, "entities": ["s1p4|e_3|236,448", "s1p4|e_2|0,234"], "confidence": {"state": "pre-added", "who": ["user:anne"], "prob": 1}}, {"classId": "support", "type": "linked", "directed": false, "entities": ["s1p4|e_3|600,732", "s1p4|e_2|0,234"], "confidence": {"state": "pre-added", "who": ["user:anne"], "prob": 1}}, {"classId": "support", "type": "linked", "directed": false, "entities": ["s1p4|e_3|938,982", "s1p4|e_2|854,936"], "confidence": {"state": "pre-added", "who": ["user:anne"], "prob": 1}}, {"classId": "support", "type": "linked", "directed": false, "entities": ["s1p5|e_3|92,335", "s1p5|e_2|0,90"], "confidence": {"state": "pre-added", "who": ["user:anne"], "prob": 1}}, {"classId": "r_7", "type": "linked", "directed": false, "entities": ["s1p4|e_3|450,598", "s1p4|e_3|236,448"], "confidence": {"state": "pre-added", "who": ["user:anne"], "prob": 1}}]}