{"annotatable": {"parts": ["s1p1", "s1p2", "s1p3", "s1p4", "s1p5", "s1p6"]}, "anncomplete": true, "sources": [], "strength_pitch": {"value": "5", "confidence": {"state": "pre-added", "who": ["user:anne"], "prob": 1}}, "entities": [{"classId": "major_claim", "part": "s1p2", "offsets": [{"start": 0, "text": "YourBeauty ist eine Plattform, die als Ziel hat, immer das breiteste und beste Angebot f\u00fcr Pflege und Kosmetikprodukte an seinen Kundinnen und Kunden zu bringen."}], "coordinates": [], "confidence": {"state": "pre-added", "who": ["user:anne"], "prob": 1}, "normalizations": {}, "fields": {"specificity": {"value": "4", "confidence": {"state": "pre-added", "who": ["user:anne"], "prob": 1}}, "evidence": {"value": "4", "confidence": {"state": "pre-added", "who": ["user:anne"], "prob": 1}}}}, {"classId": "claim", "part": "s1p2", "offsets": [{"start": 162, "text": "Konkret geht es darum die Kunden nicht nur bei der Beratung, durch eine Chat Funktion dank der App einen professionellen und personalisierten Service zu bringen,"}], "coordinates": [], "confidence": {"state": "pre-added", "who": ["user:anne"], "prob": 1}, "normalizations": {}, "fields": {"evidence": {"value": "3", "confidence": {"state": "pre-added", "who": ["user:anne"], "prob": 1}}}}, {"classId": "premise", "part": "s1p2", "offsets": [{"start": 324, "text": "sondern auch bei der Produktwahl dank der gr\u00f6ssten Auswahl der Schweiz (dank den Partnerschaften zu den Herstellern) zu helfen."}], "coordinates": [], "confidence": {"state": "pre-added", "who": ["user:anne"], "prob": 1}, "normalizations": {}, "fields": {"strength_premise": {"value": "3", "confidence": {"state": "pre-added", "who": ["user:anne"], "prob": 1}}, "relevance_premise": {"value": "4", "confidence": {"state": "pre-added", "who": ["user:anne"], "prob": 1}}}}, {"classId": "claim", "part": "s1p2", "offsets": [{"start": 452, "text": "Dank den von unseren Kunden geschriebenen Erfahrungsberichte, k\u00f6nnen potenzielle Kunden sich eine neutrale Ansicht \u00fcber die Resultate der Produkte machen und somit die Produkte benutzen, die f\u00fcr sie am besten passen"}], "coordinates": [], "confidence": {"state": "pre-added", "who": ["user:anne"], "prob": 1}, "normalizations": {}, "fields": {"evidence": {"value": "4", "confidence": {"state": "pre-added", "who": ["user:anne"], "prob": 1}}}}, {"classId": "premise", "part": "s1p2", "offsets": [{"start": 669, "text": "Weiter wird durch die automatische \u201cRe-Stock\u201c Option, den Kunden die Option geboten, dass die Produkte nach einer gewissen Zeit (je nach Produktnutzung) automatisch wieder verrechnet und zugeschickt wird, ohne dass sich der Kunde die Zeit nehmen muss, um diese wieder zu bestellen."}], "coordinates": [], "confidence": {"state": "pre-added", "who": ["user:anne"], "prob": 1}, "normalizations": {}, "fields": {"strength_premise": {"value": "4", "confidence": {"state": "pre-added", "who": ["user:anne"], "prob": 1}}, "relevance_premise": {"value": "4", "confidence": {"state": "pre-added", "who": ["user:anne"], "prob": 1}}}}, {"classId": "claim", "part": "s1p4", "offsets": [{"start": 0, "text": "YourBeauty ist perfekt f\u00fcr alle Kundengruppen, die ein gutes Hautbild wollen jedoch wenig Zeit haben sich mit der Auswahl und Suche davon auseinanderzusetzen"}], "coordinates": [], "confidence": {"state": "pre-added", "who": ["user:anne"], "prob": 1}, "normalizations": {}, "fields": {"evidence": {"value": "4", "confidence": {"state": "pre-added", "who": ["user:anne"], "prob": 1}}}}, {"classId": "premise", "part": "s1p4", "offsets": [{"start": 159, "text": "Die Kunden von YourBeauty wollen einen personalisierten Service, um die perfekte Hautpflege zu finden."}], "coordinates": [], "confidence": {"state": "pre-added", "who": ["user:anne"], "prob": 1}, "normalizations": {}, "fields": {"strength_premise": {"value": "4", "confidence": {"state": "pre-added", "who": ["user:anne"], "prob": 1}}, "relevance_premise": {"value": "4", "confidence": {"state": "pre-added", "who": ["user:anne"], "prob": 1}}}}, {"classId": "claim", "part": "s1p4", "offsets": [{"start": 262, "text": "Durch die grosse Auswahl an Produkten, dank der unz\u00e4hligen Partnerschaften mit Herstellern, wie auch die einfachen Bestellprozesse gibt es etwas f\u00fcr jeden Typ."}], "coordinates": [], "confidence": {"state": "pre-added", "who": ["user:anne"], "prob": 1}, "normalizations": {}, "fields": {"evidence": {"value": "4", "confidence": {"state": "pre-added", "who": ["user:anne"], "prob": 1}}}}, {"classId": "claim", "part": "s1p6", "offsets": [{"start": 0, "text": "Durch die Menge an verf\u00fcgbaren Produkten wird es immer schwieriger, einen Durchblick zu behalten"}], "coordinates": [], "confidence": {"state": "pre-added", "who": ["user:anne"], "prob": 1}, "normalizations": {}, "fields": {"evidence": {"value": "4", "confidence": {"state": "pre-added", "who": ["user:anne"], "prob": 1}}}}, {"classId": "premise", "part": "s1p6", "offsets": [{"start": 98, "text": "Weiter ist es auch schwierig zu wissen, was man f\u00fcr ein besseres Hautbild wirklich braucht"}], "coordinates": [], "confidence": {"state": "pre-added", "who": ["user:anne"], "prob": 1}, "normalizations": {}, "fields": {"strength_premise": {"value": "3", "confidence": {"state": "pre-added", "who": ["user:anne"], "prob": 1}}, "relevance_premise": {"value": "4", "confidence": {"state": "pre-added", "who": ["user:anne"], "prob": 1}}}}, {"classId": "claim", "part": "s1p6", "offsets": [{"start": 190, "text": "YourBeauty bietet dank der personalisierten Beratung und Vorselektion der Produkte, transparente Erfahrungsberichte, Best-Preis-Garantie, liebevoll verpackten Bestellungen und der Bestellungsautomatisierungsfunktion bietet die Plattform,"}], "coordinates": [], "confidence": {"state": "pre-added", "who": ["user:anne"], "prob": 1}, "normalizations": {}, "fields": {"evidence": {"value": "4", "confidence": {"state": "pre-added", "who": ["user:anne"], "prob": 1}}}}, {"classId": "premise", "part": "s1p6", "offsets": [{"start": 428, "text": "das perfekte Business Modell f\u00fcr alle Kunden, die sich ein besseres Hautbild w\u00fcnschen!"}], "coordinates": [], "confidence": {"state": "pre-added", "who": ["user:anne"], "prob": 1}, "normalizations": {}, "fields": {"strength_premise": {"value": "3", "confidence": {"state": "pre-added", "who": ["user:anne"], "prob": 1}}, "relevance_premise": {"value": "3", "confidence": {"state": "pre-added", "who": ["user:anne"], "prob": 1}}}}], "relations": [{"classId": "support", "type": "linked", "directed": false, "entities": ["s1p2|e_3|669,949", "s1p2|e_2|452,666"], "confidence": {"state": "pre-added", "who": ["user:anne"], "prob": 1}}, {"classId": "support", "type": "linked", "directed": false, "entities": ["s1p4|e_3|159,260", "s1p4|e_2|0,156"], "confidence": {"state": "pre-added", "who": ["user:anne"], "prob": 1}}, {"classId": "support", "type": "linked", "directed": false, "entities": ["s1p6|e_3|98,187", "s1p6|e_2|0,95"], "confidence": {"state": "pre-added", "who": ["user:anne"], "prob": 1}}, {"classId": "support", "type": "linked", "directed": false, "entities": ["s1p6|e_3|428,513", "s1p6|e_2|190,426"], "confidence": {"state": "pre-added", "who": ["user:anne"], "prob": 1}}]}