{"annotatable": {"parts": ["s1p1", "s1p2"]}, "anncomplete": true, "sources": [], "strength_pitch": {"value": "4", "confidence": {"state": "pre-added", "who": ["user:anne"], "prob": 1}}, "entities": [{"classId": "claim", "part": "s1p1", "offsets": [{"start": 0, "text": "Auch wenn der Begriff Work-Life Balance nun seit langer Zeit ein grosses Thema ist, scheint die Umsetzung eher schleppend voranzukommen, gerade im Bezug auf die Gesundheit."}], "coordinates": [], "confidence": {"state": "pre-added", "who": ["user:anne"], "prob": 1}, "normalizations": {}, "fields": {"evidence": {"value": "3", "confidence": {"state": "pre-added", "who": ["user:anne"], "prob": 1}}}}, {"classId": "premise", "part": "s1p1", "offsets": [{"start": 173, "text": "Arbeit und Studium oder Arbeit und Familie, daneben Treffen von Freunden und Bekannten: F\u00fcr gesunde Ern\u00e4hrung und Sport bleibt da meistens nicht mehr viel Zeit."}], "coordinates": [], "confidence": {"state": "pre-added", "who": ["user:anne"], "prob": 1}, "normalizations": {}, "fields": {"strength_premise": {"value": "3", "confidence": {"state": "pre-added", "who": ["user:anne"], "prob": 1}}, "relevance_premise": {"value": "4", "confidence": {"state": "pre-added", "who": ["user:anne"], "prob": 1}}}}, {"classId": "premise", "part": "s1p1", "offsets": [{"start": 334, "text": "Trotzdem stellt die Gesundheit ein wichtiger Teil f\u00fcr fast alle Menschen dar, schon alleine wegen der optischen Erscheinung."}], "coordinates": [], "confidence": {"state": "pre-added", "who": ["user:anne"], "prob": 1}, "normalizations": {}, "fields": {"strength_premise": {"value": "3", "confidence": {"state": "pre-added", "who": ["user:anne"], "prob": 1}}, "relevance_premise": {"value": "3", "confidence": {"state": "pre-added", "who": ["user:anne"], "prob": 1}}}}, {"classId": "claim", "part": "s1p1", "offsets": [{"start": 459, "text": "Wahrscheinlich hat auch schon jeder die tausend verschiedenen Gesundheit Apps auf dem Markt ausprobiert und nach zwei Wochen wieder gel\u00f6scht aus schlechtem Gewissen, da das Fitness Programm nicht l\u00e4nger als ein paar Tage eingehalten worden ist."}], "coordinates": [], "confidence": {"state": "pre-added", "who": ["user:anne"], "prob": 1}, "normalizations": {}, "fields": {"evidence": {"value": "3", "confidence": {"state": "pre-added", "who": ["user:anne"], "prob": 1}}}}, {"classId": "premise", "part": "s1p1", "offsets": [{"start": 704, "text": "Das Problem an herk\u00f6mmlichen Gesundheit Apps ist, dass sie sich weder an ver\u00e4nderte Bed\u00fcrfnisse anpassen noch generieren sie eine langfristige Motivation bei den Nutzern."}], "coordinates": [], "confidence": {"state": "pre-added", "who": ["user:anne"], "prob": 1}, "normalizations": {}, "fields": {"strength_premise": {"value": "4", "confidence": {"state": "pre-added", "who": ["user:anne"], "prob": 1}}, "relevance_premise": {"value": "3", "confidence": {"state": "pre-added", "who": ["user:anne"], "prob": 1}}}}, {"classId": "major_claim", "part": "s1p2", "offsets": [{"start": 0, "text": "HealthAI ist ein digitaler Gesundheit Coach, welcher durch den Einsatz von k\u00fcnstlicher Intelligenz schnell aus den gesammelten Nutzerdaten lernt und dementsprechend f\u00fcr jeden Nutzer ein individuelle Ern\u00e4hrungs- und Sportprogramm generiert."}], "coordinates": [], "confidence": {"state": "pre-added", "who": ["user:anne"], "prob": 1}, "normalizations": {}, "fields": {"specificity": {"value": "4", "confidence": {"state": "pre-added", "who": ["user:anne"], "prob": 1}}, "evidence": {"value": "4", "confidence": {"state": "pre-added", "who": ["user:anne"], "prob": 1}}}}, {"classId": "claim", "part": "s1p2", "offsets": [{"start": 240, "text": "Dabei handelt es sich nicht um ein starres sondern um ein flexibles Programm,"}], "coordinates": [], "confidence": {"state": "pre-added", "who": ["user:anne"], "prob": 1}, "normalizations": {}, "fields": {"evidence": {"value": "4", "confidence": {"state": "pre-added", "who": ["user:anne"], "prob": 1}}}}, {"classId": "premise", "part": "s1p2", "offsets": [{"start": 318, "text": "wobei spontane Einladungen zum Fondue Essen oder \u00dcberstunden sofort einbezogen werden und das Programm mit Alternativen ausstattet, damit die Fitness Ziele trotzdem erreicht werden k\u00f6nnen."}], "coordinates": [], "confidence": {"state": "pre-added", "who": ["user:anne"], "prob": 1}, "normalizations": {}, "fields": {"strength_premise": {"value": "3", "confidence": {"state": "pre-added", "who": ["user:anne"], "prob": 1}}, "relevance_premise": {"value": "3", "confidence": {"state": "pre-added", "who": ["user:anne"], "prob": 1}}}}, {"classId": "claim", "part": "s1p2", "offsets": [{"start": 507, "text": "Zus\u00e4tzlich ist ein animierter Coach vorhanden, welcher 24 h zur Verf\u00fcgung steht und f\u00fcr Motivation sorgt durch individuelle Zwischenziele und Betreuung"}], "coordinates": [], "confidence": {"state": "pre-added", "who": ["user:anne"], "prob": 1}, "normalizations": {}, "fields": {"evidence": {"value": "3", "confidence": {"state": "pre-added", "who": ["user:anne"], "prob": 1}}}}, {"classId": "premise", "part": "s1p2", "offsets": [{"start": 660, "text": "wobei durch die KI gelernt wird, welche Methoden diesbez\u00fcglich am besten wirken."}], "coordinates": [], "confidence": {"state": "pre-added", "who": ["user:anne"], "prob": 1}, "normalizations": {}, "fields": {"strength_premise": {"value": "3", "confidence": {"state": "pre-added", "who": ["user:anne"], "prob": 1}}, "relevance_premise": {"value": "4", "confidence": {"state": "pre-added", "who": ["user:anne"], "prob": 1}}}}, {"classId": "claim", "part": "s1p2", "offsets": [{"start": 741, "text": "Das Revenue Model enth\u00e4lt die Patterns Leverage Customer Data (z.B. Verkauf anonymisierter Daten an Gesundheitsfirmen), Subscription und Freemium Model (Gratis und Premium Version) spwie den Einsatz von Hidden Revenue durch personalisierte Werbung."}], "coordinates": [], "confidence": {"state": "pre-added", "who": ["user:anne"], "prob": 1}, "normalizations": {}, "fields": {"evidence": {"value": "4", "confidence": {"state": "pre-added", "who": ["user:anne"], "prob": 1}}}}], "relations": [{"classId": "support", "type": "linked", "directed": false, "entities": ["s1p1|e_3|173,332", "s1p1|e_2|0,171"], "confidence": {"state": "pre-added", "who": ["user:anne"], "prob": 1}}, {"classId": "support", "type": "linked", "directed": false, "entities": ["s1p1|e_3|334,457", "s1p1|e_2|0,171"], "confidence": {"state": "pre-added", "who": ["user:anne"], "prob": 1}}, {"classId": "support", "type": "linked", "directed": false, "entities": ["s1p1|e_3|704,873", "s1p1|e_2|459,702"], "confidence": {"state": "pre-added", "who": ["user:anne"], "prob": 1}}, {"classId": "support", "type": "linked", "directed": false, "entities": ["s1p2|e_3|318,505", "s1p2|e_2|240,316"], "confidence": {"state": "pre-added", "who": ["user:anne"], "prob": 1}}, {"classId": "support", "type": "linked", "directed": false, "entities": ["s1p2|e_3|660,739", "s1p2|e_2|507,657"], "confidence": {"state": "pre-added", "who": ["user:anne"], "prob": 1}}]}