{"annotatable": {"parts": ["s1p1", "s1p2"]}, "anncomplete": true, "sources": [], "strength_pitch": {"value": "2", "confidence": {"state": "pre-added", "who": ["user:anne"], "prob": 1}}, "entities": [{"classId": "major_claim", "part": "s1p1", "offsets": [{"start": 0, "text": "Das neue Business Model ist eine online Skin Care Plattform, wo man Pflegeprodukte, die von einem unabh\u00e4ngigen Team aus Dermatologinnen und Dermatologen gepr\u00fcft und empfohlen sind, kaufen und abonnieren kann."}], "coordinates": [], "confidence": {"state": "pre-added", "who": ["user:anne"], "prob": 1}, "normalizations": {}, "fields": {"specificity": {"value": "4", "confidence": {"state": "pre-added", "who": ["user:anne"], "prob": 1}}, "evidence": {"value": "3", "confidence": {"state": "pre-added", "who": ["user:anne"], "prob": 1}}}}, {"classId": "claim", "part": "s1p1", "offsets": [{"start": 209, "text": "Die Plattform bietet somit Produkte an, die es so entweder nur bei den Dermatologie Fach\u00e4rzte gibt oder in der Apotheke."}], "coordinates": [], "confidence": {"state": "pre-added", "who": ["user:anne"], "prob": 1}, "normalizations": {}, "fields": {"evidence": {"value": "3", "confidence": {"state": "pre-added", "who": ["user:anne"], "prob": 1}}}}, {"classId": "premise", "part": "s1p1", "offsets": [{"start": 330, "text": "Die Produzenten k\u00f6nnen dadurch ihre Reichweite vergr\u00f6ssern. Die Konsumenten finden bequem und einfach das f\u00fcr sie geeignete Produkt f\u00fcr ihre Haut ohne einen langen Trial and Error Phase zu durchlaufen."}], "coordinates": [], "confidence": {"state": "pre-added", "who": ["user:anne"], "prob": 1}, "normalizations": {}, "fields": {"strength_premise": {"value": "3", "confidence": {"state": "pre-added", "who": ["user:anne"], "prob": 1}}, "relevance_premise": {"value": "3", "confidence": {"state": "pre-added", "who": ["user:anne"], "prob": 1}}}}, {"classId": "claim", "part": "s1p1", "offsets": [{"start": 532, "text": "Die Konsumenten k\u00f6nnen sich per Video-Chat von einem Dermatologen oder von einer Dermatologin beraten lassen."}], "coordinates": [], "confidence": {"state": "pre-added", "who": ["user:anne"], "prob": 1}, "normalizations": {}, "fields": {"evidence": {"value": "3", "confidence": {"state": "pre-added", "who": ["user:anne"], "prob": 1}}}}, {"classId": "premise", "part": "s1p1", "offsets": [{"start": 642, "text": "Ausserdem k\u00f6nnen die Produkte auf der Plattform bewertet und kommentiert werden."}], "coordinates": [], "confidence": {"state": "pre-added", "who": ["user:anne"], "prob": 1}, "normalizations": {}, "fields": {"strength_premise": {"value": "3", "confidence": {"state": "pre-added", "who": ["user:anne"], "prob": 1}}, "relevance_premise": {"value": "3", "confidence": {"state": "pre-added", "who": ["user:anne"], "prob": 1}}}}, {"classId": "claim", "part": "s1p1", "offsets": [{"start": 723, "text": "Die Konsumenten werden in Hauttypen unterteil, damit man sieht, ob ein Kommentar relevant ist."}], "coordinates": [], "confidence": {"state": "pre-added", "who": ["user:anne"], "prob": 1}, "normalizations": {}, "fields": {"evidence": {"value": "3", "confidence": {"state": "pre-added", "who": ["user:anne"], "prob": 1}}}}, {"classId": "premise", "part": "s1p1", "offsets": [{"start": 818, "text": "Mit diesen Bewertungen und vergangenen Kaufentscheide (welche Produkte haben geholfen, welche nicht?) sowie den angegebenen Pr\u00e4ferenzen (keine Tierversuche, vegan) schl\u00e4gt ein Algorithmus f\u00fcr zuk\u00fcnftige K\u00e4ufe passende Pflegeprodukte vor."}], "coordinates": [], "confidence": {"state": "pre-added", "who": ["user:anne"], "prob": 1}, "normalizations": {}, "fields": {"strength_premise": {"value": "3", "confidence": {"state": "pre-added", "who": ["user:anne"], "prob": 1}}, "relevance_premise": {"value": "4", "confidence": {"state": "pre-added", "who": ["user:anne"], "prob": 1}}}}, {"classId": "claim", "part": "s1p1", "offsets": [{"start": 1056, "text": "Zus\u00e4tzlich erlaubt ein Abo dem Konsumenten ohne jeglichen Aufwand, regelm\u00e4ssig seine Pflegeprodukte (das k\u00f6nnen auch Shampoo und Rasierschaum usw. sein) geliefert zu bekommen und zu recyceln."}], "coordinates": [], "confidence": {"state": "pre-added", "who": ["user:anne"], "prob": 1}, "normalizations": {}, "fields": {"evidence": {"value": "4", "confidence": {"state": "pre-added", "who": ["user:anne"], "prob": 1}}}}, {"classId": "premise", "part": "s1p1", "offsets": [{"start": 1248, "text": "F\u00fcr jedes verkaufte Produkt und abgeschlossene Abo wird eine Plattformgeb\u00fchr erhoben, die zwischen Verk\u00e4ufer und K\u00e4ufer geteilt wird."}], "coordinates": [], "confidence": {"state": "pre-added", "who": ["user:anne"], "prob": 1}, "normalizations": {}, "fields": {"strength_premise": {"value": "3", "confidence": {"state": "pre-added", "who": ["user:anne"], "prob": 1}}, "relevance_premise": {"value": "3", "confidence": {"state": "pre-added", "who": ["user:anne"], "prob": 1}}}}, {"classId": "claim", "part": "s1p1", "offsets": [{"start": 1382, "text": "Wenn ein User eine Tele-Beratung mit einem/ einer Dermatologen/-in \u00fcber die Plattform abmacht,"}], "coordinates": [], "confidence": {"state": "pre-added", "who": ["user:anne"], "prob": 1}, "normalizations": {}, "fields": {"evidence": {"value": "3", "confidence": {"state": "pre-added", "who": ["user:anne"], "prob": 1}}}}, {"classId": "premise", "part": "s1p1", "offsets": [{"start": 1477, "text": "zahlt der User den/die Dermatologen/-in direkt. Im Gegenzug erh\u00e4lt die Plattform eine Provision."}], "coordinates": [], "confidence": {"state": "pre-added", "who": ["user:anne"], "prob": 1}, "normalizations": {}, "fields": {"strength_premise": {"value": "3", "confidence": {"state": "pre-added", "who": ["user:anne"], "prob": 1}}, "relevance_premise": {"value": "3", "confidence": {"state": "pre-added", "who": ["user:anne"], "prob": 1}}}}], "relations": [{"classId": "support", "type": "linked", "directed": false, "entities": ["s1p1|e_3|330,530", "s1p1|e_2|209,328"], "confidence": {"state": "pre-added", "who": ["user:anne"], "prob": 1}}, {"classId": "support", "type": "linked", "directed": false, "entities": ["s1p1|e_3|642,721", "s1p1|e_2|532,640"], "confidence": {"state": "pre-added", "who": ["user:anne"], "prob": 1}}, {"classId": "support", "type": "linked", "directed": false, "entities": ["s1p1|e_3|818,1054", "s1p1|e_2|723,816"], "confidence": {"state": "pre-added", "who": ["user:anne"], "prob": 1}}, {"classId": "support", "type": "linked", "directed": false, "entities": ["s1p1|e_3|1248,1380", "s1p1|e_2|1056,1246"], "confidence": {"state": "pre-added", "who": ["user:anne"], "prob": 1}}, {"classId": "support", "type": "linked", "directed": false, "entities": ["s1p1|e_3|1477,1572", "s1p1|e_2|1382,1475"], "confidence": {"state": "pre-added", "who": ["user:anne"], "prob": 1}}]}