{"annotatable": {"parts": ["s1p1", "s1p2", "s1p3", "s1p4", "s1p5"]}, "anncomplete": true, "sources": [], "strength_pitch": {"value": "4", "confidence": {"state": "pre-added", "who": ["user:anne"], "prob": 1}}, "entities": [{"classId": "claim", "part": "s1p1", "offsets": [{"start": 0, "text": "Stell dir vor, du gehst auf einen 10-t\u00e4gigen Surftrip nach Arugam Bay in Sri Lanka und \u00fcberlegst dir jetzt, ob du dein eigenes Surfboard mitnehmen und 200 Franken f\u00fcr Transportkosten zahlen oder dort vor Ort ein Board mieten sollst"}], "coordinates": [], "confidence": {"state": "pre-added", "who": ["user:anne"], "prob": 1}, "normalizations": {}, "fields": {"evidence": {"value": "3", "confidence": {"state": "pre-added", "who": ["user:anne"], "prob": 1}}}}, {"classId": "premise", "part": "s1p1", "offsets": [{"start": 233, "text": "Das grosse Problem ist jedoch, dass Surfboard nicht gleich Surfboard ist, sondern es je nach Skills, Pr\u00e4ferenzen, Bedingungen und Parameter wie Gewicht und Gr\u00f6sse passende und ung\u00fcnstige Surfboards gibt. Entsprechend hast du Angst, dass du dort kein f\u00fcr dich passendes Surfboard finden bzw. enorm viel Zeit f\u00fcr die Suche in den Duzenden Surfshops aufwenden wirst."}], "coordinates": [], "confidence": {"state": "pre-added", "who": ["user:anne"], "prob": 1}, "normalizations": {}, "fields": {"strength_premise": {"value": "4", "confidence": {"state": "pre-added", "who": ["user:anne"], "prob": 1}}, "relevance_premise": {"value": "4", "confidence": {"state": "pre-added", "who": ["user:anne"], "prob": 1}}}}, {"classId": "major_claim", "part": "s1p2", "offsets": [{"start": 0, "text": "Genau dieses Problem soll die Surfboard-Rental-Plattform SurfAway adressieren, indem Surfboard-Rental-Shops ihre zu vermietenden Surfboards auf die Plattform stellen."}], "coordinates": [], "confidence": {"state": "pre-added", "who": ["user:anne"], "prob": 1}, "normalizations": {}, "fields": {"specificity": {"value": "4", "confidence": {"state": "pre-added", "who": ["user:anne"], "prob": 1}}, "evidence": {"value": "4", "confidence": {"state": "pre-added", "who": ["user:anne"], "prob": 1}}}}, {"classId": "claim", "part": "s1p2", "offsets": [{"start": 167, "text": "Kunden wie Du k\u00f6nnen dann bereits im Voraus schauen, ob in der Umgebung ein passendes Surfboard f\u00fcr einen gewissen Zeitraum zur Verf\u00fcgung steht und dieses reservieren und buchen."}], "coordinates": [], "confidence": {"state": "pre-added", "who": ["user:anne"], "prob": 1}, "normalizations": {}, "fields": {"evidence": {"value": "4", "confidence": {"state": "pre-added", "who": ["user:anne"], "prob": 1}}}}, {"classId": "premise", "part": "s1p2", "offsets": [{"start": 346, "text": "Entsprechend bietet die Plattform einerseits f\u00fcr professionellere Surfer Sicherheit, dass sie auch ohne ihre heissgeliebten eigenen Boards gute Surfsessions mit einem qualitativ hochstehenden Surfboard haben werden k\u00f6nnen."}], "coordinates": [], "confidence": {"state": "pre-added", "who": ["user:anne"], "prob": 1}, "normalizations": {}, "fields": {"strength_premise": {"value": "3", "confidence": {"state": "pre-added", "who": ["user:anne"], "prob": 1}}, "relevance_premise": {"value": "4", "confidence": {"state": "pre-added", "who": ["user:anne"], "prob": 1}}}}, {"classId": "premise", "part": "s1p2", "offsets": [{"start": 569, "text": "Ausserdem hat man mit dieser Plattform automatisch einen weltweiten grossen Surfboard Quiver direkt in seiner Hosentasche und ist vielleicht dadurch auch mehr motiviert verschiedene Surfboards zu probieren."}], "coordinates": [], "confidence": {"state": "pre-added", "who": ["user:anne"], "prob": 1}, "normalizations": {}, "fields": {"strength_premise": {"value": "3", "confidence": {"state": "pre-added", "who": ["user:anne"], "prob": 1}}, "relevance_premise": {"value": "3", "confidence": {"state": "pre-added", "who": ["user:anne"], "prob": 1}}}}, {"classId": "premise", "part": "s1p3", "offsets": [{"start": 0, "text": "Andererseits k\u00f6nnen aber auch generell Personen, die vor Ort surfen wollen viel Zeiteffizienter und mit voller Preistransparenz ein Surfboard mieten."}], "coordinates": [], "confidence": {"state": "pre-added", "who": ["user:anne"], "prob": 1}, "normalizations": {}, "fields": {"strength_premise": {"value": "3", "confidence": {"state": "pre-added", "who": ["user:anne"], "prob": 1}}, "relevance_premise": {"value": "4", "confidence": {"state": "pre-added", "who": ["user:anne"], "prob": 1}}}}, {"classId": "claim", "part": "s1p3", "offsets": [{"start": 150, "text": "Da diese Personen im Voraus f\u00fcr die Surfboard Auswahl relevante pers\u00f6nliche Angaben geben k\u00f6nnen, wird auch sichergestellt, dass sie ein f\u00fcr sie passendes Surfboard finden."}], "coordinates": [], "confidence": {"state": "pre-added", "who": ["user:anne"], "prob": 1}, "normalizations": {}, "fields": {"evidence": {"value": "3", "confidence": {"state": "pre-added", "who": ["user:anne"], "prob": 1}}}}, {"classId": "claim", "part": "s1p5", "offsets": [{"start": 0, "text": "Die Plattform wird durch Verwaltungsgeb\u00fchren bei Buchung von Surfboards und Versicherungen monetarisiert."}], "coordinates": [], "confidence": {"state": "pre-added", "who": ["user:anne"], "prob": 1}, "normalizations": {}, "fields": {"evidence": {"value": "3", "confidence": {"state": "pre-added", "who": ["user:anne"], "prob": 1}}}}], "relations": [{"classId": "support", "type": "linked", "directed": false, "entities": ["s1p1|e_3|233,595", "s1p1|e_2|0,230"], "confidence": {"state": "pre-added", "who": ["user:anne"], "prob": 1}}, {"classId": "support", "type": "linked", "directed": false, "entities": ["s1p2|e_3|346,567", "s1p2|e_2|167,344"], "confidence": {"state": "pre-added", "who": ["user:anne"], "prob": 1}}, {"classId": "support", "type": "linked", "directed": false, "entities": ["s1p3|e_3|0,148", "s1p3|e_2|150,321"], "confidence": {"state": "pre-added", "who": ["user:anne"], "prob": 1}}, {"classId": "r_7", "type": "linked", "directed": false, "entities": ["s1p2|e_3|569,774", "s1p2|e_3|346,567"], "confidence": {"state": "pre-added", "who": ["user:anne"], "prob": 1}}]}