{"annotatable": {"parts": ["s1p1", "s1p2", "s1p3", "s1p4", "s1p5", "s1p6", "s1p7"]}, "anncomplete": true, "sources": [], "strength_pitch": {"value": "4", "confidence": {"state": "pre-added", "who": ["user:anne"], "prob": 1}}, "entities": [{"classId": "major_claim", "part": "s1p1", "offsets": [{"start": 0, "text": "Im Gegensatz zu herk\u00f6mmlichen Dogsharing Plattformen, werden \u00fcber die Plattform AniWin Tierbesitzer direkt mit Personen in Kontakt gebracht, die gerne ein Haustier besitzen w\u00fcrden."}], "coordinates": [], "confidence": {"state": "pre-added", "who": ["user:anne"], "prob": 1}, "normalizations": {}, "fields": {"specificity": {"value": "4", "confidence": {"state": "pre-added", "who": ["user:anne"], "prob": 1}}, "evidence": {"value": "3", "confidence": {"state": "pre-added", "who": ["user:anne"], "prob": 1}}}}, {"classId": "claim", "part": "s1p2", "offsets": [{"start": 0, "text": "Adressiert sind einerseits Personen, die sich w\u00fcnschen ein Haustier anzuschaffen, aber dies aufgrund mangelnder Finanzen, Zeit oder sonstigen Gr\u00fcnden nicht leisten k\u00f6nnen."}], "coordinates": [], "confidence": {"state": "pre-added", "who": ["user:anne"], "prob": 1}, "normalizations": {}, "fields": {"evidence": {"value": "3", "confidence": {"state": "pre-added", "who": ["user:anne"], "prob": 1}}}}, {"classId": "premise", "part": "s1p2", "offsets": [{"start": 172, "text": "Diese haben durch die Plattform den Nutzen, sich kein Tier anschaffen zu m\u00fcssen, sondern k\u00f6nnen sich ein Tier ausleihen."}], "coordinates": [], "confidence": {"state": "pre-added", "who": ["user:anne"], "prob": 1}, "normalizations": {}, "fields": {"strength_premise": {"value": "4", "confidence": {"state": "pre-added", "who": ["user:anne"], "prob": 1}}, "relevance_premise": {"value": "4", "confidence": {"state": "pre-added", "who": ["user:anne"], "prob": 1}}}}, {"classId": "claim", "part": "s1p2", "offsets": [{"start": 293, "text": "Andererseits werden Tierbesitzer angesprochen,"}], "coordinates": [], "confidence": {"state": "pre-added", "who": ["user:anne"], "prob": 1}, "normalizations": {}, "fields": {"evidence": {"value": "3", "confidence": {"state": "pre-added", "who": ["user:anne"], "prob": 1}}}}, {"classId": "premise", "part": "s1p2", "offsets": [{"start": 340, "text": "die zeitweise eine Auszeit von ihrem Tier ben\u00f6tigen und dieses an eine andere Person abgeben wollen."}], "coordinates": [], "confidence": {"state": "pre-added", "who": ["user:anne"], "prob": 1}, "normalizations": {}, "fields": {"strength_premise": {"value": "3", "confidence": {"state": "pre-added", "who": ["user:anne"], "prob": 1}}, "relevance_premise": {"value": "3", "confidence": {"state": "pre-added", "who": ["user:anne"], "prob": 1}}}}, {"classId": "claim", "part": "s1p2", "offsets": [{"start": 441, "text": "Beide Parteien sind in der Lage sich aus moralischen Gr\u00fcnden auf die Plattform einzulassen."}], "coordinates": [], "confidence": {"state": "pre-added", "who": ["user:anne"], "prob": 1}, "normalizations": {}, "fields": {"evidence": {"value": "3", "confidence": {"state": "pre-added", "who": ["user:anne"], "prob": 1}}}}, {"classId": "claim", "part": "s1p3", "offsets": [{"start": 0, "text": "Die komplette Leistung wird \u00fcber die Plattform AniWin erbracht, bei der sich beide beteiligten Parteien ein pers\u00f6nliches Profil einrichten und verifizieren (Handynummer)."}], "coordinates": [], "confidence": {"state": "pre-added", "who": ["user:anne"], "prob": 1}, "normalizations": {}, "fields": {"evidence": {"value": "4", "confidence": {"state": "pre-added", "who": ["user:anne"], "prob": 1}}}}, {"classId": "premise", "part": "s1p3", "offsets": [{"start": 171, "text": "Im Profil sind pers\u00f6nliche Daten, wie beispielsweise Alter, Beruf, Bildungsstand, Hobbies, etc. hinterlegt. In einem einstellbaren Radius sind in der Umgebung Profile des Gegen\u00fcbers ersichtlich. Bei den Tierbesitzern ist das Tier, mit Alter, Rasse, Gesundheitszustand und sonstigen Eigenschaften einsehbar."}], "coordinates": [], "confidence": {"state": "pre-added", "who": ["user:anne"], "prob": 1}, "normalizations": {}, "fields": {"strength_premise": {"value": "5", "confidence": {"state": "pre-added", "who": ["user:anne"], "prob": 1}}, "relevance_premise": {"value": "4", "confidence": {"state": "pre-added", "who": ["user:anne"], "prob": 1}}}}, {"classId": "claim", "part": "s1p4", "offsets": [{"start": 0, "text": "Empfinden beide Parteien Sympathie f\u00fcr einander, gibt es einen Match und die Parteien haben Gelegenheit, sich zu kontaktieren."}], "coordinates": [], "confidence": {"state": "pre-added", "who": ["user:anne"], "prob": 1}, "normalizations": {}, "fields": {"evidence": {"value": "3", "confidence": {"state": "pre-added", "who": ["user:anne"], "prob": 1}}}}, {"classId": "premise", "part": "s1p4", "offsets": [{"start": 127, "text": "Durch eine Kalenderfunktion ist es f\u00fcr Tierbesitzer m\u00f6glich, ein Zeitfenster anzugeben, in dem das Tier zur Verf\u00fcgung steht."}], "coordinates": [], "confidence": {"state": "pre-added", "who": ["user:anne"], "prob": 1}, "normalizations": {}, "fields": {"strength_premise": {"value": "3", "confidence": {"state": "pre-added", "who": ["user:anne"], "prob": 1}}, "relevance_premise": {"value": "4", "confidence": {"state": "pre-added", "who": ["user:anne"], "prob": 1}}}}, {"classId": "claim", "part": "s1p4", "offsets": [{"start": 252, "text": "Das Gegen\u00fcber kann sich f\u00fcr Zeitfenster bewerben."}], "coordinates": [], "confidence": {"state": "pre-added", "who": ["user:anne"], "prob": 1}, "normalizations": {}, "fields": {"evidence": {"value": "3", "confidence": {"state": "pre-added", "who": ["user:anne"], "prob": 1}}}}, {"classId": "premise", "part": "s1p4", "offsets": [{"start": 302, "text": "Ist das Zeitfenster f\u00fcr beide Parteien in Ordnung, steht das Tier f\u00fcr die vereinbarte Zeit zur Verf\u00fcgung."}], "coordinates": [], "confidence": {"state": "pre-added", "who": ["user:anne"], "prob": 1}, "normalizations": {}, "fields": {"strength_premise": {"value": "3", "confidence": {"state": "pre-added", "who": ["user:anne"], "prob": 1}}, "relevance_premise": {"value": "4", "confidence": {"state": "pre-added", "who": ["user:anne"], "prob": 1}}}}, {"classId": "claim", "part": "s1p5", "offsets": [{"start": 0, "text": "Nach der R\u00fcckgabe des Tieres sind beide Parteien jeweils verpflichtet, sich gegenseitig zu bewerten."}], "coordinates": [], "confidence": {"state": "pre-added", "who": ["user:anne"], "prob": 1}, "normalizations": {}, "fields": {"evidence": {"value": "3", "confidence": {"state": "pre-added", "who": ["user:anne"], "prob": 1}}}}, {"classId": "premise", "part": "s1p5", "offsets": [{"start": 101, "text": "Diese Bewertungen sind f\u00fcr andere Nutzer der Plattform einsehbar. In der Premium Variante der Plattform stehen zus\u00e4tzliche Features zur Verf\u00fcgung."}], "coordinates": [], "confidence": {"state": "pre-added", "who": ["user:anne"], "prob": 1}, "normalizations": {}, "fields": {"strength_premise": {"value": "3", "confidence": {"state": "pre-added", "who": ["user:anne"], "prob": 1}}, "relevance_premise": {"value": "3", "confidence": {"state": "pre-added", "who": ["user:anne"], "prob": 1}}}}, {"classId": "claim", "part": "s1p6", "offsets": [{"start": 0, "text": "Es wird von einem m\u00f6glichen Marktpotenzial von rund 2 Millionen Nutzern in der Schweiz ausgegangen (siehe Anhang)."}], "coordinates": [], "confidence": {"state": "pre-added", "who": ["user:anne"], "prob": 1}, "normalizations": {}, "fields": {"evidence": {"value": "4", "confidence": {"state": "pre-added", "who": ["user:anne"], "prob": 1}}}}, {"classId": "claim", "part": "s1p7", "offsets": [{"start": 0, "text": "Geld wird einerseits verdient"}], "coordinates": [], "confidence": {"state": "pre-added", "who": ["user:anne"], "prob": 1}, "normalizations": {}, "fields": {"evidence": {"value": "3", "confidence": {"state": "pre-added", "who": ["user:anne"], "prob": 1}}}}, {"classId": "premise", "part": "s1p7", "offsets": [{"start": 31, "text": "in dem Unternehmen, wie beispielsweise Tierfutter- und Tierequipmenthersteller oder Hundeschulen kostenpflichtige Werbung auf der Plattform aufschalten k\u00f6nnen. Ausserdem werden den Usern der Plattform Premiumpakete verkauft."}], "coordinates": [], "confidence": {"state": "pre-added", "who": ["user:anne"], "prob": 1}, "normalizations": {}, "fields": {"strength_premise": {"value": "3", "confidence": {"state": "pre-added", "who": ["user:anne"], "prob": 1}}, "relevance_premise": {"value": "4", "confidence": {"state": "pre-added", "who": ["user:anne"], "prob": 1}}}}], "relations": [{"classId": "support", "type": "linked", "directed": false, "entities": ["s1p2|e_3|172,291", "s1p2|e_2|0,170"], "confidence": {"state": "pre-added", "who": ["user:anne"], "prob": 1}}, {"classId": "support", "type": "linked", "directed": false, "entities": ["s1p2|e_3|340,439", "s1p2|e_2|293,338"], "confidence": {"state": "pre-added", "who": ["user:anne"], "prob": 1}}, {"classId": "support", "type": "linked", "directed": false, "entities": ["s1p3|e_3|171,476", "s1p3|e_2|0,169"], "confidence": {"state": "pre-added", "who": ["user:anne"], "prob": 1}}, {"classId": "support", "type": "linked", "directed": false, "entities": ["s1p4|e_3|127,250", "s1p4|e_2|0,125"], "confidence": {"state": "pre-added", "who": ["user:anne"], "prob": 1}}, {"classId": "support", "type": "linked", "directed": false, "entities": ["s1p4|e_3|302,406", "s1p4|e_2|252,300"], "confidence": {"state": "pre-added", "who": ["user:anne"], "prob": 1}}, {"classId": "support", "type": "linked", "directed": false, "entities": ["s1p5|e_3|101,246", "s1p5|e_2|0,99"], "confidence": {"state": "pre-added", "who": ["user:anne"], "prob": 1}}, {"classId": "support", "type": "linked", "directed": false, "entities": ["s1p7|e_3|31,254", "s1p7|e_2|0,28"], "confidence": {"state": "pre-added", "who": ["user:anne"], "prob": 1}}]}