{"annotatable": {"parts": ["s1p1", "s1p2", "s1p3", "s1p4"]}, "anncomplete": true, "sources": [], "strength_pitch": {"value": "3", "confidence": {"state": "pre-added", "who": ["user:anne"], "prob": 1}}, "entities": [{"classId": "major_claim", "part": "s1p1", "offsets": [{"start": 130, "text": "Die bestehende Plattform bietet dem Kunden gratis Sitzplatzauswahl, spezielle Gep\u00e4ckabgabe Schalter, Fast-Track Sicherheitskontrollen, Speedy Boarding und zus\u00e4tzliches Handgep\u00e4ck."}], "coordinates": [], "confidence": {"state": "pre-added", "who": ["user:anne"], "prob": 1}, "normalizations": {}, "fields": {"specificity": {"value": "3", "confidence": {"state": "pre-added", "who": ["user:anne"], "prob": 1}}, "evidence": {"value": "3", "confidence": {"state": "pre-added", "who": ["user:anne"], "prob": 1}}}}, {"classId": "claim", "part": "s1p2", "offsets": [{"start": 0, "text": "Die neue Plattform bietet dem User die M\u00f6glichkeit bereits w\u00e4hrend oder vor dem Flug an einem der Flugh\u00e4fen verf\u00fcgbaren Gesch \u00e4fte und Restaurants eine Bestellung aufzugeben. Zudem erh\u00e4lt der Passagier per Push Benachrichtigung die Mitteilung, wann das Boarding beginnt,"}], "coordinates": [], "confidence": {"state": "pre-added", "who": ["user:anne"], "prob": 1}, "normalizations": {}, "fields": {"evidence": {"value": "4", "confidence": {"state": "pre-added", "who": ["user:anne"], "prob": 1}}}}, {"classId": "premise", "part": "s1p2", "offsets": [{"start": 271, "text": "um so m\u00f6glichst wenig Zeit am Gate zu verlieren."}], "coordinates": [], "confidence": {"state": "pre-added", "who": ["user:anne"], "prob": 1}, "normalizations": {}, "fields": {"strength_premise": {"value": "3", "confidence": {"state": "pre-added", "who": ["user:anne"], "prob": 1}}, "relevance_premise": {"value": "3", "confidence": {"state": "pre-added", "who": ["user:anne"], "prob": 1}}}}, {"classId": "claim", "part": "s1p2", "offsets": [{"start": 320, "text": "So kann der User die knappe Zeit am Flughafen f\u00fcr seine Bed\u00fcrfnisse effizient einsetzen."}], "coordinates": [], "confidence": {"state": "pre-added", "who": ["user:anne"], "prob": 1}, "normalizations": {}, "fields": {"evidence": {"value": "3", "confidence": {"state": "pre-added", "who": ["user:anne"], "prob": 1}}}}, {"classId": "premise", "part": "s1p2", "offsets": [{"start": 409, "text": "Da auch die M\u00f6glichkeit besteht, \u00fcber die Plattform Zahlungen abzuwickeln, kann der User seine Bestellung schnell und einfach am gew\u00fcnschten Flughafen abholen und verl iert keine Zeit durch Warten oder Anstehen an der Kasse."}], "coordinates": [], "confidence": {"state": "pre-added", "who": ["user:anne"], "prob": 1}, "normalizations": {}, "fields": {"strength_premise": {"value": "4", "confidence": {"state": "pre-added", "who": ["user:anne"], "prob": 1}}, "relevance_premise": {"value": "3", "confidence": {"state": "pre-added", "who": ["user:anne"], "prob": 1}}}}, {"classId": "claim", "part": "s1p3", "offsets": [{"start": 0, "text": "Diese Plattform spricht vor allem User an, welche keine Zeit am Flughafen verlieren m\u00f6chten, trotzdem aber noch beispielsweise ein Geschenk oder eine Mahlzeit ben\u00f6tigen. Spezifisch wurden zwei Zielgruppen definiert."}], "coordinates": [], "confidence": {"state": "pre-added", "who": ["user:anne"], "prob": 1}, "normalizations": {}, "fields": {"evidence": {"value": "3", "confidence": {"state": "pre-added", "who": ["user:anne"], "prob": 1}}}}, {"classId": "premise", "part": "s1p3", "offsets": [{"start": 216, "text": "Einerseits sind dies die privaten Vielflieger, andererseits auch die gesch\u00e4ftlichen Vielflieger. Darin sind alle Altersgruppen eingeschlossen."}], "coordinates": [], "confidence": {"state": "pre-added", "who": ["user:anne"], "prob": 1}, "normalizations": {}, "fields": {"strength_premise": {"value": "3", "confidence": {"state": "pre-added", "who": ["user:anne"], "prob": 1}}, "relevance_premise": {"value": "3", "confidence": {"state": "pre-added", "who": ["user:anne"], "prob": 1}}}}, {"classId": "claim", "part": "s1p4", "offsets": [{"start": 0, "text": "EasyGoing bietet dem User einen praktischen und unvergesslichen Service, welcher Hand in Hand mit easyJet Plus geht."}], "coordinates": [], "confidence": {"state": "pre-added", "who": ["user:anne"], "prob": 1}, "normalizations": {}, "fields": {"evidence": {"value": "4", "confidence": {"state": "pre-added", "who": ["user:anne"], "prob": 1}}}}, {"classId": "premise", "part": "s1p4", "offsets": [{"start": 117, "text": "Durch die Leistungserh\u00f6hung profitiert easyJet von einer steigende Kundenzufriedenheit und einer h\u00f6heren Attraktivit\u00e4t der easyJet Plus Mitgliedschaft. Durch die erh\u00f6hte Kunden- zufriedenheit und der Mitgliedschaft wird auch die Kundenbindung gest\u00e4rkt, dies f\u00fchrt dazu, dass mehr Reisen mit easyJet durchgef\u00fchrt werden. Durch die gewonnene Anzahl an Gesch\u00e4ftskunden werden auch die Flieger besser ausgelastet."}], "coordinates": [], "confidence": {"state": "pre-added", "who": ["user:anne"], "prob": 1}, "normalizations": {}, "fields": {"strength_premise": {"value": "3", "confidence": {"state": "pre-added", "who": ["user:anne"], "prob": 1}}, "relevance_premise": {"value": "4", "confidence": {"state": "pre-added", "who": ["user:anne"], "prob": 1}}}}, {"classId": "claim", "part": "s1p4", "offsets": [{"start": 527, "text": "Zu guter Letzt kann durch eine Provision \u00fcber die Plattform easyGoing zus\u00e4tzlich Gewinn erwirtschaftet werden."}], "coordinates": [], "confidence": {"state": "pre-added", "who": ["user:anne"], "prob": 1}, "normalizations": {}, "fields": {"evidence": {"value": "3", "confidence": {"state": "pre-added", "who": ["user:anne"], "prob": 1}}}}], "relations": [{"classId": "support", "type": "linked", "directed": false, "entities": ["s1p2|e_3|271,318", "s1p2|e_2|0,269"], "confidence": {"state": "pre-added", "who": ["user:anne"], "prob": 1}}, {"classId": "support", "type": "linked", "directed": false, "entities": ["s1p2|e_3|409,632", "s1p2|e_2|320,407"], "confidence": {"state": "pre-added", "who": ["user:anne"], "prob": 1}}, {"classId": "support", "type": "linked", "directed": false, "entities": ["s1p3|e_3|216,357", "s1p3|e_2|0,214"], "confidence": {"state": "pre-added", "who": ["user:anne"], "prob": 1}}, {"classId": "support", "type": "linked", "directed": false, "entities": ["s1p4|e_3|117,525", "s1p4|e_2|0,115"], "confidence": {"state": "pre-added", "who": ["user:anne"], "prob": 1}}]}