{"annotatable": {"parts": ["s1p1", "s1p2"]}, "anncomplete": true, "sources": [], "strength_pitch": {"value": "4", "confidence": {"state": "pre-added", "who": ["user:anne"], "prob": 1}}, "entities": [{"classId": "claim", "part": "s1p1", "offsets": [{"start": 0, "text": "Alleine in der Schweiz gibt es eine enorme Vielzahl an verschiedenen Zeitungen und Zeitschriften."}], "coordinates": [], "confidence": {"state": "pre-added", "who": ["user:anne"], "prob": 1}, "normalizations": {}, "fields": {"evidence": {"value": "4", "confidence": {"state": "pre-added", "who": ["user:anne"], "prob": 1}}}}, {"classId": "major_claim", "part": "s1p1", "offsets": [{"start": 214, "text": "Denn getyournews bietet ein umfassendes Angebot an Artikeln, Podcasts und Videos aus internationalen, nationalen und lokalen Zeitungen und Zeitschriften auf einer einzigen Plattform."}], "coordinates": [], "confidence": {"state": "pre-added", "who": ["user:anne"], "prob": 1}, "normalizations": {}, "fields": {"specificity": {"value": "4", "confidence": {"state": "pre-added", "who": ["user:anne"], "prob": 1}}, "evidence": {"value": "4", "confidence": {"state": "pre-added", "who": ["user:anne"], "prob": 1}}}}, {"classId": "claim", "part": "s1p1", "offsets": [{"start": 397, "text": "Durch die Partnerschaft mit diversen Verlage/Medienh\u00e4user und entsprechenden Application Programming Interface (API)- Schnittstellen wird das Ganze erm\u00f6glicht."}], "coordinates": [], "confidence": {"state": "pre-added", "who": ["user:anne"], "prob": 1}, "normalizations": {}, "fields": {"evidence": {"value": "4", "confidence": {"state": "pre-added", "who": ["user:anne"], "prob": 1}}}}, {"classId": "premise", "part": "s1p1", "offsets": [{"start": 557, "text": "Dabei gibt es verschiedene Abos (Freemium-Modell), die unterschiedliche Zeitungen / Zeitschriften beinhalten."}], "coordinates": [], "confidence": {"state": "pre-added", "who": ["user:anne"], "prob": 1}, "normalizations": {}, "fields": {"strength_premise": {"value": "3", "confidence": {"state": "pre-added", "who": ["user:anne"], "prob": 1}}, "relevance_premise": {"value": "4", "confidence": {"state": "pre-added", "who": ["user:anne"], "prob": 1}}}}, {"classId": "claim", "part": "s1p1", "offsets": [{"start": 667, "text": "Somit ist getyournews eine One-Stop-Shop-L\u00f6sung,"}], "coordinates": [], "confidence": {"state": "pre-added", "who": ["user:anne"], "prob": 1}, "normalizations": {}, "fields": {"evidence": {"value": "3", "confidence": {"state": "pre-added", "who": ["user:anne"], "prob": 1}}}}, {"classId": "premise", "part": "s1p1", "offsets": [{"start": 716, "text": "da nicht f\u00fcr jede Zeitungen jeweils ein Abo abgeschlossen oder eine neue Plattform aufgerufen werden muss. Dies f\u00fchrt nicht nur zu einer Kostenreduktion f\u00fcr den Nutzer sondern auch zu Zeiteinsparung."}], "coordinates": [], "confidence": {"state": "pre-added", "who": ["user:anne"], "prob": 1}, "normalizations": {}, "fields": {"strength_premise": {"value": "3", "confidence": {"state": "pre-added", "who": ["user:anne"], "prob": 1}}, "relevance_premise": {"value": "3", "confidence": {"state": "pre-added", "who": ["user:anne"], "prob": 1}}}}, {"classId": "claim", "part": "s1p1", "offsets": [{"start": 916, "text": "Bei der erstmaligen Anmeldung werden die eigenen Pr\u00e4ferenzen (bez\u00fcglich Themen, Branchen, Medium, Autoren, etc.) erfasst, welche jederzeit angepasst werden k\u00f6nnen."}], "coordinates": [], "confidence": {"state": "pre-added", "who": ["user:anne"], "prob": 1}, "normalizations": {}, "fields": {"evidence": {"value": "3", "confidence": {"state": "pre-added", "who": ["user:anne"], "prob": 1}}}}, {"classId": "premise", "part": "s1p1", "offsets": [{"start": 1080, "text": "Das erstellte Profil wird laufend durch Machine Learning verfeinert, um dem Kunden ein bestm\u00f6glich individualisiertes Angebot zu bieten."}], "coordinates": [], "confidence": {"state": "pre-added", "who": ["user:anne"], "prob": 1}, "normalizations": {}, "fields": {"strength_premise": {"value": "4", "confidence": {"state": "pre-added", "who": ["user:anne"], "prob": 1}}, "relevance_premise": {"value": "4", "confidence": {"state": "pre-added", "who": ["user:anne"], "prob": 1}}}}, {"classId": "claim", "part": "s1p1", "offsets": [{"start": 1217, "text": "Dar\u00fcber hinaus kann ein pers\u00f6nliches Leseziel festgelegt werden, z.B. dass t\u00e4glich zwei Wirtschaftsartikel gelesen und einen Podcast auf Englisch geh\u00f6rt werden"}], "coordinates": [], "confidence": {"state": "pre-added", "who": ["user:anne"], "prob": 1}, "normalizations": {}, "fields": {"evidence": {"value": "4", "confidence": {"state": "pre-added", "who": ["user:anne"], "prob": 1}}}}, {"classId": "premise", "part": "s1p1", "offsets": [{"start": 1378, "text": "Um das Bed\u00fcrfnis nach einem Austausch mit Mitmenschen zu befriedigen und das Community Gef\u00fchl zu st\u00e4rken, werden auf getyournews Diskussionsforen zu bestimmten Thematiken zur Verf\u00fcgung gestellt."}], "coordinates": [], "confidence": {"state": "pre-added", "who": ["user:anne"], "prob": 1}, "normalizations": {}, "fields": {"strength_premise": {"value": "4", "confidence": {"state": "pre-added", "who": ["user:anne"], "prob": 1}}, "relevance_premise": {"value": "4", "confidence": {"state": "pre-added", "who": ["user:anne"], "prob": 1}}}}, {"classId": "claim", "part": "s1p1", "offsets": [{"start": 1573, "text": "Als weiteres Monetarisierungsmodell nebst den Abonnementseinnahmen ist Werbung vorgesehen."}], "coordinates": [], "confidence": {"state": "pre-added", "who": ["user:anne"], "prob": 1}, "normalizations": {}, "fields": {"evidence": {"value": "4", "confidence": {"state": "pre-added", "who": ["user:anne"], "prob": 1}}}}, {"classId": "premise", "part": "s1p1", "offsets": [{"start": 1664, "text": "Diese kann aufgrund der angegebenen Pr\u00e4ferenzen der Nutzer nutzerspezifisch platziert werden, was wiederum einen h\u00f6heren Umsatz verspricht."}], "coordinates": [], "confidence": {"state": "pre-added", "who": ["user:anne"], "prob": 1}, "normalizations": {}, "fields": {"strength_premise": {"value": "3", "confidence": {"state": "pre-added", "who": ["user:anne"], "prob": 1}}, "relevance_premise": {"value": "4", "confidence": {"state": "pre-added", "who": ["user:anne"], "prob": 1}}}}, {"classId": "claim", "part": "s1p2", "offsets": [{"start": 0, "text": "Nicht nur f\u00fcr den Nutzer bietet die Plattform mehrere Vorteile sondern auch f\u00fcr die Verlage/Medienh\u00e4user"}], "coordinates": [], "confidence": {"state": "pre-added", "who": ["user:anne"], "prob": 1}, "normalizations": {}, "fields": {"evidence": {"value": "3", "confidence": {"state": "pre-added", "who": ["user:anne"], "prob": 1}}}}, {"classId": "premise", "part": "s1p2", "offsets": [{"start": 106, "text": "Einerseits profitieren sie von einer gr\u00f6sseren Reichweite, anderseits erhalten sie einen Umsatzanteil von 30% basierend darauf, wie viel Zeit die Leser mit dem Lesen der Verlagsprodukte verbringen. Zudem haben sie Zugang zu einem Datenpool \u00fcber das Leseverhalten der Nutzer."}], "coordinates": [], "confidence": {"state": "pre-added", "who": ["user:anne"], "prob": 1}, "normalizations": {}, "fields": {"strength_premise": {"value": "4", "confidence": {"state": "pre-added", "who": ["user:anne"], "prob": 1}}, "relevance_premise": {"value": "4", "confidence": {"state": "pre-added", "who": ["user:anne"], "prob": 1}}}}], "relations": [{"classId": "support", "type": "linked", "directed": false, "entities": ["s1p1|e_3|557,665", "s1p1|e_2|397,555"], "confidence": {"state": "pre-added", "who": ["user:anne"], "prob": 1}}, {"classId": "support", "type": "linked", "directed": false, "entities": ["s1p1|e_3|716,914", "s1p1|e_2|667,714"], "confidence": {"state": "pre-added", "who": ["user:anne"], "prob": 1}}, {"classId": "support", "type": "linked", "directed": false, "entities": ["s1p1|e_3|1080,1215", "s1p1|e_2|916,1078"], "confidence": {"state": "pre-added", "who": ["user:anne"], "prob": 1}}, {"classId": "support", "type": "linked", "directed": false, "entities": ["s1p1|e_3|1378,1571", "s1p1|e_2|1217,1375"], "confidence": {"state": "pre-added", "who": ["user:anne"], "prob": 1}}, {"classId": "support", "type": "linked", "directed": false, "entities": ["s1p1|e_3|1664,1802", "s1p1|e_2|1573,1662"], "confidence": {"state": "pre-added", "who": ["user:anne"], "prob": 1}}, {"classId": "support", "type": "linked", "directed": false, "entities": ["s1p2|e_3|106,379", "s1p2|e_2|0,103"], "confidence": {"state": "pre-added", "who": ["user:anne"], "prob": 1}}]}