{"annotatable": {"parts": ["s1p1", "s1p2", "s1p3", "s1p4", "s1p5", "s1p6", "s1p7", "s1p8", "s1p9", "s1p10", "s1p11", "s1p12", "s1p13"]}, "anncomplete": true, "sources": [], "strength_pitch": {"value": "3", "confidence": {"state": "pre-added", "who": ["user:anne"], "prob": 1}}, "entities": [{"classId": "claim", "part": "s1p5", "offsets": [{"start": 2, "text": "Verzicht auf Mikroplastik bei Herstellung von Duschmitteln."}], "coordinates": [], "confidence": {"state": "pre-added", "who": ["user:anne"], "prob": 1}, "normalizations": {}, "fields": {"evidence": {"value": "3", "confidence": {"state": "pre-added", "who": ["user:anne"], "prob": 1}}}}, {"classId": "premise", "part": "s1p5", "offsets": [{"start": 62, "text": "Zudem ausschliesslich Nachf\u00fcllbeutel als Verpackungen, welche anschliessend vom Konsumenten in Seifenspender umgef\u00fcllt werden."}], "coordinates": [], "confidence": {"state": "pre-added", "who": ["user:anne"], "prob": 1}, "normalizations": {}, "fields": {"strength_premise": {"value": "4", "confidence": {"state": "pre-added", "who": ["user:anne"], "prob": 1}}, "relevance_premise": {"value": "4", "confidence": {"state": "pre-added", "who": ["user:anne"], "prob": 1}}}}, {"classId": "premise", "part": "s1p5", "offsets": [{"start": 189, "text": "Somit gelangt kein umweltsch\u00e4dliches Mikroplastik mehr in die Gew\u00e4sser und Plastikabfall der Verpackungen kann auf ein Minimum reduziert werden."}], "coordinates": [], "confidence": {"state": "pre-added", "who": ["user:anne"], "prob": 1}, "normalizations": {}, "fields": {"strength_premise": {"value": "4", "confidence": {"state": "pre-added", "who": ["user:anne"], "prob": 1}}, "relevance_premise": {"value": "4", "confidence": {"state": "pre-added", "who": ["user:anne"], "prob": 1}}}}, {"classId": "claim", "part": "s1p6", "offsets": [{"start": 2, "text": "Ausschliesslich Vertrieb durch Onlineshop,"}], "coordinates": [], "confidence": {"state": "pre-added", "who": ["user:anne"], "prob": 1}, "normalizations": {}, "fields": {"evidence": {"value": "3", "confidence": {"state": "pre-added", "who": ["user:anne"], "prob": 1}}}}, {"classId": "premise", "part": "s1p6", "offsets": [{"start": 45, "text": "wodurch CO2-Emissionen eingespart werden geg. Herk\u00f6mmlichen Retailern."}], "coordinates": [], "confidence": {"state": "pre-added", "who": ["user:anne"], "prob": 1}, "normalizations": {}, "fields": {"strength_premise": {"value": "3", "confidence": {"state": "pre-added", "who": ["user:anne"], "prob": 1}}, "relevance_premise": {"value": "3", "confidence": {"state": "pre-added", "who": ["user:anne"], "prob": 1}}}}, {"classId": "claim", "part": "s1p7", "offsets": [{"start": 2, "text": "Abo-Modell erleichtert Kunde das Leben,"}], "coordinates": [], "confidence": {"state": "pre-added", "who": ["user:anne"], "prob": 1}, "normalizations": {}, "fields": {"evidence": {"value": "2", "confidence": {"state": "pre-added", "who": ["user:anne"], "prob": 1}}}}, {"classId": "premise", "part": "s1p7", "offsets": [{"start": 42, "text": "da er nie mehr an Nachbestellung denken muss. Kinderleichte Bedienung per Website/App"}], "coordinates": [], "confidence": {"state": "pre-added", "who": ["user:anne"], "prob": 1}, "normalizations": {}, "fields": {"strength_premise": {"value": "2", "confidence": {"state": "pre-added", "who": ["user:anne"], "prob": 1}}, "relevance_premise": {"value": "2", "confidence": {"state": "pre-added", "who": ["user:anne"], "prob": 1}}}}, {"classId": "claim", "part": "s1p9", "offsets": [{"start": 2, "text": "Abschluss eines Abonnements, welches dem Nutzer in regelm\u00e4ssigen Abst\u00e4nden sein gew\u00fcnschtes Duschmittel (frei von Mikroplastik) zukommen l\u00e4sst, damit sich dieser keine Gedanken mehr um den Einkauf und Nachschub machen muss."}], "coordinates": [], "confidence": {"state": "pre-added", "who": ["user:anne"], "prob": 1}, "normalizations": {}, "fields": {"evidence": {"value": "3", "confidence": {"state": "pre-added", "who": ["user:anne"], "prob": 1}}}}, {"classId": "premise", "part": "s1p10", "offsets": [{"start": 2, "text": "Dabei wird (einmalig) ein Starterpaket angeboten, welches einen Seifenspender zur regelm\u00e4ssigen Wiederauff\u00fcllung sowie einen Nachf\u00fcllbeutel beinhaltet."}], "coordinates": [], "confidence": {"state": "pre-added", "who": ["user:anne"], "prob": 1}, "normalizations": {}, "fields": {"strength_premise": {"value": "3", "confidence": {"state": "pre-added", "who": ["user:anne"], "prob": 1}}, "relevance_premise": {"value": "3", "confidence": {"state": "pre-added", "who": ["user:anne"], "prob": 1}}}}, {"classId": "claim", "part": "s1p11", "offsets": [{"start": 2, "text": "Der Nutzer wird nach seiner Meinung gefragt nachdem er das Duschmittel die ersten zwei Wochen verwendet hat und gibt zudem an wieviel Duschmittel noch im Spender vorhanden ist"}], "coordinates": [], "confidence": {"state": "pre-added", "who": ["user:anne"], "prob": 1}, "normalizations": {}, "fields": {"evidence": {"value": "3", "confidence": {"state": "pre-added", "who": ["user:anne"], "prob": 1}}}}, {"classId": "premise", "part": "s1p11", "offsets": [{"start": 179, "text": "Anhand dieser Angaben wird dem Nutzer anschliessend ein Angebot unterbreitet, um die Duschmittel auf regelm\u00e4ssiger Basis zugesendet zu bekommen. Des Weiteren wird der Nutzer nach seinem Feedback gefragt und auf weitere D\u00fcfte aufmerksam gemacht."}], "coordinates": [], "confidence": {"state": "pre-added", "who": ["user:anne"], "prob": 1}, "normalizations": {}, "fields": {"strength_premise": {"value": "4", "confidence": {"state": "pre-added", "who": ["user:anne"], "prob": 1}}, "relevance_premise": {"value": "4", "confidence": {"state": "pre-added", "who": ["user:anne"], "prob": 1}}}}], "relations": [{"classId": "support", "type": "linked", "directed": false, "entities": ["s1p5|e_3|62,187", "s1p5|e_2|2,60"], "confidence": {"state": "pre-added", "who": ["user:anne"], "prob": 1}}, {"classId": "support", "type": "linked", "directed": false, "entities": ["s1p6|e_3|45,114", "s1p6|e_2|2,43"], "confidence": {"state": "pre-added", "who": ["user:anne"], "prob": 1}}, {"classId": "support", "type": "linked", "directed": false, "entities": ["s1p7|e_3|42,126", "s1p7|e_2|2,40"], "confidence": {"state": "pre-added", "who": ["user:anne"], "prob": 1}}, {"classId": "support", "type": "linked", "directed": false, "entities": ["s1p10|e_3|2,152", "s1p9|e_2|2,224"], "confidence": {"state": "pre-added", "who": ["user:anne"], "prob": 1}}, {"classId": "support", "type": "linked", "directed": false, "entities": ["s1p11|e_3|179,422", "s1p11|e_2|2,176"], "confidence": {"state": "pre-added", "who": ["user:anne"], "prob": 1}}]}