{"annotatable": {"parts": ["s1p1"]}, "anncomplete": true, "sources": [], "strength_pitch": {"value": "4", "confidence": {"state": "pre-added", "who": ["user:anne"], "prob": 1}}, "entities": [{"classId": "major_claim", "part": "s1p1", "offsets": [{"start": 398, "text": "Deshalb gibt es BoatsBoatsBoats! Die Plattform leitet basierend auf den Angaben der Nutzer (Alter, Anzahl involvierten Personen, Zeitdatum, sportliches Niveau, Zahlungsbereitschaft, Wohnort, etc.) personalisierte Vorschl\u00e4ge zu m\u00f6glichen Aktivit\u00e4ten auf Schweizer Seen."}], "coordinates": [], "confidence": {"state": "pre-added", "who": ["user:anne"], "prob": 1}, "normalizations": {}, "fields": {"specificity": {"value": "4", "confidence": {"state": "pre-added", "who": ["user:anne"], "prob": 1}}, "evidence": {"value": "4", "confidence": {"state": "pre-added", "who": ["user:anne"], "prob": 1}}}}, {"classId": "claim", "part": "s1p1", "offsets": [{"start": 667, "text": "In einem zweiten Schritt werden zu der ausgesuchter Aktivit\u00e4t beziehungsweise des ausgesuchte Angebotes,"}], "coordinates": [], "confidence": {"state": "pre-added", "who": ["user:anne"], "prob": 1}, "normalizations": {}, "fields": {"evidence": {"value": "4", "confidence": {"state": "pre-added", "who": ["user:anne"], "prob": 1}}}}, {"classId": "premise", "part": "s1p1", "offsets": [{"start": 772, "text": "sei das ein Stand-Up-Paddle, ein Wakeboarding-Boot, ein Segelboot oder ein Ruderboot, gleich noch alle auf der Plattform registrierten Anbieter angezeigt und Versicherungsm\u00f6glichkeiten f\u00fcr die Mietung aufgelistet."}], "coordinates": [], "confidence": {"state": "pre-added", "who": ["user:anne"], "prob": 1}, "normalizations": {}, "fields": {"strength_premise": {"value": "3", "confidence": {"state": "pre-added", "who": ["user:anne"], "prob": 1}}, "relevance_premise": {"value": "3", "confidence": {"state": "pre-added", "who": ["user:anne"], "prob": 1}}}}, {"classId": "claim", "part": "s1p1", "offsets": [{"start": 986, "text": "So findet man schnell und einfach den n\u00e4chstgelegten oder g\u00fcnstigsten Vermieter und die passende Versicherung,"}], "coordinates": [], "confidence": {"state": "pre-added", "who": ["user:anne"], "prob": 1}, "normalizations": {}, "fields": {"evidence": {"value": "3", "confidence": {"state": "pre-added", "who": ["user:anne"], "prob": 1}}}}, {"classId": "premise", "part": "s1p1", "offsets": [{"start": 1097, "text": "abgestimmt auf den gew\u00e4hlten Mietgegenstand."}], "coordinates": [], "confidence": {"state": "pre-added", "who": ["user:anne"], "prob": 1}, "normalizations": {}, "fields": {"strength_premise": {"value": "3", "confidence": {"state": "pre-added", "who": ["user:anne"], "prob": 1}}, "relevance_premise": {"value": "3", "confidence": {"state": "pre-added", "who": ["user:anne"], "prob": 1}}}}, {"classId": "claim", "part": "s1p1", "offsets": [{"start": 1142, "text": "BoatsBoatsBoats ist folglich f\u00fcr alle Personen,"}], "coordinates": [], "confidence": {"state": "pre-added", "who": ["user:anne"], "prob": 1}, "normalizations": {}, "fields": {"evidence": {"value": "3", "confidence": {"state": "pre-added", "who": ["user:anne"], "prob": 1}}}}, {"classId": "premise", "part": "s1p1", "offsets": [{"start": 1190, "text": "welche gerne die optimale Aktivit\u00e4t auf dem Z\u00fcrichsee und den optimalen Bootsanbieter bez\u00fcglich Preis, N\u00e4he zum Wohnort, Peer-Bewertungen der Anbieter und/oder Verf\u00fcgbarkeit finden wollen."}], "coordinates": [], "confidence": {"state": "pre-added", "who": ["user:anne"], "prob": 1}, "normalizations": {}, "fields": {"strength_premise": {"value": "3", "confidence": {"state": "pre-added", "who": ["user:anne"], "prob": 1}}, "relevance_premise": {"value": "3", "confidence": {"state": "pre-added", "who": ["user:anne"], "prob": 1}}}}, {"classId": "claim", "part": "s1p1", "offsets": [{"start": 1379, "text": "Zudem spricht die Plattform spontane Menschen an,"}], "coordinates": [], "confidence": {"state": "pre-added", "who": ["user:anne"], "prob": 1}, "normalizations": {}, "fields": {"evidence": {"value": "4", "confidence": {"state": "pre-added", "who": ["user:anne"], "prob": 1}}}}, {"classId": "premise", "part": "s1p1", "offsets": [{"start": 1429, "text": "welche dank aktuellen Verf\u00fcgbarkeitsdaten der Mietgegenst\u00e4nden in ihrer Gegend kurzfristig Pl\u00e4ne f\u00fcr auf den See schmieden wollen. Dadurch kommt der Kunde dank der Plattform einfach und transparent zu personalisierten Bootangebotsvorschl\u00e4gen und Anbietervergleich."}], "coordinates": [], "confidence": {"state": "pre-added", "who": ["user:anne"], "prob": 1}, "normalizations": {}, "fields": {"strength_premise": {"value": "3", "confidence": {"state": "pre-added", "who": ["user:anne"], "prob": 1}}, "relevance_premise": {"value": "4", "confidence": {"state": "pre-added", "who": ["user:anne"], "prob": 1}}}}, {"classId": "claim", "part": "s1p1", "offsets": [{"start": 1694, "text": "Ausserdem kann er bequem das gew\u00fcnschte Boot zeit- und ortsunabh\u00e4ngig auf der Plattform buchen und bezahlen"}], "coordinates": [], "confidence": {"state": "pre-added", "who": ["user:anne"], "prob": 1}, "normalizations": {}, "fields": {"evidence": {"value": "3", "confidence": {"state": "pre-added", "who": ["user:anne"], "prob": 1}}}}, {"classId": "premise", "part": "s1p1", "offsets": [{"start": 1803, "text": "Bootsvermieter k\u00f6nnen den Plattformbetreibern eine Platzierungsanfrage f\u00fcr ihre Angebote senden. Bei erfolgreicher Annahme der Angebote werden diese auf der Plattform ver\u00f6ffentlicht und die Bootsvermieter erhalten ein Log-In, damit sie die Website stets mit aktuellen Verf\u00fcgbarkeitsdaten updaten k\u00f6nnen und, falls gew\u00fcnscht, Spezialangebote platzieren sowie Preise anpassen k\u00f6nnen"}], "coordinates": [], "confidence": {"state": "pre-added", "who": ["user:anne"], "prob": 1}, "normalizations": {}, "fields": {"strength_premise": {"value": "4", "confidence": {"state": "pre-added", "who": ["user:anne"], "prob": 1}}, "relevance_premise": {"value": "4", "confidence": {"state": "pre-added", "who": ["user:anne"], "prob": 1}}}}, {"classId": "claim", "part": "s1p1", "offsets": [{"start": 2185, "text": "Die Plattformbetreiber verdienen dabei prozentual bei jeder Miete und Versicherung"}], "coordinates": [], "confidence": {"state": "pre-added", "who": ["user:anne"], "prob": 1}, "normalizations": {}, "fields": {"evidence": {"value": "4", "confidence": {"state": "pre-added", "who": ["user:anne"], "prob": 1}}}}, {"classId": "premise", "part": "s1p1", "offsets": [{"start": 2269, "text": "welche \u00fcber die Plattform abgewickelt werden."}], "coordinates": [], "confidence": {"state": "pre-added", "who": ["user:anne"], "prob": 1}, "normalizations": {}, "fields": {"strength_premise": {"value": "3", "confidence": {"state": "pre-added", "who": ["user:anne"], "prob": 1}}, "relevance_premise": {"value": "3", "confidence": {"state": "pre-added", "who": ["user:anne"], "prob": 1}}}}], "relations": [{"classId": "support", "type": "linked", "directed": false, "entities": ["s1p1|e_3|1097,1140", "s1p1|e_2|986,1095"], "confidence": {"state": "pre-added", "who": ["user:anne"], "prob": 1}}, {"classId": "support", "type": "linked", "directed": false, "entities": ["s1p1|e_3|1190,1377", "s1p1|e_2|1142,1188"], "confidence": {"state": "pre-added", "who": ["user:anne"], "prob": 1}}, {"classId": "support", "type": "linked", "directed": false, "entities": ["s1p1|e_3|1429,1692", "s1p1|e_2|1379,1427"], "confidence": {"state": "pre-added", "who": ["user:anne"], "prob": 1}}, {"classId": "support", "type": "linked", "directed": false, "entities": ["s1p1|e_3|1803,2182", "s1p1|e_2|1694,1800"], "confidence": {"state": "pre-added", "who": ["user:anne"], "prob": 1}}, {"classId": "support", "type": "linked", "directed": false, "entities": ["s1p1|e_3|2269,2313", "s1p1|e_2|2185,2266"], "confidence": {"state": "pre-added", "who": ["user:anne"], "prob": 1}}]}