{"annotatable": {"parts": ["s1p1", "s1p2", "s1p3", "s1p4", "s1p5", "s1p6"]}, "anncomplete": true, "sources": [], "strength_pitch": {"value": "4", "confidence": {"state": "pre-added", "who": ["user:anne"], "prob": 1}}, "entities": [{"classId": "major_claim", "part": "s1p1", "offsets": [{"start": 0, "text": "FitnessFlex ist eine Plattform, die Sportbegeisterten den Zugang zu Sportaktivit\u00e4ten so einfach wie m\u00f6glich gestaltet. Der Kunde kann bei FitnessFlex eine Auswahl aus tausenden Aktivit\u00e4ten, wie Fitness, Yoga, Schwimmen, Bouldern und vielem mehr treffen, die ihm nicht nur Abwechslung, sondern auch Flexibilit\u00e4t in seine sportlichen T\u00e4tigkeiten bringt."}], "coordinates": [], "confidence": {"state": "pre-added", "who": ["user:anne"], "prob": 1}, "normalizations": {}, "fields": {"specificity": {"value": "4", "confidence": {"state": "pre-added", "who": ["user:anne"], "prob": 1}}, "evidence": {"value": "4", "confidence": {"state": "pre-added", "who": ["user:anne"], "prob": 1}}}}, {"classId": "claim", "part": "s1p3", "offsets": [{"start": 0, "text": "Mit der digitalen Mitgliedschaft per App sind Convenience & Effizienz garantiert:"}], "coordinates": [], "confidence": {"state": "pre-added", "who": ["user:anne"], "prob": 1}, "normalizations": {}, "fields": {"evidence": {"value": "3", "confidence": {"state": "pre-added", "who": ["user:anne"], "prob": 1}}}}, {"classId": "premise", "part": "s1p3", "offsets": [{"start": 82, "text": "nach Download der App erfolgt die Registrierung und Auswahl des Tarifs. Sportinteressierte haben die M\u00f6glichkeit, aus vier verschiedenen Paketen zu w\u00e4hlen, die \u00fcber die erlaubten Check-Ins, also tats\u00e4chliche Trainings, pro Monat entscheiden."}], "coordinates": [], "confidence": {"state": "pre-added", "who": ["user:anne"], "prob": 1}, "normalizations": {}, "fields": {"strength_premise": {"value": "3", "confidence": {"state": "pre-added", "who": ["user:anne"], "prob": 1}}, "relevance_premise": {"value": "4", "confidence": {"state": "pre-added", "who": ["user:anne"], "prob": 1}}}}, {"classId": "claim", "part": "s1p4", "offsets": [{"start": 0, "text": "In seinem pers\u00f6nlichen Nutzerprofil kann der User anschliessend seine Fitness-Ziele eintragen,"}], "coordinates": [], "confidence": {"state": "pre-added", "who": ["user:anne"], "prob": 1}, "normalizations": {}, "fields": {"evidence": {"value": "3", "confidence": {"state": "pre-added", "who": ["user:anne"], "prob": 1}}}}, {"classId": "premise", "part": "s1p4", "offsets": [{"start": 95, "text": "die ihm als Motivation dienen sollen."}], "coordinates": [], "confidence": {"state": "pre-added", "who": ["user:anne"], "prob": 1}, "normalizations": {}, "fields": {"strength_premise": {"value": "3", "confidence": {"state": "pre-added", "who": ["user:anne"], "prob": 1}}, "relevance_premise": {"value": "4", "confidence": {"state": "pre-added", "who": ["user:anne"], "prob": 1}}}}, {"classId": "claim", "part": "s1p4", "offsets": [{"start": 133, "text": "Der Buchungsprozess und der Check-In vor Ort sind einfach und bequem: Auf der Website oder in der App sucht der Kunde nach einem Kurs oder freiem Training."}], "coordinates": [], "confidence": {"state": "pre-added", "who": ["user:anne"], "prob": 1}, "normalizations": {}, "fields": {"evidence": {"value": "4", "confidence": {"state": "pre-added", "who": ["user:anne"], "prob": 1}}}}, {"classId": "premise", "part": "s1p4", "offsets": [{"start": 289, "text": "Der User checkt ein, indem er den QR-Code scannt und schon kann er das Training absolvieren. Im Nachgang auf das Training tr\u00e4gt er entweder manuell seine Fortschritte in der App ein oder die aktuellen Trainingsdaten werden \u2013 sofern der User den Fitness-Tracker des Kooperationspartners besitzt \u2013 automatisiert in die App \u00fcbertragen und aufbereitet."}], "coordinates": [], "confidence": {"state": "pre-added", "who": ["user:anne"], "prob": 1}, "normalizations": {}, "fields": {"strength_premise": {"value": "4", "confidence": {"state": "pre-added", "who": ["user:anne"], "prob": 1}}, "relevance_premise": {"value": "4", "confidence": {"state": "pre-added", "who": ["user:anne"], "prob": 1}}}}, {"classId": "premise", "part": "s1p4", "offsets": [{"start": 638, "text": "Zus\u00e4tzlich kann der User Posts verfassen, die er mit der FitnessFlex-Community teilt. Das soziale Fitnessnetzwerk erh\u00f6ht den Ansporn und hilft Motivation f\u00fcr weitere Sportaktivit\u00e4ten zu erhalten."}], "coordinates": [], "confidence": {"state": "pre-added", "who": ["user:anne"], "prob": 1}, "normalizations": {}, "fields": {"strength_premise": {"value": "4", "confidence": {"state": "pre-added", "who": ["user:anne"], "prob": 1}}, "relevance_premise": {"value": "4", "confidence": {"state": "pre-added", "who": ["user:anne"], "prob": 1}}}}, {"classId": "claim", "part": "s1p5", "offsets": [{"start": 0, "text": "Doch neben dem Komfort f\u00fcr den User profitieren auch die Partnerstudios von FitnessFlex als B2C-Plattform."}], "coordinates": [], "confidence": {"state": "pre-added", "who": ["user:anne"], "prob": 1}, "normalizations": {}, "fields": {"evidence": {"value": "4", "confidence": {"state": "pre-added", "who": ["user:anne"], "prob": 1}}}}, {"classId": "premise", "part": "s1p5", "offsets": [{"start": 107, "text": "FitnessFlex schliesst Kooperationen mit unterschiedlichen Studios ab, die sich so durch die neugewonnenen Kunden an gef\u00fcllten Studios und Stunden erfreuen."}], "coordinates": [], "confidence": {"state": "pre-added", "who": ["user:anne"], "prob": 1}, "normalizations": {}, "fields": {"strength_premise": {"value": "3", "confidence": {"state": "pre-added", "who": ["user:anne"], "prob": 1}}, "relevance_premise": {"value": "3", "confidence": {"state": "pre-added", "who": ["user:anne"], "prob": 1}}}}, {"classId": "premise", "part": "s1p5", "offsets": [{"start": 263, "text": "Somit kommen \u00fcber FitnessFlex auch Hobbysportler in die Studios, die sonst keinen Vertrag mit dem jeweiligen Anbieter geschlossen h\u00e4tten. FitnessFlex bezahlt die Studios abz\u00fcglich einer Provision."}], "coordinates": [], "confidence": {"state": "pre-added", "who": ["user:anne"], "prob": 1}, "normalizations": {}, "fields": {"strength_premise": {"value": "3", "confidence": {"state": "pre-added", "who": ["user:anne"], "prob": 1}}, "relevance_premise": {"value": "4", "confidence": {"state": "pre-added", "who": ["user:anne"], "prob": 1}}}}], "relations": [{"classId": "support", "type": "linked", "directed": false, "entities": ["s1p3|e_3|82,322", "s1p3|e_2|0,80"], "confidence": {"state": "pre-added", "who": ["user:anne"], "prob": 1}}, {"classId": "support", "type": "linked", "directed": false, "entities": ["s1p4|e_3|95,131", "s1p4|e_2|0,93"], "confidence": {"state": "pre-added", "who": ["user:anne"], "prob": 1}}, {"classId": "support", "type": "linked", "directed": false, "entities": ["s1p4|e_3|289,636", "s1p4|e_2|133,287"], "confidence": {"state": "pre-added", "who": ["user:anne"], "prob": 1}}, {"classId": "support", "type": "linked", "directed": false, "entities": ["s1p5|e_3|107,261", "s1p5|e_2|0,105"], "confidence": {"state": "pre-added", "who": ["user:anne"], "prob": 1}}, {"classId": "support", "type": "linked", "directed": false, "entities": ["s1p5|e_3|263,458", "s1p5|e_2|0,105"], "confidence": {"state": "pre-added", "who": ["user:anne"], "prob": 1}}, {"classId": "r_7", "type": "linked", "directed": false, "entities": ["s1p4|e_3|638,832", "s1p4|e_3|289,636"], "confidence": {"state": "pre-added", "who": ["user:anne"], "prob": 1}}]}