{"annotatable": {"parts": ["s1p1", "s1p2", "s1p3", "s1p4"]}, "anncomplete": true, "sources": [], "strength_pitch": {"value": "3", "confidence": {"state": "pre-added", "who": ["user:anne"], "prob": 1}}, "entities": [{"classId": "claim", "part": "s1p1", "offsets": [{"start": 0, "text": "Die Nachfrage nach Campern in der Schweiz stieg in den letzten Jahren deutlich an."}], "coordinates": [], "confidence": {"state": "pre-added", "who": ["user:anne"], "prob": 1}, "normalizations": {}, "fields": {"evidence": {"value": "4", "confidence": {"state": "pre-added", "who": ["user:anne"], "prob": 1}}}}, {"classId": "premise", "part": "s1p1", "offsets": [{"start": 83, "text": "Dies wird beispielsweise in dem Zuwachs von 44,9 Prozent importierter Camper gem\u00e4ss der Importeursvereinigung Auto-Schweiz deutlich, oder weiter durch Rekord-Besucherzahlen an der Caravan Messe in Bern. Dies ist gem\u00e4ss dem Messeleiter haupts\u00e4chlich auf ein Zuwachs von j\u00fcngerem Publikum zur\u00fcckzuschliessen."}], "coordinates": [], "confidence": {"state": "pre-added", "who": ["user:anne"], "prob": 1}, "normalizations": {}, "fields": {"strength_premise": {"value": "4", "confidence": {"state": "pre-added", "who": ["user:anne"], "prob": 1}}, "relevance_premise": {"value": "4", "confidence": {"state": "pre-added", "who": ["user:anne"], "prob": 1}}}}, {"classId": "major_claim", "part": "s1p2", "offsets": [{"start": 0, "text": "Die Camper-Vermietungs-Plattform \u201emi camper es su camper\u201c m\u00f6chte diesen Trend nutzen."}], "coordinates": [], "confidence": {"state": "pre-added", "who": ["user:anne"], "prob": 1}, "normalizations": {}, "fields": {"specificity": {"value": "4", "confidence": {"state": "pre-added", "who": ["user:anne"], "prob": 1}}, "evidence": {"value": "4", "confidence": {"state": "pre-added", "who": ["user:anne"], "prob": 1}}}}, {"classId": "claim", "part": "s1p2", "offsets": [{"start": 86, "text": "Viele Anbieter in diesem Bereich sind leider jedoch sehr intransparent in Bezug auf die Kosten (z.B. je nach Zeit bzw. Nachfrage)"}], "coordinates": [], "confidence": {"state": "pre-added", "who": ["user:anne"], "prob": 1}, "normalizations": {}, "fields": {"evidence": {"value": "4", "confidence": {"state": "pre-added", "who": ["user:anne"], "prob": 1}}}}, {"classId": "premise", "part": "s1p2", "offsets": [{"start": 217, "text": "Weiter werden wenig bis gar keine zus\u00e4tzliche Services oder Zusatzprodukte angeboten. Aus diesem Grund kann einerseits durch ein vereinfachter und transparenter Onlineauftritt aber auch durch Zusatzleistungen wie einer zentralen Anlaufstelle (beispielweise auch in Form eines Chatbots mit AI) dem Kunden die Reise angenehmer gemacht werden."}], "coordinates": [], "confidence": {"state": "pre-added", "who": ["user:anne"], "prob": 1}, "normalizations": {}, "fields": {"strength_premise": {"value": "4", "confidence": {"state": "pre-added", "who": ["user:anne"], "prob": 1}}, "relevance_premise": {"value": "4", "confidence": {"state": "pre-added", "who": ["user:anne"], "prob": 1}}}}, {"classId": "claim", "part": "s1p3", "offsets": [{"start": 0, "text": "Dies wird weiter angetrieben durch Megatrends wie Nachhaltigkeit und Sharing."}], "coordinates": [], "confidence": {"state": "pre-added", "who": ["user:anne"], "prob": 1}, "normalizations": {}, "fields": {"evidence": {"value": "4", "confidence": {"state": "pre-added", "who": ["user:anne"], "prob": 1}}}}, {"classId": "premise", "part": "s1p3", "offsets": [{"start": 78, "text": "Ersteres wird durch die Substitutionsbeziehung zu Reisen, die einen Flug ben\u00f6tigen, und durch die Pflanzung von 10 B\u00e4umen bei 1000 Kilometern abgedeckt. Zweiteres wird durch die M\u00f6glichkeit von der Vermietung von einem eigenen Camper auf der Plattform erreicht."}], "coordinates": [], "confidence": {"state": "pre-added", "who": ["user:anne"], "prob": 1}, "normalizations": {}, "fields": {"strength_premise": {"value": "4", "confidence": {"state": "pre-added", "who": ["user:anne"], "prob": 1}}, "relevance_premise": {"value": "4", "confidence": {"state": "pre-added", "who": ["user:anne"], "prob": 1}}}}, {"classId": "claim", "part": "s1p4", "offsets": [{"start": 0, "text": "Allgemein soll folglich eine wachsende Nachfrage mit einer skalierbaren und der Konkurrenz \u00fcberlegenen Leistungserstellung befriedigt werden."}], "coordinates": [], "confidence": {"state": "pre-added", "who": ["user:anne"], "prob": 1}, "normalizations": {}, "fields": {"evidence": {"value": "4", "confidence": {"state": "pre-added", "who": ["user:anne"], "prob": 1}}}}], "relations": [{"classId": "support", "type": "linked", "directed": false, "entities": ["s1p2|e_3|217,556", "s1p2|e_2|86,214"], "confidence": {"state": "pre-added", "who": ["user:anne"], "prob": 1}}, {"classId": "support", "type": "linked", "directed": false, "entities": ["s1p3|e_3|78,338", "s1p3|e_2|0,76"], "confidence": {"state": "pre-added", "who": ["user:anne"], "prob": 1}}]}