{"annotatable": {"parts": ["s1p1", "s1p2", "s1p3"]}, "anncomplete": true, "sources": [], "strength_pitch": {"value": "4", "confidence": {"state": "pre-added", "who": ["user:anne"], "prob": 1}}, "entities": [{"classId": "major_claim", "part": "s1p1", "offsets": [{"start": 0, "text": "Die Plattform Flying with Locals richtet sich an all diejenigen, die einen einzigartigen Gleitschirmflug mit einem lokalen Piloten erleben m\u00f6chten und der Kommerzialisierung des Gleitschirmfliegens aus dem Weg gehen m\u00f6chten."}], "coordinates": [], "confidence": {"state": "pre-added", "who": ["user:anne"], "prob": 1}, "normalizations": {}, "fields": {"specificity": {"value": "4", "confidence": {"state": "pre-added", "who": ["user:anne"], "prob": 1}}, "evidence": {"value": "4", "confidence": {"state": "pre-added", "who": ["user:anne"], "prob": 1}}}}, {"classId": "claim", "part": "s1p2", "offsets": [{"start": 0, "text": "Die Plattform erm\u00f6glicht den lokalen Anbieter unabh\u00e4ngig von einer Flugschule Fl\u00fcge anzubieten und an Kunden zu kommen."}], "coordinates": [], "confidence": {"state": "pre-added", "who": ["user:anne"], "prob": 1}, "normalizations": {}, "fields": {"evidence": {"value": "3", "confidence": {"state": "pre-added", "who": ["user:anne"], "prob": 1}}}}, {"classId": "premise", "part": "s1p2", "offsets": [{"start": 120, "text": "Auf der anderen Seite vereinfacht die Plattform den Buchungsprozess f\u00fcr alle."}], "coordinates": [], "confidence": {"state": "pre-added", "who": ["user:anne"], "prob": 1}, "normalizations": {}, "fields": {"strength_premise": {"value": "3", "confidence": {"state": "pre-added", "who": ["user:anne"], "prob": 1}}, "relevance_premise": {"value": "3", "confidence": {"state": "pre-added", "who": ["user:anne"], "prob": 1}}}}, {"classId": "claim", "part": "s1p2", "offsets": [{"start": 198, "text": "Der gesamte Buchungsprozess eines Gleitschirmfluges kann online durchgef\u00fchrt werden."}], "coordinates": [], "confidence": {"state": "pre-added", "who": ["user:anne"], "prob": 1}, "normalizations": {}, "fields": {"evidence": {"value": "3", "confidence": {"state": "pre-added", "who": ["user:anne"], "prob": 1}}}}, {"classId": "claim", "part": "s1p2", "offsets": [{"start": 380, "text": "Auf der Plattform kann nicht nur die Buchung inklusive Bezahlung erfolgen, sondern es werden auch alle Informationen rund um den Flug bereitgestellt."}], "coordinates": [], "confidence": {"state": "pre-added", "who": ["user:anne"], "prob": 1}, "normalizations": {}, "fields": {"evidence": {"value": "3", "confidence": {"state": "pre-added", "who": ["user:anne"], "prob": 1}}}}, {"classId": "premise", "part": "s1p2", "offsets": [{"start": 530, "text": "Zus\u00e4tzlich entsteht durch die Plattform eine Gleitschirmcommunity, die es sowohl den Piloten als auch den Kunden erm\u00f6glicht, im Austausch mit anderen zu sein, Bewertungen zu lesen, Bilder auszutauschen etc."}], "coordinates": [], "confidence": {"state": "pre-added", "who": ["user:anne"], "prob": 1}, "normalizations": {}, "fields": {"strength_premise": {"value": "4", "confidence": {"state": "pre-added", "who": ["user:anne"], "prob": 1}}, "relevance_premise": {"value": "4", "confidence": {"state": "pre-added", "who": ["user:anne"], "prob": 1}}}}], "relations": [{"classId": "support", "type": "linked", "directed": false, "entities": ["s1p2|e_2|198,281", "s1p2|e_3|120,196"], "confidence": {"state": "pre-added", "who": ["user:anne"], "prob": 1}}, {"classId": "support", "type": "linked", "directed": false, "entities": ["s1p2|e_3|530,735", "s1p2|e_2|380,528"], "confidence": {"state": "pre-added", "who": ["user:anne"], "prob": 1}}]}