{"annotatable": {"parts": ["s1p1", "s1p2", "s1p3", "s1p4", "s1p5"]}, "anncomplete": true, "sources": [], "strength_pitch": {"value": "4", "confidence": {"state": "pre-added", "who": ["user:anne"], "prob": 1}}, "entities": [{"classId": "major_claim", "part": "s1p1", "offsets": [{"start": 263, "text": "Dann holen Sie sich jetzt Titleist scratch, die vollumf\u00e4ngliche Erg\u00e4nzung der Customer Journey eines jeden Golfspielers."}], "coordinates": [], "confidence": {"state": "pre-added", "who": ["user:anne"], "prob": 1}, "normalizations": {}, "fields": {"specificity": {"value": "4", "confidence": {"state": "pre-added", "who": ["user:anne"], "prob": 1}}, "evidence": {"value": "4", "confidence": {"state": "pre-added", "who": ["user:anne"], "prob": 1}}}}, {"classId": "claim", "part": "s1p1", "offsets": [{"start": 384, "text": "Die Plattform geht weit \u00fcber die Grenzen des Verkaufs von Schl\u00e4gern und B\u00e4llen hinaus, hinein in die allt\u00e4glichen Situationen des Golfers, im und um den Golfplatz."}], "coordinates": [], "confidence": {"state": "pre-added", "who": ["user:anne"], "prob": 1}, "normalizations": {}, "fields": {"evidence": {"value": "4", "confidence": {"state": "pre-added", "who": ["user:anne"], "prob": 1}}}}, {"classId": "premise", "part": "s1p1", "offsets": [{"start": 548, "text": "Sie bietet eine pers\u00f6nliche Kommunikationsplattform, ein eigenes Videoanalyse Tool, sowie Schnittstellen zu den \u00fcblichen von Trainern genutzten Hard- und Software Trainingsapplikationen."}], "coordinates": [], "confidence": {"state": "pre-added", "who": ["user:anne"], "prob": 1}, "normalizations": {}, "fields": {"strength_premise": {"value": "4", "confidence": {"state": "pre-added", "who": ["user:anne"], "prob": 1}}, "relevance_premise": {"value": "4", "confidence": {"state": "pre-added", "who": ["user:anne"], "prob": 1}}}}, {"classId": "claim", "part": "s1p2", "offsets": [{"start": 0, "text": "Das eigene Videoanalyse Tool dient zur besseren Auswertung der normalen Trainings auf der Driving Range"}], "coordinates": [], "confidence": {"state": "pre-added", "who": ["user:anne"], "prob": 1}, "normalizations": {}, "fields": {"evidence": {"value": "4", "confidence": {"state": "pre-added", "who": ["user:anne"], "prob": 1}}}}, {"classId": "premise", "part": "s1p2", "offsets": [{"start": 105, "text": "Hierf\u00fcr kann das Smartphone frontal in einem gegebenen Winkel vor dem Spieler platziert werden."}], "coordinates": [], "confidence": {"state": "pre-added", "who": ["user:anne"], "prob": 1}, "normalizations": {}, "fields": {"strength_premise": {"value": "4", "confidence": {"state": "pre-added", "who": ["user:anne"], "prob": 1}}, "relevance_premise": {"value": "3", "confidence": {"state": "pre-added", "who": ["user:anne"], "prob": 1}}}}, {"classId": "premise", "part": "s1p2", "offsets": [{"start": 201, "text": "Die Schnittstellen zu Trackman und Garmin CT10 erlauben zus\u00e4tzlich einen st\u00e4ndigen Zugriff auf die Videoanalysen der letzten Trainerstunden sowie Entfernungsmessungsdaten f\u00fcr alle 14 Schl\u00e4ger im Bag."}], "coordinates": [], "confidence": {"state": "pre-added", "who": ["user:anne"], "prob": 1}, "normalizations": {}, "fields": {"strength_premise": {"value": "4", "confidence": {"state": "pre-added", "who": ["user:anne"], "prob": 1}}, "relevance_premise": {"value": "4", "confidence": {"state": "pre-added", "who": ["user:anne"], "prob": 1}}}}, {"classId": "claim", "part": "s1p3", "offsets": [{"start": 351, "text": "Au\u00dferdem bietet die Kommunikationsplattform auch f\u00fcr die Spieler einen Anreiz, die haupts\u00e4chlich die sozialen Aspekte der Sportart sch\u00e4tzen."}], "coordinates": [], "confidence": {"state": "pre-added", "who": ["user:anne"], "prob": 1}, "normalizations": {}, "fields": {"evidence": {"value": "3", "confidence": {"state": "pre-added", "who": ["user:anne"], "prob": 1}}}}, {"classId": "premise", "part": "s1p3", "offsets": [{"start": 492, "text": "Die Plattform erlaubt es Spielern, jederzeit einen \u00dcberblick zu gewinnen, wer wann gerne spielen will und darauf basierend Vorschl\u00e4ge f\u00fcr passende flight Partner zu erhalten und entsprechend Tee-Times zu buchen. Sie fungiert somit gewisserma\u00dfen als ein Clubhaus 2.0."}], "coordinates": [], "confidence": {"state": "pre-added", "who": ["user:anne"], "prob": 1}, "normalizations": {}, "fields": {"strength_premise": {"value": "4", "confidence": {"state": "pre-added", "who": ["user:anne"], "prob": 1}}, "relevance_premise": {"value": "4", "confidence": {"state": "pre-added", "who": ["user:anne"], "prob": 1}}}}, {"classId": "claim", "part": "s1p4", "offsets": [{"start": 0, "text": "Die Idee hinter dem Angebot von Titleist scratch ist es umfangreiche Daten \u00fcber das Trainings- und Spielverhalten der Kunden zu sammeln,"}], "coordinates": [], "confidence": {"state": "pre-added", "who": ["user:anne"], "prob": 1}, "normalizations": {}, "fields": {"evidence": {"value": "4", "confidence": {"state": "pre-added", "who": ["user:anne"], "prob": 1}}}}, {"classId": "premise", "part": "s1p4", "offsets": [{"start": 137, "text": "um Titleist Produkte noch besser an die Bed\u00fcrfnisse der Kunden anzupassen und Ihnen ein vollumf\u00e4ngliches Golferlebnis aus einer Hand bieten zu k\u00f6nnen."}], "coordinates": [], "confidence": {"state": "pre-added", "who": ["user:anne"], "prob": 1}, "normalizations": {}, "fields": {"strength_premise": {"value": "4", "confidence": {"state": "pre-added", "who": ["user:anne"], "prob": 1}}, "relevance_premise": {"value": "4", "confidence": {"state": "pre-added", "who": ["user:anne"], "prob": 1}}}}, {"classId": "claim", "part": "s1p5", "offsets": [{"start": 0, "text": "Die Umsatzstr\u00f6me werden \u00fcber die Golfclubs generiert, die das umfangreiche Angebot dann exklusiv ihren Mitgliedern anbieten k\u00f6nnen."}], "coordinates": [], "confidence": {"state": "pre-added", "who": ["user:anne"], "prob": 1}, "normalizations": {}, "fields": {"evidence": {"value": "4", "confidence": {"state": "pre-added", "who": ["user:anne"], "prob": 1}}}}, {"classId": "premise", "part": "s1p5", "offsets": [{"start": 132, "text": "Dieses Vorgehen ist entscheidend, um schnell eine gro\u00dfe Zahl von Spielern f\u00fcr die Plattform zu gewinnen."}], "coordinates": [], "confidence": {"state": "pre-added", "who": ["user:anne"], "prob": 1}, "normalizations": {}, "fields": {"strength_premise": {"value": "3", "confidence": {"state": "pre-added", "who": ["user:anne"], "prob": 1}}, "relevance_premise": {"value": "3", "confidence": {"state": "pre-added", "who": ["user:anne"], "prob": 1}}}}, {"classId": "premise", "part": "s1p5", "offsets": [{"start": 237, "text": "Nur wenn das Angebot zentral \u00fcber die Clubs und nicht \u00fcber jeden einzelnen Spieler l\u00e4uft, ist sichergestellt, dass die Plattform auch den gew\u00fcnschten Mehrwert f\u00fcr die Community generiert. Der Clubs k\u00f6nnen Ihre Mehrkosten dann bei Bedarf \u00fcber den Mitgliederbeitrag an ihre Mitglieder weitergeben."}], "coordinates": [], "confidence": {"state": "pre-added", "who": ["user:anne"], "prob": 1}, "normalizations": {}, "fields": {"strength_premise": {"value": "4", "confidence": {"state": "pre-added", "who": ["user:anne"], "prob": 1}}, "relevance_premise": {"value": "3", "confidence": {"state": "pre-added", "who": ["user:anne"], "prob": 1}}}}], "relations": [{"classId": "support", "type": "linked", "directed": false, "entities": ["s1p1|e_3|548,733", "s1p1|e_2|384,546"], "confidence": {"state": "pre-added", "who": ["user:anne"], "prob": 1}}, {"classId": "support", "type": "linked", "directed": false, "entities": ["s1p3|e_3|492,757", "s1p3|e_2|351,490"], "confidence": {"state": "pre-added", "who": ["user:anne"], "prob": 1}}, {"classId": "support", "type": "linked", "directed": false, "entities": ["s1p4|e_3|137,286", "s1p4|e_2|0,135"], "confidence": {"state": "pre-added", "who": ["user:anne"], "prob": 1}}, {"classId": "support", "type": "linked", "directed": false, "entities": ["s1p5|e_3|132,235", "s1p5|e_2|0,130"], "confidence": {"state": "pre-added", "who": ["user:anne"], "prob": 1}}, {"classId": "r_7", "type": "linked", "directed": false, "entities": ["s1p2|e_3|201,399", "s1p2|e_3|105,199"], "confidence": {"state": "pre-added", "who": ["user:anne"], "prob": 1}}, {"classId": "r_7", "type": "linked", "directed": false, "entities": ["s1p5|e_3|237,531", "s1p5|e_3|132,235"], "confidence": {"state": "pre-added", "who": ["user:anne"], "prob": 1}}]}