{"annotatable": {"parts": ["s1p1", "s1p2", "s1p3", "s1p4", "s1p5"]}, "anncomplete": true, "sources": [], "strength_pitch": {"value": "4", "confidence": {"state": "pre-added", "who": ["user:anne"], "prob": 1}}, "entities": [{"classId": "claim", "part": "s1p2", "offsets": [{"start": 0, "text": "Aktuell ist es f\u00fcr kleinere Einrichtungsgesch\u00e4fte, Designstores und Galerien schwierig sich einen umfassenden \u00dcberblick \u00fcber den stark fragmentierten Kunstmarkt zu machen."}], "coordinates": [], "confidence": {"state": "pre-added", "who": ["user:anne"], "prob": 1}, "normalizations": {}, "fields": {"evidence": {"value": "4", "confidence": {"state": "pre-added", "who": ["user:anne"], "prob": 1}}}}, {"classId": "premise", "part": "s1p2", "offsets": [{"start": 172, "text": "Dabei stellt besonders die Identifikation von jungen, trendy Talenten eine Herausforderung dar. Gleichermassen haben private K\u00e4ufer nur wenig M\u00f6glichkeit solche systematisch ausfindig zu machen und m\u00fcssen sich daher lediglich auf ihr pers\u00f6nliches Netzwerk verlassen."}], "coordinates": [], "confidence": {"state": "pre-added", "who": ["user:anne"], "prob": 1}, "normalizations": {}, "fields": {"strength_premise": {"value": "4", "confidence": {"state": "pre-added", "who": ["user:anne"], "prob": 1}}, "relevance_premise": {"value": "4", "confidence": {"state": "pre-added", "who": ["user:anne"], "prob": 1}}}}, {"classId": "major_claim", "part": "s1p3", "offsets": [{"start": 0, "text": "EasyArt soll die Transparenz im Kunstmarkt erh\u00f6hen und kleineren Anbietern sowie privaten Hobbyk\u00e4ufern den Zugang zu den Werken von jungen, unbekannten Kunstschaffenden erleichtern. Dies geschieht durch eine systematische Zusammenfassung von trendigen Kunstschaffenden nach Stil und geographischer Zugeh\u00f6rigkeit."}], "coordinates": [], "confidence": {"state": "pre-added", "who": ["user:anne"], "prob": 1}, "normalizations": {}, "fields": {"specificity": {"value": "4", "confidence": {"state": "pre-added", "who": ["user:anne"], "prob": 1}}, "evidence": {"value": "4", "confidence": {"state": "pre-added", "who": ["user:anne"], "prob": 1}}}}, {"classId": "claim", "part": "s1p3", "offsets": [{"start": 313, "text": "Dar\u00fcber hinaus liefert EasyArt professionelle und neutrale Unterst\u00fctzung bei Verhandlung mit den K\u00fcnstlern und der Preissetzung."}], "coordinates": [], "confidence": {"state": "pre-added", "who": ["user:anne"], "prob": 1}, "normalizations": {}, "fields": {"evidence": {"value": "4", "confidence": {"state": "pre-added", "who": ["user:anne"], "prob": 1}}}}, {"classId": "premise", "part": "s1p3", "offsets": [{"start": 442, "text": "Daf\u00fcr kann auf folgende Services zur\u00fcckgegriffen werden: Zusammenfassung und Visualisierung der aktuellen Marktentwicklungen, \u201eBest Practice Tipps\u201c oder pers\u00f6nliche Vor-Ort-Unterst\u00fctzung durch einen professionellen und unabh\u00e4ngigen Experten von EasyArt."}], "coordinates": [], "confidence": {"state": "pre-added", "who": ["user:anne"], "prob": 1}, "normalizations": {}, "fields": {"strength_premise": {"value": "3", "confidence": {"state": "pre-added", "who": ["user:anne"], "prob": 1}}, "relevance_premise": {"value": "3", "confidence": {"state": "pre-added", "who": ["user:anne"], "prob": 1}}}}, {"classId": "claim", "part": "s1p4", "offsets": [{"start": 0, "text": "EasyArt bietet eine gesamthafte L\u00f6sung aus einer Hand: Nach Abwicklung des Kaufs kann \u00fcber ein Feedback-Tool einerseits vom K\u00fcnstler Feedback zur Inszenierung des Werk geholt werden und andererseits \u00fcber die Social-Plattform von der EasyArt- Community."}], "coordinates": [], "confidence": {"state": "pre-added", "who": ["user:anne"], "prob": 1}, "normalizations": {}, "fields": {"evidence": {"value": "4", "confidence": {"state": "pre-added", "who": ["user:anne"], "prob": 1}}}}, {"classId": "premise", "part": "s1p4", "offsets": [{"start": 253, "text": "Diese Posts k\u00f6nnen auch mit anderen Social Media Plattformen, wie Facebook oder Instagram, gelinked und geteilt werden."}], "coordinates": [], "confidence": {"state": "pre-added", "who": ["user:anne"], "prob": 1}, "normalizations": {}, "fields": {"strength_premise": {"value": "4", "confidence": {"state": "pre-added", "who": ["user:anne"], "prob": 1}}, "relevance_premise": {"value": "4", "confidence": {"state": "pre-added", "who": ["user:anne"], "prob": 1}}}}, {"classId": "premise", "part": "s1p4", "offsets": [{"start": 373, "text": "Letztendlich k\u00f6nnen \u00fcber EasyArt auch personalisierte Tipps geholt werden, wie das Werk am besten gepflegt und instandgehalten werden soll."}], "coordinates": [], "confidence": {"state": "pre-added", "who": ["user:anne"], "prob": 1}, "normalizations": {}, "fields": {"strength_premise": {"value": "4", "confidence": {"state": "pre-added", "who": ["user:anne"], "prob": 1}}, "relevance_premise": {"value": "4", "confidence": {"state": "pre-added", "who": ["user:anne"], "prob": 1}}}}, {"classId": "claim", "part": "s1p5", "offsets": [{"start": 0, "text": "EasyArt verdient dadurch Geld, dass ein gewisser Prozentsatz des Verkaufspreises von Kunstwerken an EasyArt abgegeben wird."}], "coordinates": [], "confidence": {"state": "pre-added", "who": ["user:anne"], "prob": 1}, "normalizations": {}, "fields": {"evidence": {"value": "3", "confidence": {"state": "pre-added", "who": ["user:anne"], "prob": 1}}}}, {"classId": "premise", "part": "s1p5", "offsets": [{"start": 124, "text": "Die aktuellen Marktentwicklungen, \u201eBest Practice Tipps\u201c sowie der Zugang zur EasyArt-Community stehen gratis zur Verf\u00fcgung und sollen Nutzer anlocken."}], "coordinates": [], "confidence": {"state": "pre-added", "who": ["user:anne"], "prob": 1}, "normalizations": {}, "fields": {"strength_premise": {"value": "4", "confidence": {"state": "pre-added", "who": ["user:anne"], "prob": 1}}, "relevance_premise": {"value": "4", "confidence": {"state": "pre-added", "who": ["user:anne"], "prob": 1}}}}, {"classId": "premise", "part": "s1p5", "offsets": [{"start": 275, "text": "Zusatzservices, wie die Vor-Ort-Verhandlungsunterst\u00fctzung sowie das K\u00fcnstler- Feedback, werden mit einem Pauschalpreis abgerechnet. F\u00fcr Letzteres erh\u00e4lt der K\u00fcnstler ebenfalls eine Entlohnung, was ihn/sie motivieren soll mitzumachen."}], "coordinates": [], "confidence": {"state": "pre-added", "who": ["user:anne"], "prob": 1}, "normalizations": {}, "fields": {"strength_premise": {"value": "4", "confidence": {"state": "pre-added", "who": ["user:anne"], "prob": 1}}, "relevance_premise": {"value": "4", "confidence": {"state": "pre-added", "who": ["user:anne"], "prob": 1}}}}], "relations": [{"classId": "support", "type": "linked", "directed": false, "entities": ["s1p2|e_3|172,437", "s1p2|e_2|0,170"], "confidence": {"state": "pre-added", "who": ["user:anne"], "prob": 1}}, {"classId": "support", "type": "linked", "directed": false, "entities": ["s1p3|e_3|442,694", "s1p3|e_2|313,440"], "confidence": {"state": "pre-added", "who": ["user:anne"], "prob": 1}}, {"classId": "support", "type": "linked", "directed": false, "entities": ["s1p4|e_3|253,371", "s1p4|e_2|0,251"], "confidence": {"state": "pre-added", "who": ["user:anne"], "prob": 1}}, {"classId": "support", "type": "linked", "directed": false, "entities": ["s1p5|e_3|124,273", "s1p5|e_2|0,122"], "confidence": {"state": "pre-added", "who": ["user:anne"], "prob": 1}}, {"classId": "r_7", "type": "linked", "directed": false, "entities": ["s1p4|e_3|373,511", "s1p4|e_3|253,371"], "confidence": {"state": "pre-added", "who": ["user:anne"], "prob": 1}}, {"classId": "r_7", "type": "linked", "directed": false, "entities": ["s1p5|e_3|275,507", "s1p5|e_3|124,273"], "confidence": {"state": "pre-added", "who": ["user:anne"], "prob": 1}}]}