{"annotatable": {"parts": ["s1p1", "s1p2", "s1p3", "s1p4"]}, "anncomplete": true, "sources": [], "strength_pitch": {"value": "4", "confidence": {"state": "pre-added", "who": ["user:anne"], "prob": 1}}, "entities": [{"classId": "major_claim", "part": "s1p1", "offsets": [{"start": 0, "text": "Vergessen Sie die m\u00fchselige Eingabe eines Codes, um Zutritt zu Ihrer Wohnung zu erhalten- nun k\u00f6nnen Sie das dank EasyLock auch \u00fcber Ihr Handy tun!"}], "coordinates": [], "confidence": {"state": "pre-added", "who": ["user:anne"], "prob": 1}, "normalizations": {}, "fields": {"specificity": {"value": "4", "confidence": {"state": "pre-added", "who": ["user:anne"], "prob": 1}}, "evidence": {"value": "4", "confidence": {"state": "pre-added", "who": ["user:anne"], "prob": 1}}}}, {"classId": "claim", "part": "s1p1", "offsets": [{"start": 148, "text": "Indem Sie den NFC Chip in Ihrem mobilen Ger\u00e4t an das Leseger\u00e4t neben Ihrer Haust\u00fcr halten, wird diese ge\u00f6ffnet."}], "coordinates": [], "confidence": {"state": "pre-added", "who": ["user:anne"], "prob": 1}, "normalizations": {}, "fields": {"evidence": {"value": "4", "confidence": {"state": "pre-added", "who": ["user:anne"], "prob": 1}}}}, {"classId": "premise", "part": "s1p1", "offsets": [{"start": 260, "text": "Dank Zweifaktorauthentifizierung mittels Face Recognition oder Fingerprint, ist der Prozess sehr sicher. Drittpersonen kann \u00fcber die App individuell Zutritt f\u00fcr ein gewisses Zeitfenster gew\u00e4hrt werden."}], "coordinates": [], "confidence": {"state": "pre-added", "who": ["user:anne"], "prob": 1}, "normalizations": {}, "fields": {"strength_premise": {"value": "3", "confidence": {"state": "pre-added", "who": ["user:anne"], "prob": 1}}, "relevance_premise": {"value": "4", "confidence": {"state": "pre-added", "who": ["user:anne"], "prob": 1}}}}, {"classId": "claim", "part": "s1p1", "offsets": [{"start": 462, "text": "H\u00e4lt eine Drittperson ohne Zutrittserlaubnis ihr Mobilger\u00e4t ans Leseger\u00e4t, wird kein lauter Alarm ausgel\u00f6st, sondern die T\u00fcr bleibt weiterhin verschlossen und der Eigent\u00fcmer erh\u00e4lt \u00fcber die App eine Mitteilung."}], "coordinates": [], "confidence": {"state": "pre-added", "who": ["user:anne"], "prob": 1}, "normalizations": {}, "fields": {"evidence": {"value": "4", "confidence": {"state": "pre-added", "who": ["user:anne"], "prob": 1}}}}, {"classId": "premise", "part": "s1p1", "offsets": [{"start": 673, "text": "Wird hingegen gewaltsam versucht, die Haust\u00fcre aufzubringen, wird ein lauter Alarm ausgel\u00f6st und der Eigent\u00fcmer \u00fcber die App benachrichtigt"}], "coordinates": [], "confidence": {"state": "pre-added", "who": ["user:anne"], "prob": 1}, "normalizations": {}, "fields": {"strength_premise": {"value": "3", "confidence": {"state": "pre-added", "who": ["user:anne"], "prob": 1}}, "relevance_premise": {"value": "4", "confidence": {"state": "pre-added", "who": ["user:anne"], "prob": 1}}}}, {"classId": "claim", "part": "s1p1", "offsets": [{"start": 814, "text": "Auf diese Weise kann der Besitzer auf eine sichere Art und Weise seine Flexibilit\u00e4t und Unabh\u00e4ngigkeit im Alltag wahren."}], "coordinates": [], "confidence": {"state": "pre-added", "who": ["user:anne"], "prob": 1}, "normalizations": {}, "fields": {"evidence": {"value": "3", "confidence": {"state": "pre-added", "who": ["user:anne"], "prob": 1}}}}, {"classId": "claim", "part": "s1p2", "offsets": [{"start": 0, "text": "Besitzt eine Drittperson kein mobiles Ger\u00e4t oder hat ihr Mobilger\u00e4t keinen Akku mehr"}], "coordinates": [], "confidence": {"state": "pre-added", "who": ["user:anne"], "prob": 1}, "normalizations": {}, "fields": {"evidence": {"value": "3", "confidence": {"state": "pre-added", "who": ["user:anne"], "prob": 1}}}}, {"classId": "premise", "part": "s1p2", "offsets": [{"start": 86, "text": "kann ihr bei Bedarf ein EasyLock-Badge ausgeh\u00e4ndigt werden. Auch bei diesem kann der Zutritt \u00fcber die App gesteuert werden. Bei Verlust des Badges ist eine einfache Sperrung \u00fcber die App m\u00f6glich."}], "coordinates": [], "confidence": {"state": "pre-added", "who": ["user:anne"], "prob": 1}, "normalizations": {}, "fields": {"strength_premise": {"value": "3", "confidence": {"state": "pre-added", "who": ["user:anne"], "prob": 1}}, "relevance_premise": {"value": "3", "confidence": {"state": "pre-added", "who": ["user:anne"], "prob": 1}}}}, {"classId": "claim", "part": "s1p3", "offsets": [{"start": 118, "text": "Auch der Installationstermin kann \u00fcber die App vereinbart und bis 24 Stunden im Voraus angepasst werden,"}], "coordinates": [], "confidence": {"state": "pre-added", "who": ["user:anne"], "prob": 1}, "normalizations": {}, "fields": {"evidence": {"value": "4", "confidence": {"state": "pre-added", "who": ["user:anne"], "prob": 1}}}}, {"classId": "premise", "part": "s1p3", "offsets": [{"start": 223, "text": "was eine enorme Zeitersparnis f\u00fcr den Kunden bedeutet. Ein in der App integrierter Chatbot bietet real-time Support bei Problemen aller Art."}], "coordinates": [], "confidence": {"state": "pre-added", "who": ["user:anne"], "prob": 1}, "normalizations": {}, "fields": {"strength_premise": {"value": "3", "confidence": {"state": "pre-added", "who": ["user:anne"], "prob": 1}}, "relevance_premise": {"value": "3", "confidence": {"state": "pre-added", "who": ["user:anne"], "prob": 1}}}}, {"classId": "claim", "part": "s1p4", "offsets": [{"start": 0, "text": "Die j\u00e4hrlich zu bezahlende Abogeb\u00fchr beinhaltet ein Careless-Paket, das Wartung, Reparatur und Service bietet."}], "coordinates": [], "confidence": {"state": "pre-added", "who": ["user:anne"], "prob": 1}, "normalizations": {}, "fields": {"evidence": {"value": "3", "confidence": {"state": "pre-added", "who": ["user:anne"], "prob": 1}}}}, {"classId": "premise", "part": "s1p4", "offsets": [{"start": 111, "text": "So wird dem Kunden in einem ganzheitlichen Ansatz Convenience geboten und der Mehrwert zu Konkurrenzangeboten deutlich"}], "coordinates": [], "confidence": {"state": "pre-added", "who": ["user:anne"], "prob": 1}, "normalizations": {}, "fields": {"strength_premise": {"value": "3", "confidence": {"state": "pre-added", "who": ["user:anne"], "prob": 1}}, "relevance_premise": {"value": "4", "confidence": {"state": "pre-added", "who": ["user:anne"], "prob": 1}}}}, {"classId": "claim", "part": "s1p4", "offsets": [{"start": 231, "text": "Ausserdem k\u00f6nnen die Installationskosten durch die regelm\u00e4ssigen Einnahmen tief gehalten werden"}], "coordinates": [], "confidence": {"state": "pre-added", "who": ["user:anne"], "prob": 1}, "normalizations": {}, "fields": {"evidence": {"value": "4", "confidence": {"state": "pre-added", "who": ["user:anne"], "prob": 1}}}}, {"classId": "premise", "part": "s1p4", "offsets": [{"start": 328, "text": "was EasyLock attraktiv f\u00fcr ein breites Kundenspektrum macht."}], "coordinates": [], "confidence": {"state": "pre-added", "who": ["user:anne"], "prob": 1}, "normalizations": {}, "fields": {"strength_premise": {"value": "4", "confidence": {"state": "pre-added", "who": ["user:anne"], "prob": 1}}, "relevance_premise": {"value": "3", "confidence": {"state": "pre-added", "who": ["user:anne"], "prob": 1}}}}], "relations": [{"classId": "support", "type": "linked", "directed": false, "entities": ["s1p1|e_3|260,460", "s1p1|e_2|148,258"], "confidence": {"state": "pre-added", "who": ["user:anne"], "prob": 1}}, {"classId": "support", "type": "linked", "directed": false, "entities": ["s1p1|e_3|673,811", "s1p1|e_2|462,671"], "confidence": {"state": "pre-added", "who": ["user:anne"], "prob": 1}}, {"classId": "support", "type": "linked", "directed": false, "entities": ["s1p2|e_3|86,280", "s1p2|e_2|0,83"], "confidence": {"state": "pre-added", "who": ["user:anne"], "prob": 1}}, {"classId": "support", "type": "linked", "directed": false, "entities": ["s1p3|e_3|223,362", "s1p3|e_2|118,221"], "confidence": {"state": "pre-added", "who": ["user:anne"], "prob": 1}}, {"classId": "support", "type": "linked", "directed": false, "entities": ["s1p4|e_3|111,228", "s1p4|e_2|0,109"], "confidence": {"state": "pre-added", "who": ["user:anne"], "prob": 1}}, {"classId": "support", "type": "linked", "directed": false, "entities": ["s1p4|e_3|328,387", "s1p4|e_2|231,325"], "confidence": {"state": "pre-added", "who": ["user:anne"], "prob": 1}}]}