{"annotatable": {"parts": ["s1p1", "s1p2"]}, "anncomplete": true, "sources": [], "strength_pitch": {"value": "2", "confidence": {"state": "pre-added", "who": ["user:anne"], "prob": 1}}, "entities": [{"classId": "major_claim", "part": "s1p1", "offsets": [{"start": 0, "text": "Die Plattform \u00abYoungProfessionals\u00bb spricht auf der Angebotsseite junge Erwachsene an, welche mit den digitalen Technologien aufgewachsen sind, sogenannte \u00abDigital Natives\u00bb, in der intuitiven Nutzung dieser Technologien entsprechend ge\u00fcbt sind und dadurch spezialisierte F\u00e4higkeiten in diesem Bereich aufbauen konnten."}], "coordinates": [], "confidence": {"state": "pre-added", "who": ["user:anne"], "prob": 1}, "normalizations": {}, "fields": {"specificity": {"value": "4", "confidence": {"state": "pre-added", "who": ["user:anne"], "prob": 1}}, "evidence": {"value": "4", "confidence": {"state": "pre-added", "who": ["user:anne"], "prob": 1}}}}, {"classId": "claim", "part": "s1p1", "offsets": [{"start": 318, "text": "Auf der Nachfrageseite spricht das Business Model Einzelunternehmen oder kleine KMU\u2019s an,"}], "coordinates": [], "confidence": {"state": "pre-added", "who": ["user:anne"], "prob": 1}, "normalizations": {}, "fields": {"evidence": {"value": "3", "confidence": {"state": "pre-added", "who": ["user:anne"], "prob": 1}}}}, {"classId": "premise", "part": "s1p1", "offsets": [{"start": 408, "text": "welche von Personen geleitet werden, die erst im Erwachsenenalter den Umgang mit digitalen Technologien erlernt haben und dadurch relativ limitierte F\u00e4higkeiten und Motivationen in diesem Bereich aufweisen, sogenannte \u00abDigital Immigrants\u00bb."}], "coordinates": [], "confidence": {"state": "pre-added", "who": ["user:anne"], "prob": 1}, "normalizations": {}, "fields": {"strength_premise": {"value": "3", "confidence": {"state": "pre-added", "who": ["user:anne"], "prob": 1}}, "relevance_premise": {"value": "3", "confidence": {"state": "pre-added", "who": ["user:anne"], "prob": 1}}}}, {"classId": "claim", "part": "s1p1", "offsets": [{"start": 648, "text": "Diese Kleinunternehmen suchen auf der einen Seite eine Person, welche trotz dem beschr\u00e4nkten Budget sich um den digitalen Auftritt des Unternehmens k\u00fcmmert,"}], "coordinates": [], "confidence": {"state": "pre-added", "who": ["user:anne"], "prob": 1}, "normalizations": {}, "fields": {"evidence": {"value": "3", "confidence": {"state": "pre-added", "who": ["user:anne"], "prob": 1}}}}, {"classId": "premise", "part": "s1p1", "offsets": [{"start": 805, "text": "wie beispielsweise den Aufbau von Social-Media-Kan\u00e4len, der Aufsetzung einer eigenen Firmenwebsite oder der Erstellung von sonstigem Werbecontent."}], "coordinates": [], "confidence": {"state": "pre-added", "who": ["user:anne"], "prob": 1}, "normalizations": {}, "fields": {"strength_premise": {"value": "3", "confidence": {"state": "pre-added", "who": ["user:anne"], "prob": 1}}, "relevance_premise": {"value": "3", "confidence": {"state": "pre-added", "who": ["user:anne"], "prob": 1}}}}, {"classId": "claim", "part": "s1p1", "offsets": [{"start": 952, "text": "Auf der anderen Seite suchen die jungen Erwachsenen eine M\u00f6glichkeit,"}], "coordinates": [], "confidence": {"state": "pre-added", "who": ["user:anne"], "prob": 1}, "normalizations": {}, "fields": {"evidence": {"value": "3", "confidence": {"state": "pre-added", "who": ["user:anne"], "prob": 1}}}}, {"classId": "premise", "part": "s1p1", "offsets": [{"start": 1022, "text": "bei welcher sie ihre F\u00e4higkeiten aus dem digitalen Bereich anwenden k\u00f6nnen und durch welche sie neben der Ausbildung oder dem Studium ihr Einkommen aufstocken k\u00f6nnen."}], "coordinates": [], "confidence": {"state": "pre-added", "who": ["user:anne"], "prob": 1}, "normalizations": {}, "fields": {"strength_premise": {"value": "3", "confidence": {"state": "pre-added", "who": ["user:anne"], "prob": 1}}, "relevance_premise": {"value": "4", "confidence": {"state": "pre-added", "who": ["user:anne"], "prob": 1}}}}, {"classId": "claim", "part": "s1p2", "offsets": [{"start": 169, "text": "Da die Plattform gezielt Kleinunternehmen mit einem relativ limitierten Marketingbudget sowie junge Erwachsene anspricht"}], "coordinates": [], "confidence": {"state": "pre-added", "who": ["user:anne"], "prob": 1}, "normalizations": {}, "fields": {"evidence": {"value": "3", "confidence": {"state": "pre-added", "who": ["user:anne"], "prob": 1}}}}, {"classId": "premise", "part": "s1p2", "offsets": [{"start": 291, "text": "welche nur nebenberuflich aber trotzdem kompetent in diesem Bereich arbeiten, ist es m\u00f6glich, dass sich die beiden Parteien bei einem tieferen Auftragspreis treffen k\u00f6nnen, als wenn eine professionelle Agentur den Auftrag ausf\u00fchren w\u00fcrde."}], "coordinates": [], "confidence": {"state": "pre-added", "who": ["user:anne"], "prob": 1}, "normalizations": {}, "fields": {"strength_premise": {"value": "3", "confidence": {"state": "pre-added", "who": ["user:anne"], "prob": 1}}, "relevance_premise": {"value": "4", "confidence": {"state": "pre-added", "who": ["user:anne"], "prob": 1}}}}, {"classId": "claim", "part": "s1p2", "offsets": [{"start": 530, "text": "Die Betreiber der Plattform profitieren dabei von einer prozentualen Vermittlungsgeb\u00fchr,"}], "coordinates": [], "confidence": {"state": "pre-added", "who": ["user:anne"], "prob": 1}, "normalizations": {}, "fields": {"evidence": {"value": "4", "confidence": {"state": "pre-added", "who": ["user:anne"], "prob": 1}}}}, {"classId": "premise", "part": "s1p2", "offsets": [{"start": 619, "text": "welche abh\u00e4ngig vom entsprechenden Auftragsvolumen ist und als zus\u00e4tzlich Geb\u00fchr bei beiden Parteien verrechnet wird."}], "coordinates": [], "confidence": {"state": "pre-added", "who": ["user:anne"], "prob": 1}, "normalizations": {}, "fields": {"strength_premise": {"value": "4", "confidence": {"state": "pre-added", "who": ["user:anne"], "prob": 1}}, "relevance_premise": {"value": "4", "confidence": {"state": "pre-added", "who": ["user:anne"], "prob": 1}}}}, {"classId": "claim", "part": "s1p2", "offsets": [{"start": 737, "text": "Die Kontaktaufnahme zur Abkl\u00e4rung von Auftragsdetails wird \u00fcber eine interne Chatfunktion erm\u00f6glicht,"}], "coordinates": [], "confidence": {"state": "pre-added", "who": ["user:anne"], "prob": 1}, "normalizations": {}, "fields": {"evidence": {"value": "3", "confidence": {"state": "pre-added", "who": ["user:anne"], "prob": 1}}}}, {"classId": "premise", "part": "s1p2", "offsets": [{"start": 839, "text": "welche den Austausch von pers\u00f6nlichen Daten solange unterbindet, bis eine offizielle Auftragsbest\u00e4tigung vorliegt und eine erste Anzahlung geleistet wird."}], "coordinates": [], "confidence": {"state": "pre-added", "who": ["user:anne"], "prob": 1}, "normalizations": {}, "fields": {"strength_premise": {"value": "4", "confidence": {"state": "pre-added", "who": ["user:anne"], "prob": 1}}, "relevance_premise": {"value": "4", "confidence": {"state": "pre-added", "who": ["user:anne"], "prob": 1}}}}], "relations": [{"classId": "support", "type": "linked", "directed": false, "entities": ["s1p1|e_3|408,646", "s1p1|e_2|318,406"], "confidence": {"state": "pre-added", "who": ["user:anne"], "prob": 1}}, {"classId": "support", "type": "linked", "directed": false, "entities": ["s1p1|e_3|805,950", "s1p1|e_2|648,803"], "confidence": {"state": "pre-added", "who": ["user:anne"], "prob": 1}}, {"classId": "support", "type": "linked", "directed": false, "entities": ["s1p1|e_3|1022,1187", "s1p1|e_2|952,1020"], "confidence": {"state": "pre-added", "who": ["user:anne"], "prob": 1}}, {"classId": "support", "type": "linked", "directed": false, "entities": ["s1p2|e_2|169,288", "s1p2|e_3|291,528"], "confidence": {"state": "pre-added", "who": ["user:anne"], "prob": 1}}, {"classId": "support", "type": "linked", "directed": false, "entities": ["s1p2|e_3|619,735", "s1p2|e_2|530,617"], "confidence": {"state": "pre-added", "who": ["user:anne"], "prob": 1}}, {"classId": "support", "type": "linked", "directed": false, "entities": ["s1p2|e_3|839,992", "s1p2|e_2|737,837"], "confidence": {"state": "pre-added", "who": ["user:anne"], "prob": 1}}]}