{"annotatable": {"parts": ["s1p1", "s1p2", "s1p3", "s1p4"]}, "anncomplete": true, "sources": [], "strength_pitch": {"value": "2", "confidence": {"state": "pre-added", "who": ["user:anne"], "prob": 1}}, "entities": [{"classId": "claim", "part": "s1p2", "offsets": [{"start": 0, "text": "Stellen Sie sich vor, Sie w\u00e4ren eine berufst\u00e4tige Mutter in einem fremden Land und w\u00fcrden versuchen, Ihre Familie finanziell zu unterst\u00fctzen."}], "coordinates": [], "confidence": {"state": "pre-added", "who": ["user:anne"], "prob": 1}, "normalizations": {}, "fields": {"evidence": {"value": "3", "confidence": {"state": "pre-added", "who": ["user:anne"], "prob": 1}}}}, {"classId": "premise", "part": "s1p2", "offsets": [{"start": 142, "text": "Das bedeutet nat\u00fcrlich, dass Sie Ihre Kinder oder sogar Enkelkinder nicht so oft sehen k\u00f6nnen, da Sie vielleicht nicht so viel Zeit zur Verf\u00fcgung haben, da die Reise Ihre Urlaubstage in Anspruch nimmt."}], "coordinates": [], "confidence": {"state": "pre-added", "who": ["user:anne"], "prob": 1}, "normalizations": {}, "fields": {"strength_premise": {"value": "3", "confidence": {"state": "pre-added", "who": ["user:anne"], "prob": 1}}, "relevance_premise": {"value": "3", "confidence": {"state": "pre-added", "who": ["user:anne"], "prob": 1}}}}, {"classId": "premise", "part": "s1p2", "offsets": [{"start": 344, "text": "Auch k\u00f6nnen Sie niemanden haben, der sich um Ihre Haustiere k\u00fcmmert, da Ihre Familienmitglieder zu weit weg wohnen und Sie sich schuldig f\u00fchlen, Ihren geliebten Hund f\u00fcr einen l\u00e4ngeren Zeitraum bei einem Fremden gelassen zu haben."}], "coordinates": [], "confidence": {"state": "pre-added", "who": ["user:anne"], "prob": 1}, "normalizations": {}, "fields": {"strength_premise": {"value": "3", "confidence": {"state": "pre-added", "who": ["user:anne"], "prob": 1}}, "relevance_premise": {"value": "3", "confidence": {"state": "pre-added", "who": ["user:anne"], "prob": 1}}}}, {"classId": "claim", "part": "s1p3", "offsets": [{"start": 0, "text": "Um diese L\u00fccken zu schlie\u00dfen, bietet das neue Angebot den Nutzern die M\u00f6glichkeit, das Auto f\u00fcr den Transport von Haustieren oder Kindern zu buchen."}], "coordinates": [], "confidence": {"state": "pre-added", "who": ["user:anne"], "prob": 1}, "normalizations": {}, "fields": {"evidence": {"value": "3", "confidence": {"state": "pre-added", "who": ["user:anne"], "prob": 1}}}}, {"classId": "premise", "part": "s1p3", "offsets": [{"start": 149, "text": "Fahrer k\u00f6nnen sich nun als Betreuer f\u00fcr Kinder oder Haustiere registrieren und sind von BlaBlaCar als solche zertifiziert."}], "coordinates": [], "confidence": {"state": "pre-added", "who": ["user:anne"], "prob": 1}, "normalizations": {}, "fields": {"strength_premise": {"value": "2", "confidence": {"state": "pre-added", "who": ["user:anne"], "prob": 1}}, "relevance_premise": {"value": "3", "confidence": {"state": "pre-added", "who": ["user:anne"], "prob": 1}}}}, {"classId": "premise", "part": "s1p3", "offsets": [{"start": 272, "text": "Dies kann online \u00fcber einen Online-Verifizierungsprozess erfolgen (auch basierend auf externen Zertifizierungen und bisherigen Erfahrungen)."}], "coordinates": [], "confidence": {"state": "pre-added", "who": ["user:anne"], "prob": 1}, "normalizations": {}, "fields": {"strength_premise": {"value": "3", "confidence": {"state": "pre-added", "who": ["user:anne"], "prob": 1}}, "relevance_premise": {"value": "3", "confidence": {"state": "pre-added", "who": ["user:anne"], "prob": 1}}}}, {"classId": "claim", "part": "s1p3", "offsets": [{"start": 413, "text": "Das spart den Kunden nicht nur Geld und Zeit,"}], "coordinates": [], "confidence": {"state": "pre-added", "who": ["user:anne"], "prob": 1}, "normalizations": {}, "fields": {"evidence": {"value": "4", "confidence": {"state": "pre-added", "who": ["user:anne"], "prob": 1}}}}, {"classId": "premise", "part": "s1p3", "offsets": [{"start": 459, "text": "da sie ihre Lieben nicht pers\u00f6nlich an ihr Ziel bringen m\u00fcssen, sondern erleichtert auch das Gewissen der Kunden."}], "coordinates": [], "confidence": {"state": "pre-added", "who": ["user:anne"], "prob": 1}, "normalizations": {}, "fields": {"strength_premise": {"value": "3", "confidence": {"state": "pre-added", "who": ["user:anne"], "prob": 1}}, "relevance_premise": {"value": "3", "confidence": {"state": "pre-added", "who": ["user:anne"], "prob": 1}}}}], "relations": [{"classId": "support", "type": "linked", "directed": false, "entities": ["s1p2|e_3|142,342", "s1p2|e_2|0,140"], "confidence": {"state": "pre-added", "who": ["user:anne"], "prob": 1}}, {"classId": "support", "type": "linked", "directed": false, "entities": ["s1p3|e_3|149,270", "s1p3|e_2|0,147"], "confidence": {"state": "pre-added", "who": ["user:anne"], "prob": 1}}, {"classId": "support", "type": "linked", "directed": false, "entities": ["s1p3|e_3|272,411", "s1p3|e_2|0,147"], "confidence": {"state": "pre-added", "who": ["user:anne"], "prob": 1}}, {"classId": "support", "type": "linked", "directed": false, "entities": ["s1p3|e_3|459,571", "s1p3|e_2|413,457"], "confidence": {"state": "pre-added", "who": ["user:anne"], "prob": 1}}, {"classId": "r_7", "type": "linked", "directed": false, "entities": ["s1p2|e_3|344,573", "s1p2|e_3|142,342"], "confidence": {"state": "pre-added", "who": ["user:anne"], "prob": 1}}]}