{"annotatable": {"parts": ["s1p1", "s1p2", "s1p3", "s1p4"]}, "anncomplete": true, "sources": [], "strength_pitch": {"value": "4", "confidence": {"state": "pre-added", "who": ["user:anne"], "prob": 1}}, "entities": [{"classId": "claim", "part": "s1p1", "offsets": [{"start": 0, "text": "Unsere Welt wandelt sich und so auch die Konsumenten \u2013 diese wollen nicht mehr viel Zeit in Alltagst\u00e4tigkeiten verschwenden, sondern diese m\u00f6glichst effizient und ohne Umst\u00e4nde erledigen"}], "coordinates": [], "confidence": {"state": "pre-added", "who": ["user:anne"], "prob": 1}, "normalizations": {}, "fields": {"evidence": {"value": "3", "confidence": {"state": "pre-added", "who": ["user:anne"], "prob": 1}}}}, {"classId": "premise", "part": "s1p1", "offsets": [{"start": 188, "text": "Dies beeinflusst auch die Lebensmitteleinkaufsl\u00e4den wie Rewe, Aldi oder Migros. Die Kunden sind immer frustrierter, wenn sie die Produkte lange Zeit im Laden suchen m\u00fcssen und wechseln immer h\u00e4ufiger zwischen verschiedenen H\u00e4ndlern."}], "coordinates": [], "confidence": {"state": "pre-added", "who": ["user:anne"], "prob": 1}, "normalizations": {}, "fields": {"strength_premise": {"value": "3", "confidence": {"state": "pre-added", "who": ["user:anne"], "prob": 1}}, "relevance_premise": {"value": "4", "confidence": {"state": "pre-added", "who": ["user:anne"], "prob": 1}}}}, {"classId": "major_claim", "part": "s1p2", "offsets": [{"start": 0, "text": "Daher wurde Shopping mAPP erfunden, welche eine digitale Karte des Einkaufsladens aufzeigt und den Kunden zu dem gesuchten Produkt leitet."}], "coordinates": [], "confidence": {"state": "pre-added", "who": ["user:anne"], "prob": 1}, "normalizations": {}, "fields": {"specificity": {"value": "4", "confidence": {"state": "pre-added", "who": ["user:anne"], "prob": 1}}, "evidence": {"value": "4", "confidence": {"state": "pre-added", "who": ["user:anne"], "prob": 1}}}}, {"classId": "claim", "part": "s1p2", "offsets": [{"start": 139, "text": "Hierbei k\u00f6nnen die Kunden ihre gesamte Einkaufsliste in der App integrieren und werden auf dem optimalen Weg durch den Laden mithilfe der Karte geleitet."}], "coordinates": [], "confidence": {"state": "pre-added", "who": ["user:anne"], "prob": 1}, "normalizations": {}, "fields": {"evidence": {"value": "4", "confidence": {"state": "pre-added", "who": ["user:anne"], "prob": 1}}}}, {"classId": "premise", "part": "s1p2", "offsets": [{"start": 293, "text": "Die App kann zudem Informationen zur Verf\u00fcgbarkeit, zum Preis, zu Angeboten und zu Inhaltsstoffe der Produkte bieten."}], "coordinates": [], "confidence": {"state": "pre-added", "who": ["user:anne"], "prob": 1}, "normalizations": {}, "fields": {"strength_premise": {"value": "4", "confidence": {"state": "pre-added", "who": ["user:anne"], "prob": 1}}, "relevance_premise": {"value": "3", "confidence": {"state": "pre-added", "who": ["user:anne"], "prob": 1}}}}, {"classId": "premise", "part": "s1p2", "offsets": [{"start": 411, "text": "Hierdurch wird die Einkaufs- Experience der Kunden optimiert und ihre Kundenbindung erh\u00f6ht."}], "coordinates": [], "confidence": {"state": "pre-added", "who": ["user:anne"], "prob": 1}, "normalizations": {}, "fields": {"strength_premise": {"value": "4", "confidence": {"state": "pre-added", "who": ["user:anne"], "prob": 1}}, "relevance_premise": {"value": "3", "confidence": {"state": "pre-added", "who": ["user:anne"], "prob": 1}}}}, {"classId": "claim", "part": "s1p3", "offsets": [{"start": 0, "text": "Die Shopping mAPP bietet eine digitale Plattform in einem zweiseitigen Markt."}], "coordinates": [], "confidence": {"state": "pre-added", "who": ["user:anne"], "prob": 1}, "normalizations": {}, "fields": {"evidence": {"value": "4", "confidence": {"state": "pre-added", "who": ["user:anne"], "prob": 1}}}}, {"classId": "premise", "part": "s1p3", "offsets": [{"start": 78, "text": "Zum einen werden Kooperationen mit etablierten Lebensmittelanbietern wie bspw. Rewe geschlossen und die Strukturen ihrer L\u00e4den mithilfe von Lagepl\u00e4nen, Planogrammen und Produktdatenbanken in die App integriert, um die Navigation innerhalb der L\u00e4den sowie das Anzeigen produktspezifischer Informationen m\u00f6glich zu machen."}], "coordinates": [], "confidence": {"state": "pre-added", "who": ["user:anne"], "prob": 1}, "normalizations": {}, "fields": {"strength_premise": {"value": "4", "confidence": {"state": "pre-added", "who": ["user:anne"], "prob": 1}}, "relevance_premise": {"value": "4", "confidence": {"state": "pre-added", "who": ["user:anne"], "prob": 1}}}}, {"classId": "premise", "part": "s1p3", "offsets": [{"start": 399, "text": "Auf der Plattform k\u00f6nnen sich angebotsseitig mehrere H\u00e4ndler anmelden, sodass der Kunde innerhalb von mAPP auf mehrere Einkaufsl\u00e4den zu greifen kann."}], "coordinates": [], "confidence": {"state": "pre-added", "who": ["user:anne"], "prob": 1}, "normalizations": {}, "fields": {"strength_premise": {"value": "3", "confidence": {"state": "pre-added", "who": ["user:anne"], "prob": 1}}, "relevance_premise": {"value": "3", "confidence": {"state": "pre-added", "who": ["user:anne"], "prob": 1}}}}, {"classId": "claim", "part": "s1p3", "offsets": [{"start": 727, "text": "Durch die generierten Nutzungsdaten der Kunden k\u00f6nnen ihre Pr\u00e4ferenzen und Profile ausgearbeitet werden"}], "coordinates": [], "confidence": {"state": "pre-added", "who": ["user:anne"], "prob": 1}, "normalizations": {}, "fields": {"evidence": {"value": "3", "confidence": {"state": "pre-added", "who": ["user:anne"], "prob": 1}}}}, {"classId": "premise", "part": "s1p3", "offsets": [{"start": 832, "text": "sodass durch gezielte Angebote und Vorschl\u00e4ge die Kundenbindung- und Zufriedenheit gesteigert wird."}], "coordinates": [], "confidence": {"state": "pre-added", "who": ["user:anne"], "prob": 1}, "normalizations": {}, "fields": {"strength_premise": {"value": "3", "confidence": {"state": "pre-added", "who": ["user:anne"], "prob": 1}}, "relevance_premise": {"value": "4", "confidence": {"state": "pre-added", "who": ["user:anne"], "prob": 1}}}}], "relations": [{"classId": "support", "type": "linked", "directed": false, "entities": ["s1p1|e_3|188,419", "s1p1|e_2|0,185"], "confidence": {"state": "pre-added", "who": ["user:anne"], "prob": 1}}, {"classId": "support", "type": "linked", "directed": false, "entities": ["s1p2|e_3|293,409", "s1p2|e_2|139,291"], "confidence": {"state": "pre-added", "who": ["user:anne"], "prob": 1}}, {"classId": "support", "type": "linked", "directed": false, "entities": ["s1p3|e_3|78,397", "s1p3|e_2|0,76"], "confidence": {"state": "pre-added", "who": ["user:anne"], "prob": 1}}, {"classId": "support", "type": "linked", "directed": false, "entities": ["s1p3|e_3|832,930", "s1p3|e_2|727,829"], "confidence": {"state": "pre-added", "who": ["user:anne"], "prob": 1}}, {"classId": "r_7", "type": "linked", "directed": false, "entities": ["s1p2|e_3|411,501", "s1p2|e_3|293,409"], "confidence": {"state": "pre-added", "who": ["user:anne"], "prob": 1}}, {"classId": "r_7", "type": "linked", "directed": false, "entities": ["s1p3|e_3|399,547", "s1p3|e_3|78,397"], "confidence": {"state": "pre-added", "who": ["user:anne"], "prob": 1}}]}