{"annotatable": {"parts": ["s1p1", "s1p2", "s1p3", "s1p4"]}, "anncomplete": true, "sources": [], "strength_pitch": {"value": "3", "confidence": {"state": "pre-added", "who": ["user:anne"], "prob": 1}}, "entities": [{"classId": "major_claim", "part": "s1p1", "offsets": [{"start": 0, "text": "Das Businessmodell beschreibt die Erbringung eines Services zur Planung, Buchung und Organisation einer Reise f\u00fcr Privatpersonen wie auch Gesch\u00e4ftsreisende."}], "coordinates": [], "confidence": {"state": "pre-added", "who": ["user:anne"], "prob": 1}, "normalizations": {}, "fields": {"specificity": {"value": "3", "confidence": {"state": "pre-added", "who": ["user:anne"], "prob": 1}}, "evidence": {"value": "3", "confidence": {"state": "pre-added", "who": ["user:anne"], "prob": 1}}}}, {"classId": "claim", "part": "s1p1", "offsets": [{"start": 157, "text": "Der Service beinhaltet eine hochautomatisierte Plattform die verschiedene Tools f\u00fcr Reisende bietet mit denen Sie ihre Reisen einfacher, schneller und stressfreier buchen k\u00f6nnen."}], "coordinates": [], "confidence": {"state": "pre-added", "who": ["user:anne"], "prob": 1}, "normalizations": {}, "fields": {"evidence": {"value": "4", "confidence": {"state": "pre-added", "who": ["user:anne"], "prob": 1}}}}, {"classId": "premise", "part": "s1p1", "offsets": [{"start": 336, "text": "Die Tools erm\u00f6glichen den Nutzern automatisch ihre geplanten Reisen auf ihr vorgesehenes Budget abzustimmen und verhindert so eine aufw\u00e4ndige manuelle Budgeterstellung und Abstimmung von Seiten der User."}], "coordinates": [], "confidence": {"state": "pre-added", "who": ["user:anne"], "prob": 1}, "normalizations": {}, "fields": {"strength_premise": {"value": "3", "confidence": {"state": "pre-added", "who": ["user:anne"], "prob": 1}}, "relevance_premise": {"value": "4", "confidence": {"state": "pre-added", "who": ["user:anne"], "prob": 1}}}}, {"classId": "claim", "part": "s1p1", "offsets": [{"start": 540, "text": "Zudem erm\u00f6glich die Plattform eine sinnvolle automatische Einordnung von Reisedaten in den Zusammenhang mit zentralen Reisedaten. Hierbei gibt die Plattform auch automatisch Vorschl\u00e4ge anhand von den Eckdaten wie die Reise gestaltet werden kann."}], "coordinates": [], "confidence": {"state": "pre-added", "who": ["user:anne"], "prob": 1}, "normalizations": {}, "fields": {"evidence": {"value": "4", "confidence": {"state": "pre-added", "who": ["user:anne"], "prob": 1}}}}, {"classId": "premise", "part": "s1p1", "offsets": [{"start": 786, "text": "Dies kann auch mithilfe von Algorithmen auf den jeweiligen Nutzer personalisiert werden. Eine anschliessende Buchung der Reiseleistungen ist dann direkt auf der Plattform m\u00f6glich."}], "coordinates": [], "confidence": {"state": "pre-added", "who": ["user:anne"], "prob": 1}, "normalizations": {}, "fields": {"strength_premise": {"value": "3", "confidence": {"state": "pre-added", "who": ["user:anne"], "prob": 1}}, "relevance_premise": {"value": "4", "confidence": {"state": "pre-added", "who": ["user:anne"], "prob": 1}}}}, {"classId": "claim", "part": "s1p3", "offsets": [{"start": 0, "text": "Das Businessmodell erzielt Revenue indem es einen \u201ePro\u201c Premium Modus anbietet der sich an Poweruser und Gesch\u00e4ftskunden richtet"}], "coordinates": [], "confidence": {"state": "pre-added", "who": ["user:anne"], "prob": 1}, "normalizations": {}, "fields": {"evidence": {"value": "3", "confidence": {"state": "pre-added", "who": ["user:anne"], "prob": 1}}}}, {"classId": "premise", "part": "s1p3", "offsets": [{"start": 130, "text": "M\u00f6gliche Premium Funktionen sind z.B. eine automatische Integrierung des Reisetools in interne Abrechnungstools wie z.B. Concur von SAP."}], "coordinates": [], "confidence": {"state": "pre-added", "who": ["user:anne"], "prob": 1}, "normalizations": {}, "fields": {"strength_premise": {"value": "3", "confidence": {"state": "pre-added", "who": ["user:anne"], "prob": 1}}, "relevance_premise": {"value": "3", "confidence": {"state": "pre-added", "who": ["user:anne"], "prob": 1}}}}, {"classId": "claim", "part": "s1p3", "offsets": [{"start": 267, "text": "Zudem erm\u00f6glicht dieser Premium Modus fortgeschrittene Analyse M\u00f6glichkeiten und fortgeschrittene Such Werkzeuge f\u00fcr Power User."}], "coordinates": [], "confidence": {"state": "pre-added", "who": ["user:anne"], "prob": 1}, "normalizations": {}, "fields": {"evidence": {"value": "3", "confidence": {"state": "pre-added", "who": ["user:anne"], "prob": 1}}}}, {"classId": "premise", "part": "s1p3", "offsets": [{"start": 396, "text": "Der Service wird in Zusammenarbeit mit einem Reiseservicepartner Netzwerk (z.B. Flugsuchplattformen od. Hotelbuchungsplattformen) erbracht. Hierbei werden im Gegensatz zu anderen Plattformen keine Kommissionen von Reisepartnern verlangt was das Angebot f\u00fcr sie attraktiv macht."}], "coordinates": [], "confidence": {"state": "pre-added", "who": ["user:anne"], "prob": 1}, "normalizations": {}, "fields": {"strength_premise": {"value": "4", "confidence": {"state": "pre-added", "who": ["user:anne"], "prob": 1}}, "relevance_premise": {"value": "4", "confidence": {"state": "pre-added", "who": ["user:anne"], "prob": 1}}}}, {"classId": "claim", "part": "s1p4", "offsets": [{"start": 0, "text": "Die Plattform verhindert so einerseits Fehler, stellt wichtige Information bereit und zeigt dem Nutzer automatisch sinnvolle Zusammenh\u00e4nge und Vorschl\u00e4ge bez\u00fcglich seiner Reise vor."}], "coordinates": [], "confidence": {"state": "pre-added", "who": ["user:anne"], "prob": 1}, "normalizations": {}, "fields": {"evidence": {"value": "4", "confidence": {"state": "pre-added", "who": ["user:anne"], "prob": 1}}}}, {"classId": "premise", "part": "s1p4", "offsets": [{"start": 182, "text": "Dies erm\u00f6glicht es den Nutzern stressfrei, informiert und einfach Reisen zu buchen, aktuelle Reisen zu managen und Daten zu vergangenen Reisen zu organisieren. Kurzum der Service erlaubt den Nutzern wieder Kontrolle \u00fcber ihre Reisen zu gewinnen ohne viel Aufwand zu investieren. Es nimmt den komplizierten Teil der Recherche, Koordination und Organisation ab und erlaubt den Nutzern sich auf das Wesentliche zu konzentrieren: das Reisen."}], "coordinates": [], "confidence": {"state": "pre-added", "who": ["user:anne"], "prob": 1}, "normalizations": {}, "fields": {"strength_premise": {"value": "4", "confidence": {"state": "pre-added", "who": ["user:anne"], "prob": 1}}, "relevance_premise": {"value": "4", "confidence": {"state": "pre-added", "who": ["user:anne"], "prob": 1}}}}], "relations": [{"classId": "support", "type": "linked", "directed": false, "entities": ["s1p1|e_3|336,538", "s1p1|e_2|157,334"], "confidence": {"state": "pre-added", "who": ["user:anne"], "prob": 1}}, {"classId": "support", "type": "linked", "directed": false, "entities": ["s1p1|e_3|786,964", "s1p1|e_2|540,784"], "confidence": {"state": "pre-added", "who": ["user:anne"], "prob": 1}}, {"classId": "support", "type": "linked", "directed": false, "entities": ["s1p3|e_3|130,265", "s1p3|e_2|0,127"], "confidence": {"state": "pre-added", "who": ["user:anne"], "prob": 1}}, {"classId": "support", "type": "linked", "directed": false, "entities": ["s1p3|e_3|396,672", "s1p3|e_2|267,394"], "confidence": {"state": "pre-added", "who": ["user:anne"], "prob": 1}}, {"classId": "support", "type": "linked", "directed": false, "entities": ["s1p4|e_3|182,618", "s1p4|e_2|0,180"], "confidence": {"state": "pre-added", "who": ["user:anne"], "prob": 1}}]}