{"annotatable": {"parts": ["s1p1", "s1p2", "s1p3", "s1p4", "s1p5", "s1p6"]}, "anncomplete": true, "sources": [], "strength_pitch": {"value": "4", "confidence": {"state": "pre-added", "who": ["user:anne"], "prob": 1}}, "entities": [{"classId": "claim", "part": "s1p3", "offsets": [{"start": 0, "text": "Zuhause k\u00f6nnen sie Fragen zum Event oder zur Pers\u00f6nlichkeit (falls einfach ein neuer Kleidungsstil gefragt ist) beantworten und ihre Kleidungsst\u00fccke scannen."}], "coordinates": [], "confidence": {"state": "pre-added", "who": ["user:anne"], "prob": 1}, "normalizations": {}, "fields": {"evidence": {"value": "4", "confidence": {"state": "pre-added", "who": ["user:anne"], "prob": 1}}}}, {"classId": "major_claim", "part": "s1p3", "offsets": [{"start": 158, "text": "Die Beratungsapp \u201eAsk Sara\u201c stellt Outfits (durch AI) f\u00fcr jeden zusammen, die f\u00fcr den User geeignet beziehungsweise auf seine W\u00fcnsche abgestimmt sind."}], "coordinates": [], "confidence": {"state": "pre-added", "who": ["user:anne"], "prob": 1}, "normalizations": {}, "fields": {"specificity": {"value": "4", "confidence": {"state": "pre-added", "who": ["user:anne"], "prob": 1}}, "evidence": {"value": "4", "confidence": {"state": "pre-added", "who": ["user:anne"], "prob": 1}}}}, {"classId": "claim", "part": "s1p4", "offsets": [{"start": 0, "text": "M\u00f6chte man neue Kleidung erwerben, so kann die App helfen im Internet die richtigen Kleidungsst\u00fccke zu finden beziehungsweise diverse Kleidungsst\u00fccke zu einem oder mehreren Outfits bereits zusammenzustellen."}], "coordinates": [], "confidence": {"state": "pre-added", "who": ["user:anne"], "prob": 1}, "normalizations": {}, "fields": {"evidence": {"value": "3", "confidence": {"state": "pre-added", "who": ["user:anne"], "prob": 1}}}}, {"classId": "premise", "part": "s1p4", "offsets": [{"start": 208, "text": "Zuletzt kann der User auch in einen Zara-Store gehen und dort Kleidungen scannen, und ihm werden in der App unterschiedliche Outfits angezeigt, welche er vor Ort anprobieren kann."}], "coordinates": [], "confidence": {"state": "pre-added", "who": ["user:anne"], "prob": 1}, "normalizations": {}, "fields": {"strength_premise": {"value": "4", "confidence": {"state": "pre-added", "who": ["user:anne"], "prob": 1}}, "relevance_premise": {"value": "4", "confidence": {"state": "pre-added", "who": ["user:anne"], "prob": 1}}}}, {"classId": "claim", "part": "s1p4", "offsets": [{"start": 388, "text": "Der User soll nach einem Einkauf/Event ein Feedback \u00fcber die Qualit\u00e4t der Beratung abgeben"}], "coordinates": [], "confidence": {"state": "pre-added", "who": ["user:anne"], "prob": 1}, "normalizations": {}, "fields": {"evidence": {"value": "3", "confidence": {"state": "pre-added", "who": ["user:anne"], "prob": 1}}}}, {"classId": "premise", "part": "s1p4", "offsets": [{"start": 479, "text": "um diese fortlaufend zu verbessern, aber auch um den Kunden auf der Plattform zu behalten."}], "coordinates": [], "confidence": {"state": "pre-added", "who": ["user:anne"], "prob": 1}, "normalizations": {}, "fields": {"strength_premise": {"value": "3", "confidence": {"state": "pre-added", "who": ["user:anne"], "prob": 1}}, "relevance_premise": {"value": "3", "confidence": {"state": "pre-added", "who": ["user:anne"], "prob": 1}}}}, {"classId": "claim", "part": "s1p5", "offsets": [{"start": 0, "text": "Das Ziel dabei ist es, den Usern die Kleidungssuche zu vereinfachen,"}], "coordinates": [], "confidence": {"state": "pre-added", "who": ["user:anne"], "prob": 1}, "normalizations": {}, "fields": {"evidence": {"value": "4", "confidence": {"state": "pre-added", "who": ["user:anne"], "prob": 1}}}}, {"classId": "premise", "part": "s1p5", "offsets": [{"start": 69, "text": "damit diese die richtige Kleidung f\u00fcr bestimmte Anl\u00e4sse finden, den Usern neue Kleidungsstile n\u00e4herzubringen, den Usern die M\u00f6glichkeit aufzuzeigen ihre Kleider neu zu kombinieren und den Usern die M\u00f6glichkeit zu geben sich nach Aussen neu zu pr\u00e4sentieren."}], "coordinates": [], "confidence": {"state": "pre-added", "who": ["user:anne"], "prob": 1}, "normalizations": {}, "fields": {"strength_premise": {"value": "4", "confidence": {"state": "pre-added", "who": ["user:anne"], "prob": 1}}, "relevance_premise": {"value": "3", "confidence": {"state": "pre-added", "who": ["user:anne"], "prob": 1}}}}], "relations": [{"classId": "support", "type": "linked", "directed": false, "entities": ["s1p4|e_3|479,568", "s1p4|e_2|388,477"], "confidence": {"state": "pre-added", "who": ["user:anne"], "prob": 1}}, {"classId": "support", "type": "linked", "directed": false, "entities": ["s1p5|e_3|69,324", "s1p5|e_2|0,67"], "confidence": {"state": "pre-added", "who": ["user:anne"], "prob": 1}}]}