{"annotatable": {"parts": ["s1p1", "s1p2", "s1p3"]}, "anncomplete": true, "sources": [], "strength_pitch": {"value": "3", "confidence": {"state": "pre-added", "who": ["user:anne"], "prob": 1}}, "entities": [{"classId": "claim", "part": "s1p1", "offsets": [{"start": 0, "text": "Weltenbummler (Schweizer machen 3,2 Reisen ins Ausland pro Jahr) und Gesch\u00e4ftsreisende aus der Schweiz k\u00f6nnen \u00fcber die App 24 Stunden am Tag mit einem Schweizer Arzt sprechen"}], "coordinates": [], "confidence": {"state": "pre-added", "who": ["user:anne"], "prob": 1}, "normalizations": {}, "fields": {"evidence": {"value": "4", "confidence": {"state": "pre-added", "who": ["user:anne"], "prob": 1}}}}, {"classId": "premise", "part": "s1p1", "offsets": [{"start": 176, "text": "Bei nicht akuten Krankheiten, d.h. welche die nicht zeitkritisch sind wie z.B. Ausschlag oder Husten, jedoch den Auslandsaufenthalt unangenehmer machen, kann schnell und einfach geholfen werden und die Qualit\u00e4t der Schweizer Gesundheitsversorgung gew\u00e4hrleistet werden und das ganz einfach \u00fcber die Schweizer Krankenkasse abgedeckt werden."}], "coordinates": [], "confidence": {"state": "pre-added", "who": ["user:anne"], "prob": 1}, "normalizations": {}, "fields": {"strength_premise": {"value": "4", "confidence": {"state": "pre-added", "who": ["user:anne"], "prob": 1}}, "relevance_premise": {"value": "4", "confidence": {"state": "pre-added", "who": ["user:anne"], "prob": 1}}}}, {"classId": "claim", "part": "s1p1", "offsets": [{"start": 515, "text": "Wenn der Schweizer Arzt doch der Meinung ist, dass eine pers\u00f6nlich Untersuchung im Ausland notwendig ist, kann der Kunde einfach \u00fcber die App, \u00c4rzte in seiner Umgebung nach Sprache, \u00d6ffnungszeiten und Kundenbewertung filtern"}], "coordinates": [], "confidence": {"state": "pre-added", "who": ["user:anne"], "prob": 1}, "normalizations": {}, "fields": {"evidence": {"value": "3", "confidence": {"state": "pre-added", "who": ["user:anne"], "prob": 1}}}}, {"classId": "premise", "part": "s1p1", "offsets": [{"start": 741, "text": "\u00dcber eine Kommentarfunktion kann sich der Kunde auch direkt mit anderen Kunden, die sich bereits in dem Land behandeln lassen haben, \u00fcber Erfahrungen austauschen."}], "coordinates": [], "confidence": {"state": "pre-added", "who": ["user:anne"], "prob": 1}, "normalizations": {}, "fields": {"strength_premise": {"value": "3", "confidence": {"state": "pre-added", "who": ["user:anne"], "prob": 1}}, "relevance_premise": {"value": "3", "confidence": {"state": "pre-added", "who": ["user:anne"], "prob": 1}}}}, {"classId": "claim", "part": "s1p2", "offsets": [{"start": 0, "text": "Schweizer Arzte k\u00f6nnen mittels der App Leerzeiten w\u00e4hrend ihrer Sprechstunden f\u00fcllen und zus\u00e4tzliches Geld verdienen."}], "coordinates": [], "confidence": {"state": "pre-added", "who": ["user:anne"], "prob": 1}, "normalizations": {}, "fields": {"evidence": {"value": "4", "confidence": {"state": "pre-added", "who": ["user:anne"], "prob": 1}}}}, {"classId": "premise", "part": "s1p2", "offsets": [{"start": 118, "text": "Bei Nachtschichten verdienen die \u00c4rzte zus\u00e4tzliches Geld. Dar\u00fcber hinaus werden finanzielle Anreize gesetzt, damit \u00c4rzte mehr Behandlungen auf der App durchf\u00fchren."}], "coordinates": [], "confidence": {"state": "pre-added", "who": ["user:anne"], "prob": 1}, "normalizations": {}, "fields": {"strength_premise": {"value": "3", "confidence": {"state": "pre-added", "who": ["user:anne"], "prob": 1}}, "relevance_premise": {"value": "3", "confidence": {"state": "pre-added", "who": ["user:anne"], "prob": 1}}}}, {"classId": "claim", "part": "s1p3", "offsets": [{"start": 0, "text": "Mit dieser L\u00f6sung kann gerade Personen, die gesch\u00e4ftlich oder privat viele Fernreisen machen und nicht viel Zeit im Ausland mit Arztbesuchen verbringen wollen, geholfen werden, auch im Ausland effizient und kompetent von einem Schweizer Arzt untersucht zu werden."}], "coordinates": [], "confidence": {"state": "pre-added", "who": ["user:anne"], "prob": 1}, "normalizations": {}, "fields": {"evidence": {"value": "4", "confidence": {"state": "pre-added", "who": ["user:anne"], "prob": 1}}}}, {"classId": "premise", "part": "s1p3", "offsets": [{"start": 264, "text": "Damit werden die Nutzer der App bald m\u00f6glichst wieder gesund und k\u00f6nnen den Auslandsaufenthalt bestm\u00f6glich nutzen."}], "coordinates": [], "confidence": {"state": "pre-added", "who": ["user:anne"], "prob": 1}, "normalizations": {}, "fields": {}}], "relations": [{"classId": "support", "type": "linked", "directed": false, "entities": ["s1p1|e_3|176,513", "s1p1|e_2|0,173"], "confidence": {"state": "pre-added", "who": ["user:anne"], "prob": 1}}, {"classId": "support", "type": "linked", "directed": false, "entities": ["s1p1|e_3|741,902", "s1p1|e_2|515,738"], "confidence": {"state": "pre-added", "who": ["user:anne"], "prob": 1}}, {"classId": "support", "type": "linked", "directed": false, "entities": ["s1p2|e_3|118,280", "s1p2|e_2|0,116"], "confidence": {"state": "pre-added", "who": ["user:anne"], "prob": 1}}, {"classId": "support", "type": "linked", "directed": false, "entities": ["s1p3|e_3|264,377", "s1p3|e_2|0,262"], "confidence": {"state": "pre-added", "who": ["user:anne"], "prob": 1}}]}