{"annotatable": {"parts": ["s1p1", "s1p2", "s1p3", "s1p4", "s1p5"]}, "anncomplete": true, "sources": [], "strength_pitch": {"value": "4", "confidence": {"state": "pre-added", "who": ["user:anne"], "prob": 1}}, "entities": [{"classId": "major_claim", "part": "s1p2", "offsets": [{"start": 0, "text": "Flight Companion vereint alle Schritte von der Buchung einer Flugreise bis zum Mieten eines Leihwagens am Zielflughafen in einer einzigen App und unterst\u00fctzt den Nutzer so bei der Organisation vor, w\u00e4hrend und nach seiner Reise mit dem Flugzeug."}], "coordinates": [], "confidence": {"state": "pre-added", "who": ["user:anne"], "prob": 1}, "normalizations": {}, "fields": {"specificity": {"value": "3", "confidence": {"state": "pre-added", "who": ["user:anne"], "prob": 1}}, "evidence": {"value": "4", "confidence": {"state": "pre-added", "who": ["user:anne"], "prob": 1}}}}, {"classId": "claim", "part": "s1p3", "offsets": [{"start": 0, "text": "Als Service aller Flugh\u00e4fen in Europa bietet die App dem User die M\u00f6glichkeit"}], "coordinates": [], "confidence": {"state": "pre-added", "who": ["user:anne"], "prob": 1}, "normalizations": {}, "fields": {"evidence": {"value": "4", "confidence": {"state": "pre-added", "who": ["user:anne"], "prob": 1}}}}, {"classId": "premise", "part": "s1p3", "offsets": [{"start": 79, "text": "sich \u00fcber Airlineangebote zu informieren, diese g\u00fcnstig zu buchen, online einzuchecken, Benachrichtigungen zu Flug\u00e4nderungen und -versp\u00e4tungen zu erhalten und sich vor Ort am Flughafen zu Shops und Restaurants zu informieren."}], "coordinates": [], "confidence": {"state": "pre-added", "who": ["user:anne"], "prob": 1}, "normalizations": {}, "fields": {"strength_premise": {"value": "3", "confidence": {"state": "pre-added", "who": ["user:anne"], "prob": 1}}, "relevance_premise": {"value": "3", "confidence": {"state": "pre-added", "who": ["user:anne"], "prob": 1}}}}, {"classId": "claim", "part": "s1p3", "offsets": [{"start": 305, "text": "Um die Reisevorbereitungen zus\u00e4tzlich zu vereinfachen,"}], "coordinates": [], "confidence": {"state": "pre-added", "who": ["user:anne"], "prob": 1}, "normalizations": {}, "fields": {"evidence": {"value": "3", "confidence": {"state": "pre-added", "who": ["user:anne"], "prob": 1}}}}, {"classId": "premise", "part": "s1p3", "offsets": [{"start": 360, "text": "l\u00e4sst sich Flight Companion dank wertvoller Partnerschaften \u00fcber Schnittstellen mit zahlreichen weiteren Services verbinden, um beispielsweise in Sekundenschnelle Daten aus Apps zur Buchung \u00f6ffentlicher Verkehrsmittel oder Taxis in Flight Companion zu integrieren."}], "coordinates": [], "confidence": {"state": "pre-added", "who": ["user:anne"], "prob": 1}, "normalizations": {}, "fields": {"strength_premise": {"value": "3", "confidence": {"state": "pre-added", "who": ["user:anne"], "prob": 1}}, "relevance_premise": {"value": "4", "confidence": {"state": "pre-added", "who": ["user:anne"], "prob": 1}}}}, {"classId": "claim", "part": "s1p3", "offsets": [{"start": 625, "text": "Auch w\u00e4hrend des Flugs k\u00f6nnen sich Nutzer \u00fcber die App bequem ins Flugzeug-Wlan einloggen oder Men\u00fcs bestellen"}], "coordinates": [], "confidence": {"state": "pre-added", "who": ["user:anne"], "prob": 1}, "normalizations": {}, "fields": {"evidence": {"value": "4", "confidence": {"state": "pre-added", "who": ["user:anne"], "prob": 1}}}}, {"classId": "premise", "part": "s1p3", "offsets": [{"start": 738, "text": "vorausgesetzt, der Service wird angeboten."}], "coordinates": [], "confidence": {"state": "pre-added", "who": ["user:anne"], "prob": 1}, "normalizations": {}, "fields": {"strength_premise": {"value": "3", "confidence": {"state": "pre-added", "who": ["user:anne"], "prob": 1}}, "relevance_premise": {"value": "3", "confidence": {"state": "pre-added", "who": ["user:anne"], "prob": 1}}}}, {"classId": "claim", "part": "s1p3", "offsets": [{"start": 781, "text": "Flight Companion vereint somit alle Schritte einer Flugreise in einer App und l\u00e4sst sich m\u00fchelos durch zus\u00e4tzlichen Apps und Funktionen erweitern."}], "coordinates": [], "confidence": {"state": "pre-added", "who": ["user:anne"], "prob": 1}, "normalizations": {}, "fields": {"evidence": {"value": "4", "confidence": {"state": "pre-added", "who": ["user:anne"], "prob": 1}}}}, {"classId": "premise", "part": "s1p3", "offsets": [{"start": 928, "text": "Vielflieger k\u00f6nnen sich zudem durch Angabe der Zeitzonen einen individuellen Schlafplan entwickeln lassen, um Jetlag vorzubeugen und haben durch das einmalige Pr\u00e4mienprogramm von Flight Companion Zugang zu Fastlanes an Flugh\u00e4fen oder die M\u00f6glichkeit, Pr\u00e4mienpunkte f\u00fcr Fl\u00fcge oder weitere Angebote einzul\u00f6sen."}], "coordinates": [], "confidence": {"state": "pre-added", "who": ["user:anne"], "prob": 1}, "normalizations": {}, "fields": {"strength_premise": {"value": "3", "confidence": {"state": "pre-added", "who": ["user:anne"], "prob": 1}}, "relevance_premise": {"value": "3", "confidence": {"state": "pre-added", "who": ["user:anne"], "prob": 1}}}}, {"classId": "claim", "part": "s1p4", "offsets": [{"start": 0, "text": "Flugh\u00e4fen und Airlines bieten ihren Kunden somit eine einmalige und reibungslose User Experience und steigern die Kundenzufriedenheit."}], "coordinates": [], "confidence": {"state": "pre-added", "who": ["user:anne"], "prob": 1}, "normalizations": {}, "fields": {"evidence": {"value": "3", "confidence": {"state": "pre-added", "who": ["user:anne"], "prob": 1}}}}, {"classId": "premise", "part": "s1p4", "offsets": [{"start": 135, "text": "Flight Companion dient dabei nicht nur f\u00fcr Flugh\u00e4fen, sondern auch f\u00fcr weitere Partner als zus\u00e4tzliche Einnahmequelle, w\u00e4hrend die App selbst von einer Provision f\u00fcr jede erfolgreich vermittelte Buchung profitiert."}], "coordinates": [], "confidence": {"state": "pre-added", "who": ["user:anne"], "prob": 1}, "normalizations": {}, "fields": {"strength_premise": {"value": "3", "confidence": {"state": "pre-added", "who": ["user:anne"], "prob": 1}}, "relevance_premise": {"value": "3", "confidence": {"state": "pre-added", "who": ["user:anne"], "prob": 1}}}}], "relations": [{"classId": "support", "type": "linked", "directed": false, "entities": ["s1p3|e_3|79,303", "s1p3|e_2|0,76"], "confidence": {"state": "pre-added", "who": ["user:anne"], "prob": 1}}, {"classId": "support", "type": "linked", "directed": false, "entities": ["s1p3|e_3|360,623", "s1p3|e_2|305,358"], "confidence": {"state": "pre-added", "who": ["user:anne"], "prob": 1}}, {"classId": "support", "type": "linked", "directed": false, "entities": ["s1p3|e_2|625,734", "s1p3|e_3|738,779"], "confidence": {"state": "pre-added", "who": ["user:anne"], "prob": 1}}, {"classId": "support", "type": "linked", "directed": false, "entities": ["s1p3|e_3|928,1235", "s1p3|e_2|781,926"], "confidence": {"state": "pre-added", "who": ["user:anne"], "prob": 1}}, {"classId": "support", "type": "linked", "directed": false, "entities": ["s1p4|e_3|135,348", "s1p4|e_2|0,133"], "confidence": {"state": "pre-added", "who": ["user:anne"], "prob": 1}}]}