{"annotatable": {"parts": ["s1p1"]}, "anncomplete": true, "sources": [], "strength_pitch": {"value": "4", "confidence": {"state": "pre-added", "who": ["user:anne"], "prob": 1}}, "entities": [{"classId": "major_claim", "part": "s1p1", "offsets": [{"start": 226, "text": "Um diese Faktoren im online Verkauf einfliessen zu lassen, bietet die Invinoveritas Plattform die M\u00f6glichkeit, Weine zu raten sowie sich von Ratings anderer inspirieren zu lassen."}], "coordinates": [], "confidence": {"state": "pre-added", "who": ["user:anne"], "prob": 1}, "normalizations": {}, "fields": {"specificity": {"value": "4", "confidence": {"state": "pre-added", "who": ["user:anne"], "prob": 1}}, "evidence": {"value": "3", "confidence": {"state": "pre-added", "who": ["user:anne"], "prob": 1}}}}, {"classId": "claim", "part": "s1p1", "offsets": [{"start": 406, "text": "Auf diese Weise soll eine Community an Weinliebhabern aufgebaut werden,"}], "coordinates": [], "confidence": {"state": "pre-added", "who": ["user:anne"], "prob": 1}, "normalizations": {}, "fields": {"evidence": {"value": "4", "confidence": {"state": "pre-added", "who": ["user:anne"], "prob": 1}}}}, {"classId": "premise", "part": "s1p1", "offsets": [{"start": 478, "text": "welche untereinander ihre Lieblingsweine teilen und die Favoriten anderer geniessen. Ausserdem kann man seine individuellen Pr\u00e4ferenzen angeben und die Angebote aufgrund dessen sortieren."}], "coordinates": [], "confidence": {"state": "pre-added", "who": ["user:anne"], "prob": 1}, "normalizations": {}, "fields": {"strength_premise": {"value": "3", "confidence": {"state": "pre-added", "who": ["user:anne"], "prob": 1}}, "relevance_premise": {"value": "4", "confidence": {"state": "pre-added", "who": ["user:anne"], "prob": 1}}}}, {"classId": "claim", "part": "s1p1", "offsets": [{"start": 666, "text": "Die flexible und kostenlose Lieferung dank Partnerschaften mit Logistikunternehmen erlaubt es, seine Bestellungen bequem nach Hause geliefert zu bekommen."}], "coordinates": [], "confidence": {"state": "pre-added", "who": ["user:anne"], "prob": 1}, "normalizations": {}, "fields": {"evidence": {"value": "4", "confidence": {"state": "pre-added", "who": ["user:anne"], "prob": 1}}}}, {"classId": "premise", "part": "s1p1", "offsets": [{"start": 821, "text": "Sollte man mit einem Produkt nicht zufrieden sein so ist ein Umtausch kostenlos m\u00f6glich."}], "coordinates": [], "confidence": {"state": "pre-added", "who": ["user:anne"], "prob": 1}, "normalizations": {}, "fields": {"strength_premise": {"value": "3", "confidence": {"state": "pre-added", "who": ["user:anne"], "prob": 1}}, "relevance_premise": {"value": "3", "confidence": {"state": "pre-added", "who": ["user:anne"], "prob": 1}}}}, {"classId": "claim", "part": "s1p1", "offsets": [{"start": 910, "text": "Die Plattform generiert ihren Umsatz dank der Weinanbieter,"}], "coordinates": [], "confidence": {"state": "pre-added", "who": ["user:anne"], "prob": 1}, "normalizations": {}, "fields": {"evidence": {"value": "3", "confidence": {"state": "pre-added", "who": ["user:anne"], "prob": 1}}}}, {"classId": "premise", "part": "s1p1", "offsets": [{"start": 970, "text": "welche eine monatliche Abonnementgeb\u00fchr bezahlen, um ihre Weine auf der Plattform anzupreisen."}], "coordinates": [], "confidence": {"state": "pre-added", "who": ["user:anne"], "prob": 1}, "normalizations": {}, "fields": {"strength_premise": {"value": "3", "confidence": {"state": "pre-added", "who": ["user:anne"], "prob": 1}}, "relevance_premise": {"value": "4", "confidence": {"state": "pre-added", "who": ["user:anne"], "prob": 1}}}}, {"classId": "claim", "part": "s1p1", "offsets": [{"start": 1065, "text": "Ausserdem h\u00e4lt Invinoveritas bei jedem abgeschlossenen Kauf einen Teil als Marge."}], "coordinates": [], "confidence": {"state": "pre-added", "who": ["user:anne"], "prob": 1}, "normalizations": {}, "fields": {"evidence": {"value": "3", "confidence": {"state": "pre-added", "who": ["user:anne"], "prob": 1}}}}, {"classId": "premise", "part": "s1p1", "offsets": [{"start": 1147, "text": "Derzeit gibt es diverse Apps oder Plattformen, welche Ratings von Weinen erlauben."}], "coordinates": [], "confidence": {"state": "pre-added", "who": ["user:anne"], "prob": 1}, "normalizations": {}, "fields": {"strength_premise": {"value": "3", "confidence": {"state": "pre-added", "who": ["user:anne"], "prob": 1}}, "relevance_premise": {"value": "3", "confidence": {"state": "pre-added", "who": ["user:anne"], "prob": 1}}}}, {"classId": "claim", "part": "s1p1", "offsets": [{"start": 1230, "text": "Jedoch m\u00fcssen Kunden, nachdem sie ihre Inspiration mittels Apps gefunden haben, den Wein m\u00fchsam im Detailhandel erwerben."}], "coordinates": [], "confidence": {"state": "pre-added", "who": ["user:anne"], "prob": 1}, "normalizations": {}, "fields": {"evidence": {"value": "4", "confidence": {"state": "pre-added", "who": ["user:anne"], "prob": 1}}}}, {"classId": "premise", "part": "s1p1", "offsets": [{"start": 1352, "text": "Winzerinnen und Winzer haben derzeit noch die M\u00f6glichkeit, ihre Weine an Weinausstellungen anzupreisen"}], "coordinates": [], "confidence": {"state": "pre-added", "who": ["user:anne"], "prob": 1}, "normalizations": {}, "fields": {"strength_premise": {"value": "3", "confidence": {"state": "pre-added", "who": ["user:anne"], "prob": 1}}, "relevance_premise": {"value": "4", "confidence": {"state": "pre-added", "who": ["user:anne"], "prob": 1}}}}, {"classId": "claim", "part": "s1p1", "offsets": [{"start": 1456, "text": "Auf Grund der eher tiefen Rentabilit\u00e4t und dem doch verh\u00e4ltnism\u00e4ssig hohen Aufwand dieser Ausstellungen f\u00fcr Aussteller sowie Organisatoren k\u00f6nnte dieser direkte Kanal zu den Kunden k\u00fcnftig jedoch verschwinden."}], "coordinates": [], "confidence": {"state": "pre-added", "who": ["user:anne"], "prob": 1}, "normalizations": {}, "fields": {"evidence": {"value": "4", "confidence": {"state": "pre-added", "who": ["user:anne"], "prob": 1}}}}, {"classId": "premise", "part": "s1p1", "offsets": [{"start": 1666, "text": "Dank Invinoveritas kann das Netzwerk zwischen Weinh\u00e4ndlern und \u2013Kunden auch k\u00fcnftig weiter aufrecht erhalten werden."}], "coordinates": [], "confidence": {"state": "pre-added", "who": ["user:anne"], "prob": 1}, "normalizations": {}, "fields": {"strength_premise": {"value": "3", "confidence": {"state": "pre-added", "who": ["user:anne"], "prob": 1}}, "relevance_premise": {"value": "3", "confidence": {"state": "pre-added", "who": ["user:anne"], "prob": 1}}}}], "relations": [{"classId": "support", "type": "linked", "directed": false, "entities": ["s1p1|e_3|478,664", "s1p1|e_2|406,476"], "confidence": {"state": "pre-added", "who": ["user:anne"], "prob": 1}}, {"classId": "support", "type": "linked", "directed": false, "entities": ["s1p1|e_3|821,908", "s1p1|e_2|666,819"], "confidence": {"state": "pre-added", "who": ["user:anne"], "prob": 1}}, {"classId": "support", "type": "linked", "directed": false, "entities": ["s1p1|e_3|970,1063", "s1p1|e_2|910,968"], "confidence": {"state": "pre-added", "who": ["user:anne"], "prob": 1}}, {"classId": "support", "type": "linked", "directed": false, "entities": ["s1p1|e_3|1147,1228", "s1p1|e_2|1065,1145"], "confidence": {"state": "pre-added", "who": ["user:anne"], "prob": 1}}, {"classId": "support", "type": "linked", "directed": false, "entities": ["s1p1|e_3|1352,1453", "s1p1|e_2|1230,1350"], "confidence": {"state": "pre-added", "who": ["user:anne"], "prob": 1}}, {"classId": "support", "type": "linked", "directed": false, "entities": ["s1p1|e_3|1666,1781", "s1p1|e_2|1456,1664"], "confidence": {"state": "pre-added", "who": ["user:anne"], "prob": 1}}]}