{"annotatable": {"parts": ["s1p1"]}, "anncomplete": true, "sources": [], "strength_pitch": {"value": "4", "confidence": {"state": "pre-added", "who": ["user:anne"], "prob": 1}}, "entities": [{"classId": "major_claim", "part": "s1p1", "offsets": [{"start": 0, "text": "Eine Plattform-L\u00f6sung \u201eGYM4U\u201c f\u00fcr alle Fitnessstudionutzer, die ihre Fitnessstudiobesuche besser in den stressigen Alltag integrieren wollen."}], "coordinates": [], "confidence": {"state": "pre-added", "who": ["user:anne"], "prob": 1}, "normalizations": {}, "fields": {"specificity": {"value": "4", "confidence": {"state": "pre-added", "who": ["user:anne"], "prob": 1}}, "evidence": {"value": "4", "confidence": {"state": "pre-added", "who": ["user:anne"], "prob": 1}}}}, {"classId": "claim", "part": "s1p1", "offsets": [{"start": 142, "text": "Die Plattform erm\u00f6glicht die Auswahl eines Fitnessstudios f\u00fcr individuelle Trainingseinheiten und auch Gruppenkurse und l\u00f6st sich somit von einem fixen Abonnement in einem einzelnen Fitnessstudio."}], "coordinates": [], "confidence": {"state": "pre-added", "who": ["user:anne"], "prob": 1}, "normalizations": {}, "fields": {"evidence": {"value": "4", "confidence": {"state": "pre-added", "who": ["user:anne"], "prob": 1}}}}, {"classId": "premise", "part": "s1p1", "offsets": [{"start": 339, "text": "Zudem kann durch einen Bestell- und Lieferservice von gew\u00fcnschter Ausr\u00fcstung, die ben\u00f6tigt wird, die Spontanit\u00e4t von Sporteinheiten erh\u00f6ht werden, da keine grosse vorausgehende Planung ben\u00f6tigt wird"}], "coordinates": [], "confidence": {"state": "pre-added", "who": ["user:anne"], "prob": 1}, "normalizations": {}, "fields": {"strength_premise": {"value": "3", "confidence": {"state": "pre-added", "who": ["user:anne"], "prob": 1}}, "relevance_premise": {"value": "4", "confidence": {"state": "pre-added", "who": ["user:anne"], "prob": 1}}}}, {"classId": "claim", "part": "s1p1", "offsets": [{"start": 539, "text": "Mit einer kurzen Vorlaufzeit von mind. 2h bei Buchung von Ausr\u00fcstung,"}], "coordinates": [], "confidence": {"state": "pre-added", "who": ["user:anne"], "prob": 1}, "normalizations": {}, "fields": {"evidence": {"value": "4", "confidence": {"state": "pre-added", "who": ["user:anne"], "prob": 1}}}}, {"classId": "premise", "part": "s1p1", "offsets": [{"start": 609, "text": "kann durch einen schnellen Logistikservice die Ausr\u00fcstung rechtzeitig in das teilnehmende Gym geliefert werden. Des Weiteren kann durch das Zur\u00fcckgeben der Ausr\u00fcstung nach dem Training den Nutzern der l\u00e4stige Waschvorgang der Kleidung abgenommen werden."}], "coordinates": [], "confidence": {"state": "pre-added", "who": ["user:anne"], "prob": 1}, "normalizations": {}, "fields": {"strength_premise": {"value": "3", "confidence": {"state": "pre-added", "who": ["user:anne"], "prob": 1}}, "relevance_premise": {"value": "3", "confidence": {"state": "pre-added", "who": ["user:anne"], "prob": 1}}}}, {"classId": "claim", "part": "s1p1", "offsets": [{"start": 863, "text": "\u00dcber ein Bewertungsschema wird schlussendlich die eigene Erfahrung bewertet und anderen Nutzern zur optimierten Auswahl bereitgestellt."}], "coordinates": [], "confidence": {"state": "pre-added", "who": ["user:anne"], "prob": 1}, "normalizations": {}, "fields": {"evidence": {"value": "3", "confidence": {"state": "pre-added", "who": ["user:anne"], "prob": 1}}}}, {"classId": "premise", "part": "s1p1", "offsets": [{"start": 999, "text": "M\u00f6glich gemacht wird die Plattform-L\u00f6sung \u00fcber eine Kooperation mit Fitnessstudios, die Nutzern individualisierte Tageseintritte erm\u00f6glichen."}], "coordinates": [], "confidence": {"state": "pre-added", "who": ["user:anne"], "prob": 1}, "normalizations": {}, "fields": {"strength_premise": {"value": "3", "confidence": {"state": "pre-added", "who": ["user:anne"], "prob": 1}}, "relevance_premise": {"value": "4", "confidence": {"state": "pre-added", "who": ["user:anne"], "prob": 1}}}}, {"classId": "claim", "part": "s1p1", "offsets": [{"start": 1141, "text": "Die Ausr\u00fcstung wird zu einem fixen Preis angeboten, der ebenfalls die Kosten f\u00fcr Logistik und Waschen abdeckt."}], "coordinates": [], "confidence": {"state": "pre-added", "who": ["user:anne"], "prob": 1}, "normalizations": {}, "fields": {"evidence": {"value": "4", "confidence": {"state": "pre-added", "who": ["user:anne"], "prob": 1}}}}, {"classId": "premise", "part": "s1p1", "offsets": [{"start": 1252, "text": "All das wird \u00fcber eine kompakte, mobile App gesteuert und den Kunden zur Verf\u00fcgung gestellt."}], "coordinates": [], "confidence": {"state": "pre-added", "who": ["user:anne"], "prob": 1}, "normalizations": {}, "fields": {"strength_premise": {"value": "3", "confidence": {"state": "pre-added", "who": ["user:anne"], "prob": 1}}, "relevance_premise": {"value": "3", "confidence": {"state": "pre-added", "who": ["user:anne"], "prob": 1}}}}], "relations": [{"classId": "support", "type": "linked", "directed": false, "entities": ["s1p1|e_3|339,536", "s1p1|e_2|142,337"], "confidence": {"state": "pre-added", "who": ["user:anne"], "prob": 1}}, {"classId": "support", "type": "linked", "directed": false, "entities": ["s1p1|e_3|609,861", "s1p1|e_2|539,607"], "confidence": {"state": "pre-added", "who": ["user:anne"], "prob": 1}}, {"classId": "support", "type": "linked", "directed": false, "entities": ["s1p1|e_3|999,1139", "s1p1|e_2|863,997"], "confidence": {"state": "pre-added", "who": ["user:anne"], "prob": 1}}, {"classId": "support", "type": "linked", "directed": false, "entities": ["s1p1|e_3|1252,1343", "s1p1|e_2|1141,1250"], "confidence": {"state": "pre-added", "who": ["user:anne"], "prob": 1}}]}