{"annotatable": {"parts": ["s1p1", "s1p2", "s1p3", "s1p4"]}, "anncomplete": true, "sources": [], "strength_pitch": {"value": "4", "confidence": {"state": "pre-added", "who": ["user:anne"], "prob": 1}}, "entities": [{"classId": "claim", "part": "s1p1", "offsets": [{"start": 0, "text": "Nachhaltiger Konsum ist in unserer Gesellschaft ein immer wichtiger werdendes Thema."}], "coordinates": [], "confidence": {"state": "pre-added", "who": ["user:anne"], "prob": 1}, "normalizations": {}, "fields": {"evidence": {"value": "4", "confidence": {"state": "pre-added", "who": ["user:anne"], "prob": 1}}}}, {"classId": "premise", "part": "s1p1", "offsets": [{"start": 85, "text": "Dennoch haben vielen Konsumenten das Problem, dass sie nicht wissen welche Produkte die \u00abCO2-Neutralsten\u00bb sind."}], "coordinates": [], "confidence": {"state": "pre-added", "who": ["user:anne"], "prob": 1}, "normalizations": {}, "fields": {"strength_premise": {"value": "3", "confidence": {"state": "pre-added", "who": ["user:anne"], "prob": 1}}, "relevance_premise": {"value": "3", "confidence": {"state": "pre-added", "who": ["user:anne"], "prob": 1}}}}, {"classId": "major_claim", "part": "s1p1", "offsets": [{"start": 197, "text": "An diesem Problem setzt die neue L\u00f6sung \u00abNachhaltiger-Einkauf\u00bb an und stellt dabei die Kundenbed\u00fcrfnisse ins Zentrum."}], "coordinates": [], "confidence": {"state": "pre-added", "who": ["user:anne"], "prob": 1}, "normalizations": {}, "fields": {"specificity": {"value": "4", "confidence": {"state": "pre-added", "who": ["user:anne"], "prob": 1}}, "evidence": {"value": "4", "confidence": {"state": "pre-added", "who": ["user:anne"], "prob": 1}}}}, {"classId": "claim", "part": "s1p1", "offsets": [{"start": 315, "text": "Die L\u00f6sung bietet vollst\u00e4ndige Transparenz \u00fcber Produkte, Tipps f\u00fcr regionale und saisonale K\u00f6stlichkeiten und kreiert Einkaufslisten und abwechslungsreiche Rezepte auf Basis vergangener Kundeneink\u00e4ufe."}], "coordinates": [], "confidence": {"state": "pre-added", "who": ["user:anne"], "prob": 1}, "normalizations": {}, "fields": {"evidence": {"value": "4", "confidence": {"state": "pre-added", "who": ["user:anne"], "prob": 1}}}}, {"classId": "premise", "part": "s1p1", "offsets": [{"start": 518, "text": "Dabei werden Menschen unterst\u00fctzt, die ihren Lebensstil gerne nachhaltig ausrichten wollen."}], "coordinates": [], "confidence": {"state": "pre-added", "who": ["user:anne"], "prob": 1}, "normalizations": {}, "fields": {"strength_premise": {"value": "4", "confidence": {"state": "pre-added", "who": ["user:anne"], "prob": 1}}, "relevance_premise": {"value": "4", "confidence": {"state": "pre-added", "who": ["user:anne"], "prob": 1}}}}, {"classId": "claim", "part": "s1p2", "offsets": [{"start": 0, "text": "Hierzu installiert man sich eine App und scannt beim Einkauf im Laden den Strichcode auf dem Kassenzettel (Alternative: macht ein Foto des Kassenzettels), wobei alle gekauften Produkte direkt auf der Plattform gespeichert werden."}], "coordinates": [], "confidence": {"state": "pre-added", "who": ["user:anne"], "prob": 1}, "normalizations": {}, "fields": {"evidence": {"value": "4", "confidence": {"state": "pre-added", "who": ["user:anne"], "prob": 1}}}}, {"classId": "premise", "part": "s1p2", "offsets": [{"start": 230, "text": "Die Plattform kreiert auf Basis der registrierten Eink\u00e4ufe Rezepte und zuk\u00fcnftige Einkaufslisten. F\u00fcr zuk\u00fcnftige Einkaufslisten werden jedoch nicht nur bisherige Eink\u00e4ufe analysiert, sondern auch nachhaltige Verbesserungsvorschl\u00e4ge integriert."}], "coordinates": [], "confidence": {"state": "pre-added", "who": ["user:anne"], "prob": 1}, "normalizations": {}, "fields": {"strength_premise": {"value": "3", "confidence": {"state": "pre-added", "who": ["user:anne"], "prob": 1}}, "relevance_premise": {"value": "4", "confidence": {"state": "pre-added", "who": ["user:anne"], "prob": 1}}}}, {"classId": "premise", "part": "s1p2", "offsets": [{"start": 474, "text": "Zudem kann man sich st\u00e4ndig \u00fcber saisonale Produkte und empfehlenswerte Markenlabels informieren."}], "coordinates": [], "confidence": {"state": "pre-added", "who": ["user:anne"], "prob": 1}, "normalizations": {}, "fields": {"strength_premise": {"value": "3", "confidence": {"state": "pre-added", "who": ["user:anne"], "prob": 1}}, "relevance_premise": {"value": "3", "confidence": {"state": "pre-added", "who": ["user:anne"], "prob": 1}}}}, {"classId": "claim", "part": "s1p3", "offsets": [{"start": 107, "text": "Es ist eine lukrative Idee f\u00fcr kleinere/mittlere L\u00e4den, denn sie k\u00f6nnen die Plattform nutzen, damit die Kunden \u00fcber ihre Produkte (Marketing) und evtl. auch Aktionen informiert werden und bei ihnen einkaufen."}], "coordinates": [], "confidence": {"state": "pre-added", "who": ["user:anne"], "prob": 1}, "normalizations": {}, "fields": {"evidence": {"value": "4", "confidence": {"state": "pre-added", "who": ["user:anne"], "prob": 1}}}}, {"classId": "premise", "part": "s1p3", "offsets": [{"start": 316, "text": "Zudem haben kleinere L\u00e4den oftmals Produkte, welche nachhaltig erzeugt werden, weshalb der Zielkunde gerne bei ihnen einkaufen geht."}], "coordinates": [], "confidence": {"state": "pre-added", "who": ["user:anne"], "prob": 1}, "normalizations": {}, "fields": {"strength_premise": {"value": "4", "confidence": {"state": "pre-added", "who": ["user:anne"], "prob": 1}}, "relevance_premise": {"value": "4", "confidence": {"state": "pre-added", "who": ["user:anne"], "prob": 1}}}}, {"classId": "premise", "part": "s1p3", "offsets": [{"start": 449, "text": "Der Kunde wird via Plattform auf die Anbieter aufmerksam und es wird ihm bei der generierten Einkaufsliste angezeigt, wo er die notwendigen Zutaten in seiner N\u00e4he einkaufen kann."}], "coordinates": [], "confidence": {"state": "pre-added", "who": ["user:anne"], "prob": 1}, "normalizations": {}, "fields": {"strength_premise": {"value": "3", "confidence": {"state": "pre-added", "who": ["user:anne"], "prob": 1}}, "relevance_premise": {"value": "3", "confidence": {"state": "pre-added", "who": ["user:anne"], "prob": 1}}}}, {"classId": "premise", "part": "s1p3", "offsets": [{"start": 628, "text": "Der Plattformbetreiber verdient einen Prozentbetrag, wenn die L\u00e4den am Plattform-Angebot mitmachen und ihre Produkte aufschalten."}], "coordinates": [], "confidence": {"state": "pre-added", "who": ["user:anne"], "prob": 1}, "normalizations": {}, "fields": {"strength_premise": {"value": "4", "confidence": {"state": "pre-added", "who": ["user:anne"], "prob": 1}}, "relevance_premise": {"value": "4", "confidence": {"state": "pre-added", "who": ["user:anne"], "prob": 1}}}}, {"classId": "claim", "part": "s1p4", "offsets": [{"start": 0, "text": "Wichtige Erfolgsfaktoren der Plattform sind, dass die kritische Masse erreicht wird, dass das App transparent ist und die Kunden dem Anbieter vertrauen."}], "coordinates": [], "confidence": {"state": "pre-added", "who": ["user:anne"], "prob": 1}, "normalizations": {}, "fields": {"evidence": {"value": "4", "confidence": {"state": "pre-added", "who": ["user:anne"], "prob": 1}}}}, {"classId": "premise", "part": "s1p4", "offsets": [{"start": 153, "text": "Ist dies der Fall steht der Idee nichts mehr im Weg und es kann ein nachhaltigeres und ges\u00fcnderes Einkaufsverhalten gef\u00f6rdert werden"}], "coordinates": [], "confidence": {"state": "pre-added", "who": ["user:anne"], "prob": 1}, "normalizations": {}, "fields": {"strength_premise": {"value": "3", "confidence": {"state": "pre-added", "who": ["user:anne"], "prob": 1}}, "relevance_premise": {"value": "3", "confidence": {"state": "pre-added", "who": ["user:anne"], "prob": 1}}}}], "relations": [{"classId": "support", "type": "linked", "directed": false, "entities": ["s1p1|e_3|85,195", "s1p1|e_2|0,83"], "confidence": {"state": "pre-added", "who": ["user:anne"], "prob": 1}}, {"classId": "support", "type": "linked", "directed": false, "entities": ["s1p1|e_3|518,608", "s1p1|e_2|315,516"], "confidence": {"state": "pre-added", "who": ["user:anne"], "prob": 1}}, {"classId": "support", "type": "linked", "directed": false, "entities": ["s1p2|e_3|230,472", "s1p2|e_2|0,228"], "confidence": {"state": "pre-added", "who": ["user:anne"], "prob": 1}}, {"classId": "support", "type": "linked", "directed": false, "entities": ["s1p3|e_3|316,447", "s1p3|e_2|107,314"], "confidence": {"state": "pre-added", "who": ["user:anne"], "prob": 1}}, {"classId": "support", "type": "linked", "directed": false, "entities": ["s1p3|e_3|628,756", "s1p3|e_2|107,314"], "confidence": {"state": "pre-added", "who": ["user:anne"], "prob": 1}}, {"classId": "support", "type": "linked", "directed": false, "entities": ["s1p4|e_3|153,284", "s1p4|e_2|0,151"], "confidence": {"state": "pre-added", "who": ["user:anne"], "prob": 1}}, {"classId": "r_7", "type": "linked", "directed": false, "entities": ["s1p2|e_3|474,570", "s1p2|e_3|230,472"], "confidence": {"state": "pre-added", "who": ["user:anne"], "prob": 1}}, {"classId": "r_7", "type": "linked", "directed": false, "entities": ["s1p3|e_3|449,626", "s1p3|e_3|316,447"], "confidence": {"state": "pre-added", "who": ["user:anne"], "prob": 1}}]}